chipped:acacia_planks_panel	ctm	chipped:block/acacia_planks_panel	minecraft:block/cube_all	chipped:block/acacia_planks/acacia_planks_panel	chipped:block/acacia_planks/ctm/acacia_planks_panel_ctm/0	chipped:block/acacia_planks/ctm/acacia_planks_panel_ctm/3	chipped:block/acacia_planks/ctm/acacia_planks_panel_ctm/1	chipped:block/acacia_planks/ctm/acacia_planks_panel_ctm/2	a6346b9a2ba45d6a3bf4dfe5b35c9ab74907608466a42f2b99422949f06684d3
chipped:arched_black_stained_glass_pane_pillar	pane_pillar	chipped:block/arched_black_stained_glass_pane_pillar	minecraft:block/cube_all	chipped:block/black_stained_glass/arched_black_stained_glass_pillar	chipped:block/black_stained_glass/ctm/arched_black_stained_glass_pillar/0	chipped:block/black_stained_glass/ctm/arched_black_stained_glass_pillar/1	chipped:block/black_stained_glass/ctm/arched_black_stained_glass_pillar/2	chipped:block/black_stained_glass/ctm/arched_black_stained_glass_pillar/3	5692b25467631e8008b441db702f85060a8971e78333aa59ec1fb5fcf59da7da
chipped:arched_black_stained_glass_pillar	limited_pillar	chipped:block/arched_black_stained_glass_pillar	minecraft:block/cube_all	chipped:block/black_stained_glass/arched_black_stained_glass_pillar	chipped:block/black_stained_glass/ctm/arched_black_stained_glass_pillar/0	chipped:block/black_stained_glass/ctm/arched_black_stained_glass_pillar/1	chipped:block/black_stained_glass/ctm/arched_black_stained_glass_pillar/2	chipped:block/black_stained_glass/ctm/arched_black_stained_glass_pillar/3	5692b25467631e8008b441db702f85060a8971e78333aa59ec1fb5fcf59da7da
chipped:arched_blue_stained_glass_pane_pillar	pane_pillar	chipped:block/arched_blue_stained_glass_pane_pillar	minecraft:block/cube_all	chipped:block/blue_stained_glass/arched_blue_stained_glass_pillar	chipped:block/blue_stained_glass/ctm/arched_blue_stained_glass_pillar/0	chipped:block/blue_stained_glass/ctm/arched_blue_stained_glass_pillar/1	chipped:block/blue_stained_glass/ctm/arched_blue_stained_glass_pillar/2	chipped:block/blue_stained_glass/ctm/arched_blue_stained_glass_pillar/3	fe7c855ebe621a3a854bbb95fa1a8745393a108dedb805844b778c2e290517ee
chipped:arched_blue_stained_glass_pillar	limited_pillar	chipped:block/arched_blue_stained_glass_pillar	minecraft:block/cube_all	chipped:block/blue_stained_glass/arched_blue_stained_glass_pillar	chipped:block/blue_stained_glass/ctm/arched_blue_stained_glass_pillar/0	chipped:block/blue_stained_glass/ctm/arched_blue_stained_glass_pillar/1	chipped:block/blue_stained_glass/ctm/arched_blue_stained_glass_pillar/2	chipped:block/blue_stained_glass/ctm/arched_blue_stained_glass_pillar/3	fe7c855ebe621a3a854bbb95fa1a8745393a108dedb805844b778c2e290517ee
chipped:arched_brown_stained_glass_pane_pillar	pane_pillar	chipped:block/arched_brown_stained_glass_pane_pillar	minecraft:block/cube_all	chipped:block/brown_stained_glass/arched_brown_stained_glass_pillar	chipped:block/brown_stained_glass/ctm/arched_brown_stained_glass_pillar/0	chipped:block/brown_stained_glass/ctm/arched_brown_stained_glass_pillar/1	chipped:block/brown_stained_glass/ctm/arched_brown_stained_glass_pillar/2	chipped:block/brown_stained_glass/ctm/arched_brown_stained_glass_pillar/3	9f71c9ed0e89a15bcd4e669e51ddd8c5ca1c073aec841dced657b73e56df2393
chipped:arched_brown_stained_glass_pillar	limited_pillar	chipped:block/arched_brown_stained_glass_pillar	minecraft:block/cube_all	chipped:block/brown_stained_glass/arched_brown_stained_glass_pillar	chipped:block/brown_stained_glass/ctm/arched_brown_stained_glass_pillar/0	chipped:block/brown_stained_glass/ctm/arched_brown_stained_glass_pillar/1	chipped:block/brown_stained_glass/ctm/arched_brown_stained_glass_pillar/2	chipped:block/brown_stained_glass/ctm/arched_brown_stained_glass_pillar/3	9f71c9ed0e89a15bcd4e669e51ddd8c5ca1c073aec841dced657b73e56df2393
chipped:arched_cyan_stained_glass_pane_pillar	pane_pillar	chipped:block/arched_cyan_stained_glass_pane_pillar	minecraft:block/cube_all	chipped:block/cyan_stained_glass/arched_cyan_stained_glass_pillar	chipped:block/cyan_stained_glass/ctm/arched_cyan_stained_glass_pillar/0	chipped:block/cyan_stained_glass/ctm/arched_cyan_stained_glass_pillar/1	chipped:block/cyan_stained_glass/ctm/arched_cyan_stained_glass_pillar/2	chipped:block/cyan_stained_glass/ctm/arched_cyan_stained_glass_pillar/3	c725023672ea74fb02fe3785df056ea2bb0e9066276693021e10ede65bfe6e2c
chipped:arched_cyan_stained_glass_pillar	limited_pillar	chipped:block/arched_cyan_stained_glass_pillar	minecraft:block/cube_all	chipped:block/cyan_stained_glass/arched_cyan_stained_glass_pillar	chipped:block/cyan_stained_glass/ctm/arched_cyan_stained_glass_pillar/0	chipped:block/cyan_stained_glass/ctm/arched_cyan_stained_glass_pillar/1	chipped:block/cyan_stained_glass/ctm/arched_cyan_stained_glass_pillar/2	chipped:block/cyan_stained_glass/ctm/arched_cyan_stained_glass_pillar/3	c725023672ea74fb02fe3785df056ea2bb0e9066276693021e10ede65bfe6e2c
chipped:arched_gray_stained_glass_pane_pillar	pane_pillar	chipped:block/arched_gray_stained_glass_pane_pillar	minecraft:block/cube_all	chipped:block/gray_stained_glass/arched_gray_stained_glass_pillar	chipped:block/gray_stained_glass/ctm/arched_gray_stained_glass_pillar/0	chipped:block/gray_stained_glass/ctm/arched_gray_stained_glass_pillar/1	chipped:block/gray_stained_glass/ctm/arched_gray_stained_glass_pillar/2	chipped:block/gray_stained_glass/ctm/arched_gray_stained_glass_pillar/3	b8306c6c489abd76d0da1d9f6c3334322b635cc24ecc2c50c8704e78cbb57680
chipped:arched_gray_stained_glass_pillar	limited_pillar	chipped:block/arched_gray_stained_glass_pillar	minecraft:block/cube_all	chipped:block/gray_stained_glass/arched_gray_stained_glass_pillar	chipped:block/gray_stained_glass/ctm/arched_gray_stained_glass_pillar/0	chipped:block/gray_stained_glass/ctm/arched_gray_stained_glass_pillar/1	chipped:block/gray_stained_glass/ctm/arched_gray_stained_glass_pillar/2	chipped:block/gray_stained_glass/ctm/arched_gray_stained_glass_pillar/3	b8306c6c489abd76d0da1d9f6c3334322b635cc24ecc2c50c8704e78cbb57680
chipped:arched_green_stained_glass_pane_pillar	pane_pillar	chipped:block/arched_green_stained_glass_pane_pillar	minecraft:block/cube_all	chipped:block/green_stained_glass/arched_green_stained_glass_pillar	chipped:block/green_stained_glass/ctm/arched_green_stained_glass_pillar/0	chipped:block/green_stained_glass/ctm/arched_green_stained_glass_pillar/1	chipped:block/green_stained_glass/ctm/arched_green_stained_glass_pillar/2	chipped:block/green_stained_glass/ctm/arched_green_stained_glass_pillar/3	a7aab4ebae9656efa7c4627e43d1d065a8f9ea4fef680aa8767196cc114bbdb1
chipped:arched_green_stained_glass_pillar	limited_pillar	chipped:block/arched_green_stained_glass_pillar	minecraft:block/cube_all	chipped:block/green_stained_glass/arched_green_stained_glass_pillar	chipped:block/green_stained_glass/ctm/arched_green_stained_glass_pillar/0	chipped:block/green_stained_glass/ctm/arched_green_stained_glass_pillar/1	chipped:block/green_stained_glass/ctm/arched_green_stained_glass_pillar/2	chipped:block/green_stained_glass/ctm/arched_green_stained_glass_pillar/3	a7aab4ebae9656efa7c4627e43d1d065a8f9ea4fef680aa8767196cc114bbdb1
chipped:arched_leaded_glass_pane_pillar	pane_pillar	chipped:block/arched_leaded_glass_pane_pillar	minecraft:block/cube_all	chipped:block/glass/arched_leaded_glass_pillar	chipped:block/glass/ctm/arched_leaded_glass_pillar/0	chipped:block/glass/ctm/arched_leaded_glass_pillar/1	chipped:block/glass/ctm/arched_leaded_glass_pillar/2	chipped:block/glass/ctm/arched_leaded_glass_pillar/3	7391d33444c68e19f8dde3081fcef3e8718da9c92d60313b5b172658820b16cc
chipped:arched_leaded_glass_pillar	limited_pillar	chipped:block/arched_leaded_glass_pillar	minecraft:block/cube_all	chipped:block/glass/arched_leaded_glass_pillar	chipped:block/glass/ctm/arched_leaded_glass_pillar/0	chipped:block/glass/ctm/arched_leaded_glass_pillar/1	chipped:block/glass/ctm/arched_leaded_glass_pillar/2	chipped:block/glass/ctm/arched_leaded_glass_pillar/3	7391d33444c68e19f8dde3081fcef3e8718da9c92d60313b5b172658820b16cc
chipped:arched_light_blue_stained_glass_pane_pillar	pane_pillar	chipped:block/arched_light_blue_stained_glass_pane_pillar	minecraft:block/cube_all	chipped:block/light_blue_stained_glass/arched_light_blue_stained_glass_pillar	chipped:block/light_blue_stained_glass/ctm/arched_light_blue_stained_glass_pillar/0	chipped:block/light_blue_stained_glass/ctm/arched_light_blue_stained_glass_pillar/1	chipped:block/light_blue_stained_glass/ctm/arched_light_blue_stained_glass_pillar/2	chipped:block/light_blue_stained_glass/ctm/arched_light_blue_stained_glass_pillar/3	65216ae7309e7d2e031768198d577b3a00d17643570aaa41eb0e445ab9eb336d
chipped:arched_light_blue_stained_glass_pillar	limited_pillar	chipped:block/arched_light_blue_stained_glass_pillar	minecraft:block/cube_all	chipped:block/light_blue_stained_glass/arched_light_blue_stained_glass_pillar	chipped:block/light_blue_stained_glass/ctm/arched_light_blue_stained_glass_pillar/0	chipped:block/light_blue_stained_glass/ctm/arched_light_blue_stained_glass_pillar/1	chipped:block/light_blue_stained_glass/ctm/arched_light_blue_stained_glass_pillar/2	chipped:block/light_blue_stained_glass/ctm/arched_light_blue_stained_glass_pillar/3	65216ae7309e7d2e031768198d577b3a00d17643570aaa41eb0e445ab9eb336d
chipped:arched_light_gray_stained_glass_pane_pillar	pane_pillar	chipped:block/arched_light_gray_stained_glass_pane_pillar	minecraft:block/cube_all	chipped:block/light_gray_stained_glass/arched_light_gray_stained_glass_pillar	chipped:block/light_gray_stained_glass/ctm/arched_light_gray_stained_glass_pillar/0	chipped:block/light_gray_stained_glass/ctm/arched_light_gray_stained_glass_pillar/1	chipped:block/light_gray_stained_glass/ctm/arched_light_gray_stained_glass_pillar/2	chipped:block/light_gray_stained_glass/ctm/arched_light_gray_stained_glass_pillar/3	e28061d6b4c61733bc7184ac0becc15eee2dbd13d6a0f81aad9496eef661f58c
chipped:arched_light_gray_stained_glass_pillar	limited_pillar	chipped:block/arched_light_gray_stained_glass_pillar	minecraft:block/cube_all	chipped:block/light_gray_stained_glass/arched_light_gray_stained_glass_pillar	chipped:block/light_gray_stained_glass/ctm/arched_light_gray_stained_glass_pillar/0	chipped:block/light_gray_stained_glass/ctm/arched_light_gray_stained_glass_pillar/1	chipped:block/light_gray_stained_glass/ctm/arched_light_gray_stained_glass_pillar/2	chipped:block/light_gray_stained_glass/ctm/arched_light_gray_stained_glass_pillar/3	e28061d6b4c61733bc7184ac0becc15eee2dbd13d6a0f81aad9496eef661f58c
chipped:arched_lime_stained_glass_pane_pillar	pane_pillar	chipped:block/arched_lime_stained_glass_pane_pillar	minecraft:block/cube_all	chipped:block/lime_stained_glass/arched_lime_stained_glass_pillar	chipped:block/lime_stained_glass/ctm/arched_lime_stained_glass_pillar/0	chipped:block/lime_stained_glass/ctm/arched_lime_stained_glass_pillar/1	chipped:block/lime_stained_glass/ctm/arched_lime_stained_glass_pillar/2	chipped:block/lime_stained_glass/ctm/arched_lime_stained_glass_pillar/3	cd839fda620d3e8ac1d629f3755d515abb733dd067d3c6ec1fdb2c89c596e995
chipped:arched_lime_stained_glass_pillar	limited_pillar	chipped:block/arched_lime_stained_glass_pillar	minecraft:block/cube_all	chipped:block/lime_stained_glass/arched_lime_stained_glass_pillar	chipped:block/lime_stained_glass/ctm/arched_lime_stained_glass_pillar/0	chipped:block/lime_stained_glass/ctm/arched_lime_stained_glass_pillar/1	chipped:block/lime_stained_glass/ctm/arched_lime_stained_glass_pillar/2	chipped:block/lime_stained_glass/ctm/arched_lime_stained_glass_pillar/3	cd839fda620d3e8ac1d629f3755d515abb733dd067d3c6ec1fdb2c89c596e995
chipped:arched_magenta_stained_glass_pane_pillar	pane_pillar	chipped:block/arched_magenta_stained_glass_pane_pillar	minecraft:block/cube_all	chipped:block/magenta_stained_glass/arched_magenta_stained_glass_pillar	chipped:block/magenta_stained_glass/ctm/arched_magenta_stained_glass_pillar/0	chipped:block/magenta_stained_glass/ctm/arched_magenta_stained_glass_pillar/1	chipped:block/magenta_stained_glass/ctm/arched_magenta_stained_glass_pillar/2	chipped:block/magenta_stained_glass/ctm/arched_magenta_stained_glass_pillar/3	f86ad1e087b590c57db0c4050b07985688b2eba516672376109d627acb4d5b52
chipped:arched_magenta_stained_glass_pillar	limited_pillar	chipped:block/arched_magenta_stained_glass_pillar	minecraft:block/cube_all	chipped:block/magenta_stained_glass/arched_magenta_stained_glass_pillar	chipped:block/magenta_stained_glass/ctm/arched_magenta_stained_glass_pillar/0	chipped:block/magenta_stained_glass/ctm/arched_magenta_stained_glass_pillar/1	chipped:block/magenta_stained_glass/ctm/arched_magenta_stained_glass_pillar/2	chipped:block/magenta_stained_glass/ctm/arched_magenta_stained_glass_pillar/3	f86ad1e087b590c57db0c4050b07985688b2eba516672376109d627acb4d5b52
chipped:arched_orange_stained_glass_pane_pillar	pane_pillar	chipped:block/arched_orange_stained_glass_pane_pillar	minecraft:block/cube_all	chipped:block/orange_stained_glass/arched_orange_stained_glass_pillar	chipped:block/orange_stained_glass/ctm/arched_orange_stained_glass_pillar/0	chipped:block/orange_stained_glass/ctm/arched_orange_stained_glass_pillar/1	chipped:block/orange_stained_glass/ctm/arched_orange_stained_glass_pillar/2	chipped:block/orange_stained_glass/ctm/arched_orange_stained_glass_pillar/3	f3f09dcda17a8f26b27b2b24bfb30a2d949e5620c17339f8fba5e081adcc643e
chipped:arched_orange_stained_glass_pillar	limited_pillar	chipped:block/arched_orange_stained_glass_pillar	minecraft:block/cube_all	chipped:block/orange_stained_glass/arched_orange_stained_glass_pillar	chipped:block/orange_stained_glass/ctm/arched_orange_stained_glass_pillar/0	chipped:block/orange_stained_glass/ctm/arched_orange_stained_glass_pillar/1	chipped:block/orange_stained_glass/ctm/arched_orange_stained_glass_pillar/2	chipped:block/orange_stained_glass/ctm/arched_orange_stained_glass_pillar/3	f3f09dcda17a8f26b27b2b24bfb30a2d949e5620c17339f8fba5e081adcc643e
chipped:arched_pink_stained_glass_pane_pillar	pane_pillar	chipped:block/arched_pink_stained_glass_pane_pillar	minecraft:block/cube_all	chipped:block/pink_stained_glass/arched_pink_stained_glass_pillar	chipped:block/pink_stained_glass/ctm/arched_pink_stained_glass_pillar/0	chipped:block/pink_stained_glass/ctm/arched_pink_stained_glass_pillar/1	chipped:block/pink_stained_glass/ctm/arched_pink_stained_glass_pillar/2	chipped:block/pink_stained_glass/ctm/arched_pink_stained_glass_pillar/3	ab9adb7c3f826cab7307fc0145791272a071b77e15024bd02b429602d8ec9c17
chipped:arched_pink_stained_glass_pillar	limited_pillar	chipped:block/arched_pink_stained_glass_pillar	minecraft:block/cube_all	chipped:block/pink_stained_glass/arched_pink_stained_glass_pillar	chipped:block/pink_stained_glass/ctm/arched_pink_stained_glass_pillar/0	chipped:block/pink_stained_glass/ctm/arched_pink_stained_glass_pillar/1	chipped:block/pink_stained_glass/ctm/arched_pink_stained_glass_pillar/2	chipped:block/pink_stained_glass/ctm/arched_pink_stained_glass_pillar/3	ab9adb7c3f826cab7307fc0145791272a071b77e15024bd02b429602d8ec9c17
chipped:arched_purple_stained_glass_pane_pillar	pane_pillar	chipped:block/arched_purple_stained_glass_pane_pillar	minecraft:block/cube_all	chipped:block/purple_stained_glass/arched_purple_stained_glass_pillar	chipped:block/purple_stained_glass/ctm/arched_purple_stained_glass_pillar/0	chipped:block/purple_stained_glass/ctm/arched_purple_stained_glass_pillar/1	chipped:block/purple_stained_glass/ctm/arched_purple_stained_glass_pillar/2	chipped:block/purple_stained_glass/ctm/arched_purple_stained_glass_pillar/3	dde3078f6d9df1133a7fa78784de0730e3787fabeb853f97da9bf1c9ac4e3831
chipped:arched_purple_stained_glass_pillar	limited_pillar	chipped:block/arched_purple_stained_glass_pillar	minecraft:block/cube_all	chipped:block/purple_stained_glass/arched_purple_stained_glass_pillar	chipped:block/purple_stained_glass/ctm/arched_purple_stained_glass_pillar/0	chipped:block/purple_stained_glass/ctm/arched_purple_stained_glass_pillar/1	chipped:block/purple_stained_glass/ctm/arched_purple_stained_glass_pillar/2	chipped:block/purple_stained_glass/ctm/arched_purple_stained_glass_pillar/3	dde3078f6d9df1133a7fa78784de0730e3787fabeb853f97da9bf1c9ac4e3831
chipped:arched_red_stained_glass_pane_pillar	pane_pillar	chipped:block/arched_red_stained_glass_pane_pillar	minecraft:block/cube_all	chipped:block/red_stained_glass/arched_red_stained_glass_pillar	chipped:block/red_stained_glass/ctm/arched_red_stained_glass_pillar/0	chipped:block/red_stained_glass/ctm/arched_red_stained_glass_pillar/1	chipped:block/red_stained_glass/ctm/arched_red_stained_glass_pillar/2	chipped:block/red_stained_glass/ctm/arched_red_stained_glass_pillar/3	826b9f373c6b7b91d1b0094140e93da73091f986dad3478214757bc5b72354e6
chipped:arched_red_stained_glass_pillar	limited_pillar	chipped:block/arched_red_stained_glass_pillar	minecraft:block/cube_all	chipped:block/red_stained_glass/arched_red_stained_glass_pillar	chipped:block/red_stained_glass/ctm/arched_red_stained_glass_pillar/0	chipped:block/red_stained_glass/ctm/arched_red_stained_glass_pillar/1	chipped:block/red_stained_glass/ctm/arched_red_stained_glass_pillar/2	chipped:block/red_stained_glass/ctm/arched_red_stained_glass_pillar/3	826b9f373c6b7b91d1b0094140e93da73091f986dad3478214757bc5b72354e6
chipped:arched_white_stained_glass_pane_pillar	pane_pillar	chipped:block/arched_white_stained_glass_pane_pillar	minecraft:block/cube_all	chipped:block/white_stained_glass/arched_white_stained_glass_pillar	chipped:block/white_stained_glass/ctm/arched_white_stained_glass_pillar/0	chipped:block/white_stained_glass/ctm/arched_white_stained_glass_pillar/1	chipped:block/white_stained_glass/ctm/arched_white_stained_glass_pillar/2	chipped:block/white_stained_glass/ctm/arched_white_stained_glass_pillar/3	08a89741a48b9f2d28f742226e93b4b34f01db21a98367211b19815ee9b74e66
chipped:arched_white_stained_glass_pillar	limited_pillar	chipped:block/arched_white_stained_glass_pillar	minecraft:block/cube_all	chipped:block/white_stained_glass/arched_white_stained_glass_pillar	chipped:block/white_stained_glass/ctm/arched_white_stained_glass_pillar/0	chipped:block/white_stained_glass/ctm/arched_white_stained_glass_pillar/1	chipped:block/white_stained_glass/ctm/arched_white_stained_glass_pillar/2	chipped:block/white_stained_glass/ctm/arched_white_stained_glass_pillar/3	08a89741a48b9f2d28f742226e93b4b34f01db21a98367211b19815ee9b74e66
chipped:arched_yellow_stained_glass_pane_pillar	pane_pillar	chipped:block/arched_yellow_stained_glass_pane_pillar	minecraft:block/cube_all	chipped:block/yellow_stained_glass/arched_yellow_stained_glass_pillar	chipped:block/yellow_stained_glass/ctm/arched_yellow_stained_glass_pillar/0	chipped:block/yellow_stained_glass/ctm/arched_yellow_stained_glass_pillar/1	chipped:block/yellow_stained_glass/ctm/arched_yellow_stained_glass_pillar/2	chipped:block/yellow_stained_glass/ctm/arched_yellow_stained_glass_pillar/3	dc2145921d8ba9c605b832fec849ea8251bdbd6b0a20d704f14280b347a977b1
chipped:arched_yellow_stained_glass_pillar	limited_pillar	chipped:block/arched_yellow_stained_glass_pillar	minecraft:block/cube_all	chipped:block/yellow_stained_glass/arched_yellow_stained_glass_pillar	chipped:block/yellow_stained_glass/ctm/arched_yellow_stained_glass_pillar/0	chipped:block/yellow_stained_glass/ctm/arched_yellow_stained_glass_pillar/1	chipped:block/yellow_stained_glass/ctm/arched_yellow_stained_glass_pillar/2	chipped:block/yellow_stained_glass/ctm/arched_yellow_stained_glass_pillar/3	dc2145921d8ba9c605b832fec849ea8251bdbd6b0a20d704f14280b347a977b1
chipped:bamboo_planks_panel	ctm	chipped:block/bamboo_planks_panel	minecraft:block/cube_all	chipped:block/bamboo_planks/bamboo_planks_panel	chipped:block/bamboo_planks/ctm/common_textures/0	chipped:block/bamboo_planks/ctm/bamboo_planks_panel_ctm/3	chipped:block/bamboo_planks/ctm/bamboo_planks_panel_ctm/1	chipped:block/bamboo_planks/ctm/bamboo_planks_panel_ctm/2	10e12a1ed6c29c488e6fda149e07464cc627687291cb435122d31a026a882b08
chipped:birch_planks_panel	ctm	chipped:block/birch_planks_panel	minecraft:block/cube_all	chipped:block/birch_planks/birch_planks_panel	chipped:block/birch_planks/ctm/birch_planks_panel_ctm/0	chipped:block/birch_planks/ctm/birch_planks_panel_ctm/3	chipped:block/birch_planks/ctm/birch_planks_panel_ctm/1	chipped:block/birch_planks/ctm/birch_planks_panel_ctm/2	a7d730e801f1ab87f7e4cbc9cfb7ab6da7c73888f2ea10fae6c3ad777f8a9da4
chipped:black_concrete_panel	ctm	chipped:block/black_concrete_panel	minecraft:block/cube_all	chipped:block/black_concrete/black_concrete_panel	chipped:block/black_concrete/ctm/black_concrete_panel_ctm/0	chipped:block/black_concrete/ctm/black_concrete_panel_ctm/3	chipped:block/black_concrete/ctm/black_concrete_panel_ctm/1	chipped:block/black_concrete/ctm/black_concrete_panel_ctm/2	b71daa9ceb4d96411bfc384760294e5391df4b539b374f681ba27521f40efb1a
chipped:black_concrete_pillar	pillar	chipped:block/black_concrete_pillar	minecraft:block/cube_column	chipped:block/black_concrete/black_concrete_pillar	chipped:block/black_concrete/ctm/black_concrete_pillar/0	chipped:block/black_concrete/ctm/black_concrete_pillar/1	chipped:block/black_concrete/ctm/common_textures/0	chipped:block/black_concrete/ctm/black_concrete_pillar/3	87376de9ba52a3d73b04f67b013e6373c22a36007d5b8779ed9626d220af7baa
chipped:black_terracotta_column	pillar	chipped:block/black_terracotta_column	minecraft:block/cube_column	chipped:block/black_terracotta/black_terracotta_column	chipped:block/black_terracotta/ctm/black_terracotta_column/0	chipped:block/black_terracotta/ctm/black_terracotta_column/1	chipped:block/black_terracotta/ctm/black_terracotta_column/2	chipped:block/black_terracotta/ctm/black_terracotta_column/3	59c205c674733e19318bd9e66eb7d9a4833b3dcb918976131e918884889b28a1
chipped:black_terracotta_pillar	pillar	chipped:block/black_terracotta_pillar	minecraft:block/cube_column	chipped:block/black_terracotta/black_terracotta_pillar	chipped:block/black_terracotta/ctm/black_terracotta_pillar/0	chipped:block/black_terracotta/ctm/black_terracotta_pillar/1	chipped:block/black_terracotta/ctm/black_terracotta_pillar/2	chipped:block/black_terracotta/ctm/black_terracotta_pillar/3	3497fbed28cb1c3de7a525fe28a3ca20ce08de8fb0bfd70562868be570f9a157
chipped:blue_concrete_panel	ctm	chipped:block/blue_concrete_panel	minecraft:block/cube_all	chipped:block/blue_concrete/blue_concrete_panel	chipped:block/blue_concrete/ctm/common_textures/0	chipped:block/blue_concrete/ctm/blue_concrete_panel_ctm/3	chipped:block/blue_concrete/ctm/blue_concrete_panel_ctm/1	chipped:block/blue_concrete/ctm/blue_concrete_panel_ctm/2	aed5558269e6c0e50cd1dc6fa48f988bd83f8af683291ff31521e23b9e8ee0f3
chipped:blue_concrete_pillar	pillar	chipped:block/blue_concrete_pillar	minecraft:block/cube_column	chipped:block/blue_concrete/blue_concrete_pillar	chipped:block/blue_concrete/ctm/blue_concrete_pillar/0	chipped:block/blue_concrete/ctm/blue_concrete_pillar/1	chipped:block/blue_concrete/ctm/common_textures/1	chipped:block/blue_concrete/ctm/blue_concrete_pillar/3	6515ec7afa772be0dbefdc61087e1642909effe13d942f8e4206afd1c1af347f
chipped:blue_terracotta_column	pillar	chipped:block/blue_terracotta_column	minecraft:block/cube_column	chipped:block/blue_terracotta/blue_terracotta_column	chipped:block/blue_terracotta/ctm/blue_terracotta_column/0	chipped:block/blue_terracotta/ctm/blue_terracotta_column/1	chipped:block/blue_terracotta/ctm/blue_terracotta_column/2	chipped:block/blue_terracotta/ctm/blue_terracotta_column/3	dace4970e9d3ecec8d7d6a5f7cd542e01a676d78418e58ec1800191a63f8b73c
chipped:blue_terracotta_pillar	pillar	chipped:block/blue_terracotta_pillar	minecraft:block/cube_column	chipped:block/blue_terracotta/blue_terracotta_pillar	chipped:block/blue_terracotta/ctm/blue_terracotta_pillar/0	chipped:block/blue_terracotta/ctm/blue_terracotta_pillar/1	chipped:block/blue_terracotta/ctm/blue_terracotta_pillar/2	chipped:block/blue_terracotta/ctm/blue_terracotta_pillar/3	1fcfc997324e1a8fe5905d3a8b0a6a471a2f4c29bba1f22d8221a79c144bc365
chipped:bordered_amethyst_block	ctm	chipped:block/bordered_amethyst_block	minecraft:block/cube_all	chipped:block/amethyst_block/bordered_amethyst_block	chipped:block/amethyst_block/ctm/bordered_amethyst_block_ctm/0	chipped:block/amethyst_block/ctm/bordered_amethyst_block_ctm/3	chipped:block/amethyst_block/ctm/bordered_amethyst_block_ctm/1	chipped:block/amethyst_block/ctm/bordered_amethyst_block_ctm/2	100e0cecb94b6f2ea1d84fd3aa9e506c373b438a6efb696ca196d49bb36c8ebf
chipped:bordered_ancient_debris	ctm	chipped:block/bordered_ancient_debris	minecraft:block/cube_all	chipped:block/ancient_debris/bordered_ancient_debris	chipped:block/ancient_debris/ctm/bordered_ancient_debris_ctm/0	chipped:block/ancient_debris/ctm/bordered_ancient_debris_ctm/3	chipped:block/ancient_debris/ctm/bordered_ancient_debris_ctm/1	chipped:block/ancient_debris/ctm/bordered_ancient_debris_ctm/2	0a70c3eb7014e7ba5d4322a741468fc79658c6772a969b69d78a48e65cebdc20
chipped:bordered_andesite	ctm	chipped:block/bordered_andesite	minecraft:block/cube_all	chipped:block/andesite/bordered_andesite	chipped:block/andesite/ctm/bordered_andesite_ctm/0	chipped:block/andesite/ctm/bordered_andesite_ctm/3	chipped:block/andesite/ctm/bordered_andesite_ctm/1	chipped:block/andesite/ctm/bordered_andesite_ctm/2	a0183963992037443c4bff4873175c52ac51451b613bfccd21f26eff48a89567
chipped:bordered_basalt	ctm	chipped:block/bordered_basalt	minecraft:block/cube_all	chipped:block/basalt/bordered_basalt	chipped:block/basalt/ctm/bordered_basalt_ctm/0	chipped:block/basalt/ctm/bordered_basalt_ctm/3	chipped:block/basalt/ctm/bordered_basalt_ctm/1	chipped:block/basalt/ctm/bordered_basalt_ctm/2	2136e525f4dd8469760615b2c1af95b249a7071c53922f6e0dfcfd666eb32a72
chipped:bordered_blackstone	ctm	chipped:block/bordered_blackstone	minecraft:block/cube_all	chipped:block/blackstone/bordered_blackstone	chipped:block/blackstone/ctm/bordered_blackstone_ctm/0	chipped:block/blackstone/ctm/bordered_blackstone_ctm/3	chipped:block/blackstone/ctm/bordered_blackstone_ctm/1	chipped:block/blackstone/ctm/bordered_blackstone_ctm/2	bcdd154905b83ee1e310a4ed612dc3b35eba33db0fc2d993ef7fe077b27a5ed9
chipped:bordered_blue_ice	ctm	chipped:block/bordered_blue_ice	minecraft:block/cube_all	chipped:block/blue_ice/bordered_blue_ice	chipped:block/blue_ice/ctm/bordered_blue_ice_ctm/0	chipped:block/blue_ice/ctm/bordered_blue_ice_ctm/3	chipped:block/blue_ice/ctm/bordered_blue_ice_ctm/1	chipped:block/blue_ice/ctm/bordered_blue_ice_ctm/2	dab0174d1306e47c8c5bf4fa034c187322111efb3357902abbec1bb6a884d944
chipped:bordered_borderless_bricks	ctm	chipped:block/bordered_borderless_bricks	minecraft:block/cube_all	chipped:block/borderless_bricks/bordered_borderless_bricks	chipped:block/borderless_bricks/ctm/bordered_borderless_bricks_ctm/0	chipped:block/borderless_bricks/ctm/bordered_borderless_bricks_ctm/3	chipped:block/borderless_bricks/ctm/bordered_borderless_bricks_ctm/1	chipped:block/borderless_bricks/ctm/bordered_borderless_bricks_ctm/2	b0b089a913347150aaa584dbafd2108e6d8e9caa8503aa92016c3918e0451ed3
chipped:bordered_bricks	ctm	chipped:block/bordered_bricks	minecraft:block/cube_all	chipped:block/bricks/bordered_bricks	chipped:block/bricks/ctm/bordered_bricks_ctm/0	chipped:block/bricks/ctm/bordered_bricks_ctm/3	chipped:block/bricks/ctm/bordered_bricks_ctm/1	chipped:block/bricks/ctm/bordered_bricks_ctm/2	539b56802192673fb79cb792fd78f25cf5b3f62b148e5c4d59cfc94133a1a6d5
chipped:bordered_calcite	ctm	chipped:block/bordered_calcite	minecraft:block/cube_all	chipped:block/calcite/bordered_calcite	chipped:block/calcite/ctm/bordered_calcite_ctm/0	chipped:block/calcite/ctm/bordered_calcite_ctm/3	chipped:block/calcite/ctm/bordered_calcite_ctm/1	chipped:block/calcite/ctm/bordered_calcite_ctm/2	49f5a86ef1c1f26f9509e4c4833b27b5fd2a3f4918cf277f960641204ff70920
chipped:bordered_clay	ctm	chipped:block/bordered_clay	minecraft:block/cube_all	chipped:block/clay/bordered_clay	chipped:block/clay/ctm/bordered_clay_ctm/0	chipped:block/clay/ctm/bordered_clay_ctm/3	chipped:block/clay/ctm/bordered_clay_ctm/1	chipped:block/clay/ctm/bordered_clay_ctm/2	2ab4c2198cc575c2bdc1bf29317da38b3fa54be59e26139c169d3c80f8846d94
chipped:bordered_coal_block	ctm	chipped:block/bordered_coal_block	minecraft:block/cube_all	chipped:block/coal_block/bordered_coal_block	chipped:block/coal_block/ctm/bordered_coal_block_ctm/0	chipped:block/coal_block/ctm/bordered_coal_block_ctm/3	chipped:block/coal_block/ctm/bordered_coal_block_ctm/1	chipped:block/coal_block/ctm/bordered_coal_block_ctm/2	c2210a5421f5df0791475ad26adc11f758689ae5ce961f13f93ea59534da6374
chipped:bordered_cobblestone	ctm	chipped:block/bordered_cobblestone	minecraft:block/cube_all	chipped:block/cobblestone/bordered_cobblestone	chipped:block/cobblestone/ctm/bordered_cobblestone_ctm/0	chipped:block/cobblestone/ctm/bordered_cobblestone_ctm/3	chipped:block/cobblestone/ctm/bordered_cobblestone_ctm/1	chipped:block/cobblestone/ctm/bordered_cobblestone_ctm/2	9bdeadae89b1162b529125d9420ac6dc49ab5a5f2075c0cc594d236c58326dd5
chipped:bordered_crying_obsidian	ctm	chipped:block/bordered_crying_obsidian	minecraft:block/cube_all	chipped:block/crying_obsidian/bordered_crying_obsidian	chipped:block/crying_obsidian/ctm/bordered_crying_obsidian_ctm/0	chipped:block/crying_obsidian/ctm/bordered_crying_obsidian_ctm/3	chipped:block/crying_obsidian/ctm/bordered_crying_obsidian_ctm/1	chipped:block/crying_obsidian/ctm/bordered_crying_obsidian_ctm/2	a2dda02229bd790aee5365e70e8879d2b25668da13e89f656022368df4eaa90e
chipped:bordered_dark_prismarine	ctm	chipped:block/bordered_dark_prismarine	minecraft:block/cube_all	chipped:block/dark_prismarine/bordered_dark_prismarine	chipped:block/dark_prismarine/ctm/bordered_dark_prismarine_ctm/0	chipped:block/dark_prismarine/ctm/bordered_dark_prismarine_ctm/3	chipped:block/dark_prismarine/ctm/bordered_dark_prismarine_ctm/1	chipped:block/dark_prismarine/ctm/bordered_dark_prismarine_ctm/2	e6b0d3d80d70e79d6e7b834c73a6e4ba2e64a23ce581be0247b9b6184cf6a467
chipped:bordered_deepslate	ctm	chipped:block/bordered_deepslate	minecraft:block/cube_all	chipped:block/deepslate/bordered_deepslate	chipped:block/deepslate/ctm/bordered_deepslate_ctm/0	chipped:block/deepslate/ctm/bordered_deepslate_ctm/3	chipped:block/deepslate/ctm/bordered_deepslate_ctm/1	chipped:block/deepslate/ctm/bordered_deepslate_ctm/2	fc0fec0b12c4675fe7629fab831091673983c9a16d6b3f4dc449c0e5250b94b6
chipped:bordered_diorite	ctm	chipped:block/bordered_diorite	minecraft:block/cube_all	chipped:block/diorite/bordered_diorite	chipped:block/diorite/ctm/bordered_diorite_ctm/0	chipped:block/diorite/ctm/bordered_diorite_ctm/3	chipped:block/diorite/ctm/bordered_diorite_ctm/1	chipped:block/diorite/ctm/bordered_diorite_ctm/2	15483c48c2a03a1ea78b50e7449f51ae06466410b61cc26911247cf65f7fd48c
chipped:bordered_dirt	ctm	chipped:block/bordered_dirt	minecraft:block/cube_all	chipped:block/dirt/bordered_dirt	chipped:block/dirt/ctm/bordered_dirt_ctm/0	chipped:block/dirt/ctm/bordered_dirt_ctm/3	chipped:block/dirt/ctm/bordered_dirt_ctm/1	chipped:block/dirt/ctm/bordered_dirt_ctm/2	963801e30a66f1314d5375ea80d425419211d74bd2af8be64b53e0ea55e1dbcd
chipped:bordered_dripstone_block	ctm	chipped:block/bordered_dripstone_block	minecraft:block/cube_all	chipped:block/dripstone_block/bordered_dripstone_block	chipped:block/dripstone_block/ctm/bordered_dripstone_block_ctm/0	chipped:block/dripstone_block/ctm/bordered_dripstone_block_ctm/3	chipped:block/dripstone_block/ctm/bordered_dripstone_block_ctm/1	chipped:block/dripstone_block/ctm/bordered_dripstone_block_ctm/2	234aff4f871f74f0f1ad7948851291663a24caa688413329054fe77f5c75f613
chipped:bordered_end_stone	ctm	chipped:block/bordered_end_stone	minecraft:block/cube_all	chipped:block/end_stone/bordered_end_stone	chipped:block/end_stone/ctm/bordered_end_stone_ctm/0	chipped:block/end_stone/ctm/bordered_end_stone_ctm/3	chipped:block/end_stone/ctm/bordered_end_stone_ctm/1	chipped:block/end_stone/ctm/bordered_end_stone_ctm/2	df836fb3d9f2cbe9c93c21f73f676b6a6e5ac0ec3ae10e2108a868fb801df970
chipped:bordered_gilded_blackstone	ctm	chipped:block/bordered_gilded_blackstone	minecraft:block/cube_all	chipped:block/gilded_blackstone/bordered_gilded_blackstone	chipped:block/gilded_blackstone/ctm/bordered_gilded_blackstone_ctm/0	chipped:block/gilded_blackstone/ctm/bordered_gilded_blackstone_ctm/3	chipped:block/gilded_blackstone/ctm/bordered_gilded_blackstone_ctm/1	chipped:block/gilded_blackstone/ctm/bordered_gilded_blackstone_ctm/2	021e9b2b43ba56f6bdeb4546d9b412d4fc426525b00471d70959538abbb5c57e
chipped:bordered_granite	ctm	chipped:block/bordered_granite	minecraft:block/cube_all	chipped:block/granite/bordered_granite	chipped:block/granite/ctm/bordered_granite_ctm/0	chipped:block/granite/ctm/bordered_granite_ctm/3	chipped:block/granite/ctm/bordered_granite_ctm/1	chipped:block/granite/ctm/bordered_granite_ctm/2	65bc3ea4d78af6f71e01f66928982384e6655010fec8b47f3f144b7a8e946884
chipped:bordered_ice	ctm	chipped:block/bordered_ice	minecraft:block/cube_all	chipped:block/ice/bordered_ice	chipped:block/ice/ctm/bordered_ice_ctm/0	chipped:block/ice/ctm/bordered_ice_ctm/3	chipped:block/ice/ctm/bordered_ice_ctm/1	chipped:block/ice/ctm/bordered_ice_ctm/2	c617a7b7b384b7b5ea87a9db7997f91d45e36add877693e090cfa520eaa17bb5
chipped:bordered_lapis_block	ctm	chipped:block/bordered_lapis_block	minecraft:block/cube_all	chipped:block/lapis_block/bordered_lapis_block	chipped:block/lapis_block/ctm/bordered_lapis_block_ctm/0	chipped:block/lapis_block/ctm/bordered_lapis_block_ctm/3	chipped:block/lapis_block/ctm/bordered_lapis_block_ctm/1	chipped:block/lapis_block/ctm/bordered_lapis_block_ctm/2	e9999abe5f99bac0899bb0babb75abee8eb1d54fa2a9c7344aad9a2fcc38b3d1
chipped:bordered_lodestone	ctm	chipped:block/bordered_lodestone	minecraft:block/cube_all	chipped:block/lodestone/bordered_lodestone	chipped:block/lodestone/ctm/bordered_lodestone_ctm/0	chipped:block/lodestone/ctm/bordered_lodestone_ctm/3	chipped:block/lodestone/ctm/bordered_lodestone_ctm/1	chipped:block/lodestone/ctm/bordered_lodestone_ctm/2	f6f8a070866ab78f61f836962b23165af1dd8ea68a08c24ff615abbf79d92570
chipped:bordered_magma_block	ctm	chipped:block/bordered_magma_block	minecraft:block/cube_all	chipped:block/magma_block/bordered_magma_block	chipped:block/magma_block/ctm/bordered_magma_block_ctm/0	chipped:block/magma_block/ctm/bordered_magma_block_ctm/3	chipped:block/magma_block/ctm/bordered_magma_block_ctm/1	chipped:block/magma_block/ctm/bordered_magma_block_ctm/2	9129d3a91bae1d1890d95bea2b7ec36bd3ebe9a895d196d12a1c5938adf0b2ce
chipped:bordered_mossy_cobblestone	ctm	chipped:block/bordered_mossy_cobblestone	minecraft:block/cube_all	chipped:block/mossy_cobblestone/bordered_mossy_cobblestone	chipped:block/mossy_cobblestone/ctm/bordered_mossy_cobblestone_ctm/0	chipped:block/mossy_cobblestone/ctm/bordered_mossy_cobblestone_ctm/3	chipped:block/mossy_cobblestone/ctm/bordered_mossy_cobblestone_ctm/1	chipped:block/mossy_cobblestone/ctm/bordered_mossy_cobblestone_ctm/2	a84b03540046ea751612cfd77a69c7679e46d4f168178983114c0b80e05434c4
chipped:bordered_mossy_stone_bricks	ctm	chipped:block/bordered_mossy_stone_bricks	minecraft:block/cube_all	chipped:block/mossy_stone_bricks/bordered_mossy_stone_bricks	chipped:block/mossy_stone_bricks/ctm/bordered_mossy_stone_bricks_ctm/0	chipped:block/mossy_stone_bricks/ctm/bordered_mossy_stone_bricks_ctm/3	chipped:block/mossy_stone_bricks/ctm/bordered_mossy_stone_bricks_ctm/1	chipped:block/mossy_stone_bricks/ctm/bordered_mossy_stone_bricks_ctm/2	aa9f7d4bf81c41f8bac58ba4b50c4277a64c60ac4fe06c2235bcee55992e1fd8
chipped:bordered_mud	ctm	chipped:block/bordered_mud	minecraft:block/cube_all	chipped:block/mud/bordered_mud	chipped:block/mud/ctm/bordered_mud_ctm/0	chipped:block/mud/ctm/bordered_mud_ctm/3	chipped:block/mud/ctm/bordered_mud_ctm/1	chipped:block/mud/ctm/bordered_mud_ctm/2	80ec16afa446857ae48b5f874857ee3621cd2e383f99a13b932ec9a8128b9480
chipped:bordered_mud_bricks	ctm	chipped:block/bordered_mud_bricks	minecraft:block/cube_all	chipped:block/mud_bricks/bordered_mud_bricks	chipped:block/mud_bricks/ctm/bordered_mud_bricks_ctm/0	chipped:block/mud_bricks/ctm/bordered_mud_bricks_ctm/3	chipped:block/mud_bricks/ctm/bordered_mud_bricks_ctm/1	chipped:block/mud_bricks/ctm/bordered_mud_bricks_ctm/2	73026fbae29aef392412a160e0978eb8c52f287f307564c9a0e65cc9c23e2ef8
chipped:bordered_nether_bricks	ctm	chipped:block/bordered_nether_bricks	minecraft:block/cube_all	chipped:block/nether_bricks/bordered_nether_bricks	chipped:block/nether_bricks/ctm/bordered_nether_bricks_ctm/0	chipped:block/nether_bricks/ctm/bordered_nether_bricks_ctm/3	chipped:block/nether_bricks/ctm/bordered_nether_bricks_ctm/1	chipped:block/nether_bricks/ctm/bordered_nether_bricks_ctm/2	f8c71b2514c626c5f8d386b4d93daf35b6f2d17868e94caf25fd8114a4993943
chipped:bordered_netherrack	ctm	chipped:block/bordered_netherrack	minecraft:block/cube_all	chipped:block/netherrack/bordered_netherrack	chipped:block/netherrack/ctm/bordered_netherrack_ctm/0	chipped:block/netherrack/ctm/bordered_netherrack_ctm/3	chipped:block/netherrack/ctm/bordered_netherrack_ctm/1	chipped:block/netherrack/ctm/bordered_netherrack_ctm/2	34191384c76f581e17905847e7766d4cdca512288e16491890088388ce73abde
chipped:bordered_obsidian	ctm	chipped:block/bordered_obsidian	minecraft:block/cube_all	chipped:block/obsidian/bordered_obsidian	chipped:block/obsidian/ctm/bordered_obsidian_ctm/0	chipped:block/obsidian/ctm/bordered_obsidian_ctm/3	chipped:block/obsidian/ctm/bordered_obsidian_ctm/1	chipped:block/obsidian/ctm/bordered_obsidian_ctm/2	f056afb3fa4119ec50509e4a0d0492b1ff7022a8e71ed39f4829972bfb069bf3
chipped:bordered_packed_ice	ctm	chipped:block/bordered_packed_ice	minecraft:block/cube_all	chipped:block/packed_ice/bordered_packed_ice	chipped:block/packed_ice/ctm/bordered_packed_ice_ctm/0	chipped:block/packed_ice/ctm/bordered_packed_ice_ctm/3	chipped:block/packed_ice/ctm/bordered_packed_ice_ctm/1	chipped:block/packed_ice/ctm/bordered_packed_ice_ctm/2	aaeda5b6a879152f36004974fd3a012d0eda7ad95f5972d1a39547264d135425
chipped:bordered_packed_mud	ctm	chipped:block/bordered_packed_mud	minecraft:block/cube_all	chipped:block/packed_mud/bordered_packed_mud	chipped:block/packed_mud/ctm/bordered_packed_mud_ctm/0	chipped:block/packed_mud/ctm/bordered_packed_mud_ctm/3	chipped:block/packed_mud/ctm/bordered_packed_mud_ctm/1	chipped:block/packed_mud/ctm/bordered_packed_mud_ctm/2	5b1084c1841f49e1672a3bbbff6d32ed43968c031815d91279e71b25774ff375
chipped:bordered_prismarine	ctm	chipped:block/bordered_prismarine	minecraft:block/cube_all	chipped:block/prismarine/bordered_prismarine	chipped:block/prismarine/ctm/bordered_prismarine_ctm/0	chipped:block/prismarine/ctm/bordered_prismarine_ctm/3	chipped:block/prismarine/ctm/bordered_prismarine_ctm/1	chipped:block/prismarine/ctm/bordered_prismarine_ctm/2	74abd6f36959177a0705793497074b6ae6faa198c4cc2a40eed0e3c9e9c9a78e
chipped:bordered_purpur_block	ctm	chipped:block/bordered_purpur_block	minecraft:block/cube_all	chipped:block/purpur_block/bordered_purpur_block	chipped:block/purpur_block/ctm/bordered_purpur_block_ctm/0	chipped:block/purpur_block/ctm/bordered_purpur_block_ctm/3	chipped:block/purpur_block/ctm/bordered_purpur_block_ctm/1	chipped:block/purpur_block/ctm/bordered_purpur_block_ctm/2	0a465fcef054b20b205ddd26237c98cfbd9cbb68195728f7322fb89b000a4015
chipped:bordered_quartz_block	ctm	chipped:block/bordered_quartz_block	minecraft:block/cube_all	chipped:block/quartz_block/bordered_quartz_block	chipped:block/quartz_block/ctm/bordered_quartz_block_ctm/0	chipped:block/quartz_block/ctm/bordered_quartz_block_ctm/3	chipped:block/quartz_block/ctm/bordered_quartz_block_ctm/1	chipped:block/quartz_block/ctm/bordered_quartz_block_ctm/2	781724b365869002893d410c945d0defaca56f81df47697d9250c214e8f094e2
chipped:bordered_raw_copper_block	ctm	chipped:block/bordered_raw_copper_block	minecraft:block/cube_all	chipped:block/raw_copper_block/bordered_raw_copper_block	chipped:block/raw_copper_block/ctm/bordered_raw_copper_block_ctm/0	chipped:block/raw_copper_block/ctm/bordered_raw_copper_block_ctm/3	chipped:block/raw_copper_block/ctm/bordered_raw_copper_block_ctm/1	chipped:block/raw_copper_block/ctm/bordered_raw_copper_block_ctm/2	86506f60418ee65fa9533fc95c57589494935b436f73d408be39f6aa94b131d9
chipped:bordered_raw_gold_block	ctm	chipped:block/bordered_raw_gold_block	minecraft:block/cube_all	chipped:block/raw_gold_block/bordered_raw_gold_block	chipped:block/raw_gold_block/ctm/bordered_raw_gold_block_ctm/0	chipped:block/raw_gold_block/ctm/bordered_raw_gold_block_ctm/3	chipped:block/raw_gold_block/ctm/bordered_raw_gold_block_ctm/1	chipped:block/raw_gold_block/ctm/bordered_raw_gold_block_ctm/2	50bee87e0a3b91dffb62ba7cb8607d6554fc17072e8d8c701029295666d7eaf4
chipped:bordered_raw_iron_block	ctm	chipped:block/bordered_raw_iron_block	minecraft:block/cube_all	chipped:block/raw_iron_block/bordered_raw_iron_block	chipped:block/raw_iron_block/ctm/bordered_raw_iron_block_ctm/0	chipped:block/raw_iron_block/ctm/bordered_raw_iron_block_ctm/3	chipped:block/raw_iron_block/ctm/bordered_raw_iron_block_ctm/1	chipped:block/raw_iron_block/ctm/bordered_raw_iron_block_ctm/2	2cd3353566cdb9658fd94b5383371ae64f279041f69621b1e91ede072a26baca
chipped:bordered_red_nether_bricks	ctm	chipped:block/bordered_red_nether_bricks	minecraft:block/cube_all	chipped:block/red_nether_bricks/bordered_red_nether_bricks	chipped:block/red_nether_bricks/ctm/bordered_red_nether_bricks_ctm/0	chipped:block/red_nether_bricks/ctm/bordered_red_nether_bricks_ctm/3	chipped:block/red_nether_bricks/ctm/bordered_red_nether_bricks_ctm/1	chipped:block/red_nether_bricks/ctm/bordered_red_nether_bricks_ctm/2	c5bce20c3bd6ac15156c62bdbd9bf6f1936be5367f495d1215b447ee0772b3bb
chipped:bordered_red_sandstone	ctm	chipped:block/bordered_red_sandstone	minecraft:block/cube_all	chipped:block/red_sandstone/bordered_red_sandstone	chipped:block/red_sandstone/ctm/bordered_red_sandstone_ctm/0	chipped:block/red_sandstone/ctm/bordered_red_sandstone_ctm/3	chipped:block/red_sandstone/ctm/bordered_red_sandstone_ctm/1	chipped:block/red_sandstone/ctm/bordered_red_sandstone_ctm/2	848d2fd3ebf6fb99b54aa8633603f45d8457eed24bfb7042774a00183ddb268e
chipped:bordered_redstone_block	ctm	chipped:block/bordered_redstone_block	minecraft:block/cube_all	chipped:block/redstone_block/bordered_redstone_block	chipped:block/redstone_block/ctm/bordered_redstone_block_ctm/0	chipped:block/redstone_block/ctm/bordered_redstone_block_ctm/3	chipped:block/redstone_block/ctm/bordered_redstone_block_ctm/1	chipped:block/redstone_block/ctm/bordered_redstone_block_ctm/2	457a7eae39f63ea8fb8c421944db93fdbba2b525e06c1fe4ede46463db1351aa
chipped:bordered_sandstone	ctm	chipped:block/bordered_sandstone	minecraft:block/cube_all	chipped:block/sandstone/bordered_sandstone	chipped:block/sandstone/ctm/bordered_sandstone_ctm/0	chipped:block/sandstone/ctm/bordered_sandstone_ctm/3	chipped:block/sandstone/ctm/bordered_sandstone_ctm/1	chipped:block/sandstone/ctm/bordered_sandstone_ctm/2	5db89f2d534ebf2c852900d22010418683f3bc2897bb033a86ecd71da2b337d5
chipped:bordered_smooth_stone	ctm	chipped:block/bordered_smooth_stone	minecraft:block/cube_all	chipped:block/smooth_stone/bordered_smooth_stone	chipped:block/smooth_stone/ctm/bordered_smooth_stone_ctm/0	chipped:block/smooth_stone/ctm/bordered_smooth_stone_ctm/3	chipped:block/smooth_stone/ctm/bordered_smooth_stone_ctm/1	chipped:block/smooth_stone/ctm/bordered_smooth_stone_ctm/2	4ceb2a6cef4ec9a6ddb24b9d0f6f16cfc65982d71830373eb09a9071a00d6445
chipped:bordered_snow_block	ctm	chipped:block/bordered_snow_block	minecraft:block/cube_all	chipped:block/snow_block/bordered_snow_block	chipped:block/snow_block/ctm/bordered_snow_block_ctm/0	chipped:block/snow_block/ctm/bordered_snow_block_ctm/3	chipped:block/snow_block/ctm/bordered_snow_block_ctm/1	chipped:block/snow_block/ctm/bordered_snow_block_ctm/2	8278326a684aea9f5779f9551f919669b7b1eeddfa4f6b0a1214ba43844ed6b7
chipped:bordered_stone	ctm	chipped:block/bordered_stone	minecraft:block/cube_all	chipped:block/stone/bordered_stone	chipped:block/stone/ctm/bordered_stone_ctm/0	chipped:block/stone/ctm/bordered_stone_ctm/3	chipped:block/stone/ctm/bordered_stone_ctm/1	chipped:block/stone/ctm/bordered_stone_ctm/2	fd99803fb604a50dd105bdcd23e9112eaf32331ab18e5969c2935262786b93b2
chipped:bordered_tuff	ctm	chipped:block/bordered_tuff	minecraft:block/cube_all	chipped:block/tuff/bordered_tuff	chipped:block/tuff/ctm/bordered_tuff_ctm/0	chipped:block/tuff/ctm/bordered_tuff_ctm/3	chipped:block/tuff/ctm/bordered_tuff_ctm/1	chipped:block/tuff/ctm/bordered_tuff_ctm/2	9906d69f0a91ea5ed7623f66ab14ed43e6f431243b01f70de9c75354a968601d
chipped:brick_bordered_amethyst_block	ctm	chipped:block/brick_bordered_amethyst_block	minecraft:block/cube_all	chipped:block/amethyst_block/brick_bordered_amethyst_block	chipped:block/amethyst_block/ctm/common_textures/0	chipped:block/amethyst_block/ctm/brick_bordered_amethyst_block_ctm/3	chipped:block/amethyst_block/ctm/brick_bordered_amethyst_block_ctm/1	chipped:block/amethyst_block/ctm/brick_bordered_amethyst_block_ctm/2	00405e8b408c162de68e0b04374bc07996a84c46fcab6ed451c9a624f31d97e2
chipped:brick_bordered_ancient_debris	ctm	chipped:block/brick_bordered_ancient_debris	minecraft:block/cube_all	chipped:block/ancient_debris/brick_bordered_ancient_debris	chipped:block/ancient_debris/ctm/common_textures/0	chipped:block/ancient_debris/ctm/brick_bordered_ancient_debris_ctm/3	chipped:block/ancient_debris/ctm/brick_bordered_ancient_debris_ctm/1	chipped:block/ancient_debris/ctm/brick_bordered_ancient_debris_ctm/2	9159ddb4cd9002db3c77955851626242ba95c0ca2b7a7410335abcdabe2e3a10
chipped:brick_bordered_andesite	ctm	chipped:block/brick_bordered_andesite	minecraft:block/cube_all	chipped:block/andesite/brick_bordered_andesite	chipped:block/andesite/ctm/common_textures/0	chipped:block/andesite/ctm/brick_bordered_andesite_ctm/3	chipped:block/andesite/ctm/brick_bordered_andesite_ctm/1	chipped:block/andesite/ctm/brick_bordered_andesite_ctm/2	5f35c7c1e5400e9fdfee3f61d80fa8ad08f619d1a097043d78f6942e855e5e2b
chipped:brick_bordered_basalt	ctm	chipped:block/brick_bordered_basalt	minecraft:block/cube_all	chipped:block/basalt/brick_bordered_basalt	chipped:block/basalt/ctm/common_textures/0	chipped:block/basalt/ctm/brick_bordered_basalt_ctm/3	chipped:block/basalt/ctm/brick_bordered_basalt_ctm/1	chipped:block/basalt/ctm/brick_bordered_basalt_ctm/2	307442d5e1e01cbed9ed7f6ca72bacc2ece6b75fe7430da4b6b8dfe58852b98a
chipped:brick_bordered_blackstone	ctm	chipped:block/brick_bordered_blackstone	minecraft:block/cube_all	chipped:block/blackstone/brick_bordered_blackstone	chipped:block/blackstone/ctm/common_textures/0	chipped:block/blackstone/ctm/brick_bordered_blackstone_ctm/3	chipped:block/blackstone/ctm/brick_bordered_blackstone_ctm/1	chipped:block/blackstone/ctm/brick_bordered_blackstone_ctm/2	d552722f14f4b27bdf2c41ffdefc03294a6e46e803de4f066f8271ce349842a3
chipped:brick_bordered_blue_ice	ctm	chipped:block/brick_bordered_blue_ice	minecraft:block/cube_all	chipped:block/blue_ice/brick_bordered_blue_ice	chipped:block/blue_ice/ctm/common_textures/0	chipped:block/blue_ice/ctm/brick_bordered_blue_ice_ctm/3	chipped:block/blue_ice/ctm/brick_bordered_blue_ice_ctm/1	chipped:block/blue_ice/ctm/brick_bordered_blue_ice_ctm/2	87b53148960cda4f8d4d305fd62c598df48b1eb3b3cb6693e732d4555b86fa40
chipped:brick_bordered_borderless_bricks	ctm	chipped:block/brick_bordered_borderless_bricks	minecraft:block/cube_all	chipped:block/borderless_bricks/brick_bordered_borderless_bricks	chipped:block/borderless_bricks/ctm/common_textures/0	chipped:block/borderless_bricks/ctm/brick_bordered_borderless_bricks_ctm/3	chipped:block/borderless_bricks/ctm/brick_bordered_borderless_bricks_ctm/1	chipped:block/borderless_bricks/ctm/brick_bordered_borderless_bricks_ctm/2	aeb7029909edb050ebf2c999d5ea22ccd998efd60b1247a0876031d0634855b7
chipped:brick_bordered_bricks	ctm	chipped:block/brick_bordered_bricks	minecraft:block/cube_all	chipped:block/bricks/brick_bordered_bricks	chipped:block/bricks/ctm/common_textures/0	chipped:block/bricks/ctm/brick_bordered_bricks_ctm/3	chipped:block/bricks/ctm/brick_bordered_bricks_ctm/1	chipped:block/bricks/ctm/brick_bordered_bricks_ctm/2	dcc7a1c80d9bbd5af49371aa07a27a79c252ecdb51b1910a2446f9491a9a21fd
chipped:brick_bordered_calcite	ctm	chipped:block/brick_bordered_calcite	minecraft:block/cube_all	chipped:block/calcite/brick_bordered_calcite	chipped:block/calcite/ctm/common_textures/0	chipped:block/calcite/ctm/brick_bordered_calcite_ctm/3	chipped:block/calcite/ctm/brick_bordered_calcite_ctm/1	chipped:block/calcite/ctm/brick_bordered_calcite_ctm/2	1f3090fd5268a04b91a7bcf6a5bdd10da4bef95d22741a61d1be78dd96d8e34a
chipped:brick_bordered_clay	ctm	chipped:block/brick_bordered_clay	minecraft:block/cube_all	chipped:block/clay/brick_bordered_clay	chipped:block/clay/ctm/common_textures/0	chipped:block/clay/ctm/brick_bordered_clay_ctm/3	chipped:block/clay/ctm/brick_bordered_clay_ctm/1	chipped:block/clay/ctm/brick_bordered_clay_ctm/2	af9cbeab781c79c7a1963d30276baea2264f9e1c3e7408da02b94dfa338dba9a
chipped:brick_bordered_coal_block	ctm	chipped:block/brick_bordered_coal_block	minecraft:block/cube_all	chipped:block/coal_block/brick_bordered_coal_block	chipped:block/coal_block/ctm/common_textures/0	chipped:block/coal_block/ctm/brick_bordered_coal_block_ctm/3	chipped:block/coal_block/ctm/brick_bordered_coal_block_ctm/1	chipped:block/coal_block/ctm/brick_bordered_coal_block_ctm/2	1792cad7866a1a7343731046840e47034b2914bdf4bddcd63be0df99e64b5863
chipped:brick_bordered_cobblestone	ctm	chipped:block/brick_bordered_cobblestone	minecraft:block/cube_all	chipped:block/cobblestone/brick_bordered_cobblestone	chipped:block/cobblestone/ctm/common_textures/0	chipped:block/cobblestone/ctm/brick_bordered_cobblestone_ctm/3	chipped:block/cobblestone/ctm/brick_bordered_cobblestone_ctm/1	chipped:block/cobblestone/ctm/brick_bordered_cobblestone_ctm/2	d67e6afc7313ce7e8eae51b717876dec7a6296f2facb6c9bba5d0e1c15fd38a8
chipped:brick_bordered_crying_obsidian	ctm	chipped:block/brick_bordered_crying_obsidian	minecraft:block/cube_all	chipped:block/crying_obsidian/brick_bordered_crying_obsidian	chipped:block/crying_obsidian/ctm/common_textures/0	chipped:block/crying_obsidian/ctm/brick_bordered_crying_obsidian_ctm/3	chipped:block/crying_obsidian/ctm/brick_bordered_crying_obsidian_ctm/1	chipped:block/crying_obsidian/ctm/brick_bordered_crying_obsidian_ctm/2	0c583152c5afde6671d67106d05d73fe9cac9e9767a4812af036b3eba1c12a0c
chipped:brick_bordered_dark_prismarine	ctm	chipped:block/brick_bordered_dark_prismarine	minecraft:block/cube_all	chipped:block/dark_prismarine/brick_bordered_dark_prismarine	chipped:block/dark_prismarine/ctm/common_textures/0	chipped:block/dark_prismarine/ctm/brick_bordered_dark_prismarine_ctm/3	chipped:block/dark_prismarine/ctm/brick_bordered_dark_prismarine_ctm/1	chipped:block/dark_prismarine/ctm/brick_bordered_dark_prismarine_ctm/2	a2ac18221d6c75401443f102154e27b0ea42732f11a05727d7d8e682da2418de
chipped:brick_bordered_deepslate	ctm	chipped:block/brick_bordered_deepslate	minecraft:block/cube_all	chipped:block/deepslate/brick_bordered_deepslate	chipped:block/deepslate/ctm/common_textures/0	chipped:block/deepslate/ctm/brick_bordered_deepslate_ctm/3	chipped:block/deepslate/ctm/brick_bordered_deepslate_ctm/1	chipped:block/deepslate/ctm/brick_bordered_deepslate_ctm/2	ae590dac4bd9bc93eddb0136507e850b5be0885ab0430d338d1c9db7c92e2afa
chipped:brick_bordered_diorite	ctm	chipped:block/brick_bordered_diorite	minecraft:block/cube_all	chipped:block/diorite/brick_bordered_diorite	chipped:block/diorite/ctm/common_textures/0	chipped:block/diorite/ctm/brick_bordered_diorite_ctm/3	chipped:block/diorite/ctm/brick_bordered_diorite_ctm/1	chipped:block/diorite/ctm/brick_bordered_diorite_ctm/2	fe580d18afdceb0e5d3f7dd58081f97142478176a72ef179b483a05366c7452f
chipped:brick_bordered_dirt	ctm	chipped:block/brick_bordered_dirt	minecraft:block/cube_all	chipped:block/dirt/brick_bordered_dirt	chipped:block/dirt/ctm/brick_bordered_dirt_ctm/0	chipped:block/dirt/ctm/brick_bordered_dirt_ctm/3	chipped:block/dirt/ctm/brick_bordered_dirt_ctm/1	chipped:block/dirt/ctm/brick_bordered_dirt_ctm/2	4094d4cda05aded9db326f0f7537d08b6dc1dafd27f07b5d356b2899629091d2
chipped:brick_bordered_dripstone_block	ctm	chipped:block/brick_bordered_dripstone_block	minecraft:block/cube_all	chipped:block/dripstone_block/brick_bordered_dripstone_block	chipped:block/dripstone_block/ctm/common_textures/0	chipped:block/dripstone_block/ctm/brick_bordered_dripstone_block_ctm/3	chipped:block/dripstone_block/ctm/brick_bordered_dripstone_block_ctm/1	chipped:block/dripstone_block/ctm/brick_bordered_dripstone_block_ctm/2	4913ae8c4b76e53bf6d7862cd82f55a121e70b8e7d4abf827af218dd53df5240
chipped:brick_bordered_end_stone	ctm	chipped:block/brick_bordered_end_stone	minecraft:block/cube_all	chipped:block/end_stone/brick_bordered_end_stone	chipped:block/end_stone/ctm/common_textures/0	chipped:block/end_stone/ctm/brick_bordered_end_stone_ctm/3	chipped:block/end_stone/ctm/brick_bordered_end_stone_ctm/1	chipped:block/end_stone/ctm/brick_bordered_end_stone_ctm/2	e997287a65b45ce9d0c7a13f01ea632cf0be6e8cbff47a996c621971ff1896b6
chipped:brick_bordered_gilded_blackstone	ctm	chipped:block/brick_bordered_gilded_blackstone	minecraft:block/cube_all	chipped:block/gilded_blackstone/brick_bordered_gilded_blackstone	chipped:block/gilded_blackstone/ctm/common_textures/0	chipped:block/gilded_blackstone/ctm/brick_bordered_gilded_blackstone_ctm/3	chipped:block/gilded_blackstone/ctm/brick_bordered_gilded_blackstone_ctm/1	chipped:block/gilded_blackstone/ctm/brick_bordered_gilded_blackstone_ctm/2	3d1de221f6273d1be0f3edc1a9a6ec90d3fb9f3e53fe5eb2fbf048629db0b3e3
chipped:brick_bordered_granite	ctm	chipped:block/brick_bordered_granite	minecraft:block/cube_all	chipped:block/granite/brick_bordered_granite	chipped:block/granite/ctm/common_textures/0	chipped:block/granite/ctm/brick_bordered_granite_ctm/3	chipped:block/granite/ctm/brick_bordered_granite_ctm/1	chipped:block/granite/ctm/brick_bordered_granite_ctm/2	8be277e37de1cb77b823fb42cdd1b0fc85e160e747b08e17bf56073cf8eb8d81
chipped:brick_bordered_ice	ctm	chipped:block/brick_bordered_ice	minecraft:block/cube_all	chipped:block/ice/brick_bordered_ice	chipped:block/ice/ctm/common_textures/0	chipped:block/ice/ctm/brick_bordered_ice_ctm/3	chipped:block/ice/ctm/brick_bordered_ice_ctm/1	chipped:block/ice/ctm/brick_bordered_ice_ctm/2	af0457b9f7c1978fdb4b09d20bf3220712b1b0a28ac547cd65254eab4f729cdf
chipped:brick_bordered_lapis_block	ctm	chipped:block/brick_bordered_lapis_block	minecraft:block/cube_all	chipped:block/lapis_block/brick_bordered_lapis_block	chipped:block/lapis_block/ctm/common_textures/0	chipped:block/lapis_block/ctm/brick_bordered_lapis_block_ctm/3	chipped:block/lapis_block/ctm/brick_bordered_lapis_block_ctm/1	chipped:block/lapis_block/ctm/brick_bordered_lapis_block_ctm/2	15c15d740be46225bbe1bada544a0a643dc5987fbf0db2a47478fb051e576418
chipped:brick_bordered_lodestone	ctm	chipped:block/brick_bordered_lodestone	minecraft:block/cube_all	chipped:block/lodestone/brick_bordered_lodestone	chipped:block/lodestone/ctm/common_textures/0	chipped:block/lodestone/ctm/brick_bordered_lodestone_ctm/3	chipped:block/lodestone/ctm/brick_bordered_lodestone_ctm/1	chipped:block/lodestone/ctm/brick_bordered_lodestone_ctm/2	355e17df949d89f21317ba7cc83d8484077865a436c0843528d371837fd25652
chipped:brick_bordered_magma_block	ctm	chipped:block/brick_bordered_magma_block	minecraft:block/cube_all	chipped:block/magma_block/brick_bordered_magma_block	chipped:block/magma_block/ctm/common_textures/0	chipped:block/magma_block/ctm/brick_bordered_magma_block_ctm/3	chipped:block/magma_block/ctm/brick_bordered_magma_block_ctm/1	chipped:block/magma_block/ctm/brick_bordered_magma_block_ctm/2	910455bc948b297c3bb3831fba7dafdde10cd81baf4efc16f15a0600ddb5296f
chipped:brick_bordered_mossy_cobblestone	ctm	chipped:block/brick_bordered_mossy_cobblestone	minecraft:block/cube_all	chipped:block/mossy_cobblestone/brick_bordered_mossy_cobblestone	chipped:block/mossy_cobblestone/ctm/brick_bordered_mossy_cobblestone_ctm/0	chipped:block/mossy_cobblestone/ctm/brick_bordered_mossy_cobblestone_ctm/3	chipped:block/mossy_cobblestone/ctm/brick_bordered_mossy_cobblestone_ctm/1	chipped:block/mossy_cobblestone/ctm/brick_bordered_mossy_cobblestone_ctm/2	9337f18ecacf3752d856b87b2f1d865637a7d62e34b256c5733c1d5d6b9a037a
chipped:brick_bordered_mossy_stone_bricks	ctm	chipped:block/brick_bordered_mossy_stone_bricks	minecraft:block/cube_all	chipped:block/mossy_stone_bricks/brick_bordered_mossy_stone_bricks	chipped:block/mossy_stone_bricks/ctm/brick_bordered_mossy_stone_bricks_ctm/0	chipped:block/mossy_stone_bricks/ctm/brick_bordered_mossy_stone_bricks_ctm/3	chipped:block/mossy_stone_bricks/ctm/brick_bordered_mossy_stone_bricks_ctm/1	chipped:block/mossy_stone_bricks/ctm/brick_bordered_mossy_stone_bricks_ctm/2	05ac648ab20595e9736710d4f5320df91c47f4c028a808fb04c2cce8afc3c44e
chipped:brick_bordered_mud	ctm	chipped:block/brick_bordered_mud	minecraft:block/cube_all	chipped:block/mud/brick_bordered_mud	chipped:block/mud/ctm/common_textures/0	chipped:block/mud/ctm/brick_bordered_mud_ctm/3	chipped:block/mud/ctm/brick_bordered_mud_ctm/1	chipped:block/mud/ctm/brick_bordered_mud_ctm/2	91c8210be638fe5321bfc466af2be4072cc17b83e7ca38d5205443511258d205
chipped:brick_bordered_mud_bricks	ctm	chipped:block/brick_bordered_mud_bricks	minecraft:block/cube_all	chipped:block/mud_bricks/brick_bordered_mud_bricks	chipped:block/mud_bricks/ctm/common_textures/0	chipped:block/mud_bricks/ctm/brick_bordered_mud_bricks_ctm/3	chipped:block/mud_bricks/ctm/brick_bordered_mud_bricks_ctm/1	chipped:block/mud_bricks/ctm/brick_bordered_mud_bricks_ctm/2	50ccd409c3db12fa41fae9fc08f6714c605e2f7bee214ae1861fcf7bbea0cf4d
chipped:brick_bordered_nether_bricks	ctm	chipped:block/brick_bordered_nether_bricks	minecraft:block/cube_all	chipped:block/nether_bricks/brick_bordered_nether_bricks	chipped:block/nether_bricks/ctm/common_textures/0	chipped:block/nether_bricks/ctm/brick_bordered_nether_bricks_ctm/3	chipped:block/nether_bricks/ctm/brick_bordered_nether_bricks_ctm/1	chipped:block/nether_bricks/ctm/brick_bordered_nether_bricks_ctm/2	bfbd64c5619f276af013e1fffe8103d919d20093f70f636c28bf3fc2d2e384b8
chipped:brick_bordered_netherrack	ctm	chipped:block/brick_bordered_netherrack	minecraft:block/cube_all	chipped:block/netherrack/brick_bordered_netherrack	chipped:block/netherrack/ctm/common_textures/0	chipped:block/netherrack/ctm/brick_bordered_netherrack_ctm/3	chipped:block/netherrack/ctm/brick_bordered_netherrack_ctm/1	chipped:block/netherrack/ctm/brick_bordered_netherrack_ctm/2	d9cf7579c609f02e2298075a73094daeee26fcf3774a0ee679154b2342d59a01
chipped:brick_bordered_obsidian	ctm	chipped:block/brick_bordered_obsidian	minecraft:block/cube_all	chipped:block/obsidian/brick_bordered_obsidian	chipped:block/obsidian/ctm/common_textures/0	chipped:block/obsidian/ctm/brick_bordered_obsidian_ctm/3	chipped:block/obsidian/ctm/brick_bordered_obsidian_ctm/1	chipped:block/obsidian/ctm/brick_bordered_obsidian_ctm/2	58f5ccbe77c8b83f96e31a68a2efa3c866d3f2dbb89d2b1e0f67ccb768f37c4e
chipped:brick_bordered_packed_ice	ctm	chipped:block/brick_bordered_packed_ice	minecraft:block/cube_all	chipped:block/packed_ice/brick_bordered_packed_ice	chipped:block/packed_ice/ctm/common_textures/0	chipped:block/packed_ice/ctm/brick_bordered_packed_ice_ctm/3	chipped:block/packed_ice/ctm/brick_bordered_packed_ice_ctm/1	chipped:block/packed_ice/ctm/brick_bordered_packed_ice_ctm/2	1d1a7ed06b910746b3f17d63c180d97f244e131b284e129cade218622e18e388
chipped:brick_bordered_packed_mud	ctm	chipped:block/brick_bordered_packed_mud	minecraft:block/cube_all	chipped:block/packed_mud/brick_bordered_packed_mud	chipped:block/packed_mud/ctm/common_textures/0	chipped:block/packed_mud/ctm/brick_bordered_packed_mud_ctm/3	chipped:block/packed_mud/ctm/brick_bordered_packed_mud_ctm/1	chipped:block/packed_mud/ctm/brick_bordered_packed_mud_ctm/2	6c9835675be2d88fee8466ddc84c41406951943f216edac7c769979c4ac3565b
chipped:brick_bordered_prismarine	ctm	chipped:block/brick_bordered_prismarine	minecraft:block/cube_all	chipped:block/prismarine/brick_bordered_prismarine	chipped:block/prismarine/ctm/common_textures/0	chipped:block/prismarine/ctm/brick_bordered_prismarine_ctm/3	chipped:block/prismarine/ctm/brick_bordered_prismarine_ctm/1	chipped:block/prismarine/ctm/brick_bordered_prismarine_ctm/2	447e7a51151918b6728175f6cea329b7543d1e75c7dc6c82101f37eed79d1b64
chipped:brick_bordered_purpur_block	ctm	chipped:block/brick_bordered_purpur_block	minecraft:block/cube_all	chipped:block/purpur_block/brick_bordered_purpur_block	chipped:block/purpur_block/ctm/common_textures/0	chipped:block/purpur_block/ctm/brick_bordered_purpur_block_ctm/3	chipped:block/purpur_block/ctm/brick_bordered_purpur_block_ctm/1	chipped:block/purpur_block/ctm/brick_bordered_purpur_block_ctm/2	a7c49b711f47ca5dbc901eb4f522726ba5451e0c8e4aed01e59b89a8d8d88b14
chipped:brick_bordered_quartz_block	ctm	chipped:block/brick_bordered_quartz_block	minecraft:block/cube_all	chipped:block/quartz_block/brick_bordered_quartz_block	chipped:block/quartz_block/ctm/common_textures/0	chipped:block/quartz_block/ctm/brick_bordered_quartz_block_ctm/3	chipped:block/quartz_block/ctm/brick_bordered_quartz_block_ctm/1	chipped:block/quartz_block/ctm/brick_bordered_quartz_block_ctm/2	9d48cb2c61cf93cf5256cf3e15b7af6fd76020b7968b9485ac52f668bc589b7b
chipped:brick_bordered_raw_copper_block	ctm	chipped:block/brick_bordered_raw_copper_block	minecraft:block/cube_all	chipped:block/raw_copper_block/brick_bordered_raw_copper_block	chipped:block/raw_copper_block/ctm/brick_bordered_raw_copper_block_ctm/0	chipped:block/raw_copper_block/ctm/brick_bordered_raw_copper_block_ctm/3	chipped:block/raw_copper_block/ctm/brick_bordered_raw_copper_block_ctm/1	chipped:block/raw_copper_block/ctm/brick_bordered_raw_copper_block_ctm/2	8a6568052f97ff0211104a28bfe273341349f6de6f90db9b85febf69ed97800e
chipped:brick_bordered_raw_gold_block	ctm	chipped:block/brick_bordered_raw_gold_block	minecraft:block/cube_all	chipped:block/raw_gold_block/brick_bordered_raw_gold_block	chipped:block/raw_gold_block/ctm/common_textures/0	chipped:block/raw_gold_block/ctm/brick_bordered_raw_gold_block_ctm/3	chipped:block/raw_gold_block/ctm/brick_bordered_raw_gold_block_ctm/1	chipped:block/raw_gold_block/ctm/brick_bordered_raw_gold_block_ctm/2	62932cd34e8af6069c66b52330ced18531e6787341f6b955a20f4f37e547c9a3
chipped:brick_bordered_raw_iron_block	ctm	chipped:block/brick_bordered_raw_iron_block	minecraft:block/cube_all	chipped:block/raw_iron_block/brick_bordered_raw_iron_block	chipped:block/raw_iron_block/ctm/common_textures/0	chipped:block/raw_iron_block/ctm/brick_bordered_raw_iron_block_ctm/3	chipped:block/raw_iron_block/ctm/brick_bordered_raw_iron_block_ctm/1	chipped:block/raw_iron_block/ctm/brick_bordered_raw_iron_block_ctm/2	8f29166d602e663a43bcbfe0782f7b65ed4ce03eede1e5b427076f258611a01d
chipped:brick_bordered_red_nether_bricks	ctm	chipped:block/brick_bordered_red_nether_bricks	minecraft:block/cube_all	chipped:block/red_nether_bricks/brick_bordered_red_nether_bricks	chipped:block/red_nether_bricks/ctm/common_textures/0	chipped:block/red_nether_bricks/ctm/brick_bordered_red_nether_bricks_ctm/3	chipped:block/red_nether_bricks/ctm/brick_bordered_red_nether_bricks_ctm/1	chipped:block/red_nether_bricks/ctm/brick_bordered_red_nether_bricks_ctm/2	ed8e489158926a998fd600fc8ead0dfca14e98f675fa610c5a9bae23637bef7e
chipped:brick_bordered_red_sandstone	ctm	chipped:block/brick_bordered_red_sandstone	minecraft:block/cube_all	chipped:block/red_sandstone/brick_bordered_red_sandstone	chipped:block/red_sandstone/ctm/common_textures/0	chipped:block/red_sandstone/ctm/brick_bordered_red_sandstone_ctm/3	chipped:block/red_sandstone/ctm/brick_bordered_red_sandstone_ctm/1	chipped:block/red_sandstone/ctm/brick_bordered_red_sandstone_ctm/2	153982f0b387e402a1c127793a29c5bebff1b02bb96caf16b7b90f273e4347dd
chipped:brick_bordered_redstone_block	ctm	chipped:block/brick_bordered_redstone_block	minecraft:block/cube_all	chipped:block/redstone_block/brick_bordered_redstone_block	chipped:block/redstone_block/ctm/common_textures/0	chipped:block/redstone_block/ctm/brick_bordered_redstone_block_ctm/3	chipped:block/redstone_block/ctm/brick_bordered_redstone_block_ctm/1	chipped:block/redstone_block/ctm/brick_bordered_redstone_block_ctm/2	b7b65922aca1f945e959444f9c48294b310d8cd3ca9f14bdbc99204d077c3ed6
chipped:brick_bordered_sandstone	ctm	chipped:block/brick_bordered_sandstone	minecraft:block/cube_all	chipped:block/sandstone/brick_bordered_sandstone	chipped:block/sandstone/ctm/common_textures/0	chipped:block/sandstone/ctm/brick_bordered_sandstone_ctm/3	chipped:block/sandstone/ctm/brick_bordered_sandstone_ctm/1	chipped:block/sandstone/ctm/brick_bordered_sandstone_ctm/2	ada7d34413fe47ed9d31d0ab598c82d94ffe3ad978a6fe71228e3ed7f39eba7d
chipped:brick_bordered_smooth_stone	ctm	chipped:block/brick_bordered_smooth_stone	minecraft:block/cube_all	chipped:block/smooth_stone/brick_bordered_smooth_stone	chipped:block/smooth_stone/ctm/brick_bordered_smooth_stone_ctm/0	chipped:block/smooth_stone/ctm/brick_bordered_smooth_stone_ctm/3	chipped:block/smooth_stone/ctm/brick_bordered_smooth_stone_ctm/1	chipped:block/smooth_stone/ctm/brick_bordered_smooth_stone_ctm/2	78825ae712aecb7c3d341bedaaacb9f4127e53504dedc50a8d791925dfa46fa2
chipped:brick_bordered_snow_block	ctm	chipped:block/brick_bordered_snow_block	minecraft:block/cube_all	chipped:block/snow_block/brick_bordered_snow_block	chipped:block/snow_block/ctm/common_textures/0	chipped:block/snow_block/ctm/brick_bordered_snow_block_ctm/3	chipped:block/snow_block/ctm/brick_bordered_snow_block_ctm/1	chipped:block/snow_block/ctm/brick_bordered_snow_block_ctm/2	8636f94b5ec1e8a1dbb247df6d6efc78421926900fc28478fa1a8a16f39bac60
chipped:brick_bordered_stone	ctm	chipped:block/brick_bordered_stone	minecraft:block/cube_all	chipped:block/stone/brick_bordered_stone	chipped:block/stone/ctm/common_textures/0	chipped:block/stone/ctm/brick_bordered_stone_ctm/3	chipped:block/stone/ctm/brick_bordered_stone_ctm/1	chipped:block/stone/ctm/brick_bordered_stone_ctm/2	2c910de44154eff8d75551881dc3c76fd564d2e29f7541735b6ea30b9ecc16b8
chipped:brick_bordered_tuff	ctm	chipped:block/brick_bordered_tuff	minecraft:block/cube_all	chipped:block/tuff/brick_bordered_tuff	chipped:block/tuff/ctm/common_textures/0	chipped:block/tuff/ctm/brick_bordered_tuff_ctm/3	chipped:block/tuff/ctm/brick_bordered_tuff_ctm/1	chipped:block/tuff/ctm/brick_bordered_tuff_ctm/2	739e897637c93c0c836ee962c5866fc121881345c77693389b7879735d29289d
chipped:bricked_mangrove_planks	ctm	chipped:block/bricked_mangrove_planks	minecraft:block/cube_all	chipped:block/mangrove_planks/bricked_mangrove_planks	chipped:block/mangrove_planks/ctm/bricked_mangrove_planks_ctm/0	chipped:block/mangrove_planks/ctm/bricked_mangrove_planks_ctm/3	chipped:block/mangrove_planks/ctm/bricked_mangrove_planks_ctm/1	chipped:block/mangrove_planks/ctm/bricked_mangrove_planks_ctm/2	dad35106f5efb41b470f8b554f4a5c2a0478f61be09ceeb233c9bf7ba42b0856
chipped:brown_concrete_panel	ctm	chipped:block/brown_concrete_panel	minecraft:block/cube_all	chipped:block/brown_concrete/brown_concrete_panel	chipped:block/brown_concrete/ctm/common_textures/0	chipped:block/brown_concrete/ctm/brown_concrete_panel_ctm/3	chipped:block/brown_concrete/ctm/brown_concrete_panel_ctm/1	chipped:block/brown_concrete/ctm/brown_concrete_panel_ctm/2	6160f3f9b6fc2cc3e02de20100b6b2d78ca8a80ea749dd6428106e1222534d82
chipped:brown_concrete_pillar	pillar	chipped:block/brown_concrete_pillar	minecraft:block/cube_column	chipped:block/brown_concrete/brown_concrete_pillar	chipped:block/brown_concrete/ctm/brown_concrete_pillar/0	chipped:block/brown_concrete/ctm/brown_concrete_pillar/1	chipped:block/brown_concrete/ctm/common_textures/1	chipped:block/brown_concrete/ctm/brown_concrete_pillar/3	f7bc89468c269fdd012f4efdf4b8001706ec8d32f3ce713057c01a6e4abf17a0
chipped:brown_terracotta_column	pillar	chipped:block/brown_terracotta_column	minecraft:block/cube_column	chipped:block/brown_terracotta/brown_terracotta_column	chipped:block/brown_terracotta/ctm/brown_terracotta_column/0	chipped:block/brown_terracotta/ctm/brown_terracotta_column/1	chipped:block/brown_terracotta/ctm/brown_terracotta_column/2	chipped:block/brown_terracotta/ctm/brown_terracotta_column/3	e3631898b520e17550840406a7a08552f700fdf4799feb9a3fe43383b69acd78
chipped:brown_terracotta_pillar	pillar	chipped:block/brown_terracotta_pillar	minecraft:block/cube_column	chipped:block/brown_terracotta/brown_terracotta_pillar	chipped:block/brown_terracotta/ctm/brown_terracotta_pillar/0	chipped:block/brown_terracotta/ctm/brown_terracotta_pillar/1	chipped:block/brown_terracotta/ctm/brown_terracotta_pillar/2	chipped:block/brown_terracotta/ctm/brown_terracotta_pillar/3	adf6638c68d63d3c73b9ce0a8594da1eb197c0297c6b73d11fb35a817bf4e53a
chipped:carved_mud_bricks_pillar	pillar	chipped:block/carved_mud_bricks_pillar	minecraft:block/cube_column	chipped:block/mud_bricks/carved_mud_bricks_pillar	chipped:block/mud_bricks/ctm/carved_mud_bricks_pillar/0	chipped:block/mud_bricks/ctm/carved_mud_bricks_pillar/1	chipped:block/mud_bricks/ctm/carved_mud_bricks_pillar/2	chipped:block/mud_bricks/ctm/carved_mud_bricks_pillar/3	c1064fe92c3fe9568ba0c6a337a810732babff318f676ca934df8047763f6406
chipped:carved_mud_pillar	pillar	chipped:block/carved_mud_pillar	minecraft:block/cube_column	chipped:block/mud/carved_mud_pillar	chipped:block/mud/ctm/carved_mud_pillar/0	chipped:block/mud/ctm/carved_mud_pillar/1	chipped:block/mud/ctm/carved_mud_pillar/2	chipped:block/mud/ctm/carved_mud_pillar/3	75e185871f662bd92707f0cef3bfa6fc1068c194ecb9575d7d655c7d3a389517
chipped:carved_packed_mud_pillar	pillar	chipped:block/carved_packed_mud_pillar	minecraft:block/cube_column	chipped:block/packed_mud/carved_packed_mud_pillar	chipped:block/packed_mud/ctm/carved_packed_mud_pillar/0	chipped:block/packed_mud/ctm/carved_packed_mud_pillar/1	chipped:block/packed_mud/ctm/carved_packed_mud_pillar/2	chipped:block/packed_mud/ctm/carved_packed_mud_pillar/3	f92628264fd3a1f89ed9c8d6732853513cf9ba97a3a91bee235dfed48b36cb85
chipped:cherry_planks_panel	ctm	chipped:block/cherry_planks_panel	minecraft:block/cube_all	chipped:block/cherry_planks/cherry_planks_panel	chipped:block/cherry_planks/ctm/common_textures/0	chipped:block/cherry_planks/ctm/cherry_planks_panel_ctm/3	chipped:block/cherry_planks/ctm/cherry_planks_panel_ctm/1	chipped:block/cherry_planks/ctm/cherry_planks_panel_ctm/2	0b3f4364a3320857b671c40f2f571cd8fb9ccd08ef76a6c1e97d7b82fcacc72f
chipped:circular_black_terracotta	giant	chipped:block/circular_black_terracotta	minecraft:block/cube_all	chipped:block/black_terracotta/circular_black_terracotta	chipped:block/black_terracotta/ctm/circular_black_terracotta/0	chipped:block/black_terracotta/ctm/circular_black_terracotta/1	chipped:block/black_terracotta/ctm/circular_black_terracotta/2	chipped:block/black_terracotta/ctm/circular_black_terracotta/3	31d8b5cc02cc5b895123f4f33e600fdb70a0111e9f584ffaafea052a7d6a1626
chipped:circular_blue_terracotta	giant	chipped:block/circular_blue_terracotta	minecraft:block/cube_all	chipped:block/blue_terracotta/circular_blue_terracotta	chipped:block/blue_terracotta/ctm/circular_blue_terracotta/0	chipped:block/blue_terracotta/ctm/circular_blue_terracotta/1	chipped:block/blue_terracotta/ctm/circular_blue_terracotta/2	chipped:block/blue_terracotta/ctm/circular_blue_terracotta/3	905fe6f62bf8253ecd7385762e59b67ebf1647645d9dddeff32ce358e9607675
chipped:circular_brown_terracotta	giant	chipped:block/circular_brown_terracotta	minecraft:block/cube_all	chipped:block/brown_terracotta/circular_brown_terracotta	chipped:block/brown_terracotta/ctm/circular_brown_terracotta/0	chipped:block/brown_terracotta/ctm/circular_brown_terracotta/1	chipped:block/brown_terracotta/ctm/circular_brown_terracotta/2	chipped:block/brown_terracotta/ctm/circular_brown_terracotta/3	98289821d0af380279d31011dab88762611bb7b52ea6687574151d3ae2731fea
chipped:circular_cyan_terracotta	giant	chipped:block/circular_cyan_terracotta	minecraft:block/cube_all	chipped:block/cyan_terracotta/circular_cyan_terracotta	chipped:block/cyan_terracotta/ctm/circular_cyan_terracotta/0	chipped:block/cyan_terracotta/ctm/circular_cyan_terracotta/1	chipped:block/cyan_terracotta/ctm/circular_cyan_terracotta/2	chipped:block/cyan_terracotta/ctm/circular_cyan_terracotta/3	24d578478c5a82cac1c871111922cc97f027523b155323cb5f4cab50eb048007
chipped:circular_gray_terracotta	giant	chipped:block/circular_gray_terracotta	minecraft:block/cube_all	chipped:block/gray_terracotta/circular_gray_terracotta	chipped:block/gray_terracotta/ctm/circular_gray_terracotta/0	chipped:block/gray_terracotta/ctm/circular_gray_terracotta/1	chipped:block/gray_terracotta/ctm/circular_gray_terracotta/2	chipped:block/gray_terracotta/ctm/circular_gray_terracotta/3	8afc360bb43e6a966a6b2fc48b06b6f5e53f7f3eff1ae183517595287d16e4b8
chipped:circular_green_terracotta	giant	chipped:block/circular_green_terracotta	minecraft:block/cube_all	chipped:block/green_terracotta/circular_green_terracotta	chipped:block/green_terracotta/ctm/circular_green_terracotta/0	chipped:block/green_terracotta/ctm/circular_green_terracotta/1	chipped:block/green_terracotta/ctm/circular_green_terracotta/2	chipped:block/green_terracotta/ctm/circular_green_terracotta/3	614f397667193f5f538c650ea32db66b99359f4e62e2b2f8575db1fdc8dabd22
chipped:circular_light_blue_terracotta	giant	chipped:block/circular_light_blue_terracotta	minecraft:block/cube_all	chipped:block/light_blue_terracotta/circular_light_blue_terracotta	chipped:block/light_blue_terracotta/ctm/circular_light_blue_terracotta/0	chipped:block/light_blue_terracotta/ctm/circular_light_blue_terracotta/1	chipped:block/light_blue_terracotta/ctm/circular_light_blue_terracotta/2	chipped:block/light_blue_terracotta/ctm/circular_light_blue_terracotta/3	05e98475cbc2c7846c43aca34abb2a8eea3bb107388bda76b5b35a5cba97dbd4
chipped:circular_light_gray_terracotta	giant	chipped:block/circular_light_gray_terracotta	minecraft:block/cube_all	chipped:block/light_gray_terracotta/circular_light_gray_terracotta	chipped:block/light_gray_terracotta/ctm/circular_light_gray_terracotta/0	chipped:block/light_gray_terracotta/ctm/circular_light_gray_terracotta/1	chipped:block/light_gray_terracotta/ctm/circular_light_gray_terracotta/2	chipped:block/light_gray_terracotta/ctm/circular_light_gray_terracotta/3	ef2b77ee45a60966dc8fdbd626d837d2c916f296f690d9ecb8401cba6d74bba2
chipped:circular_lime_terracotta	giant	chipped:block/circular_lime_terracotta	minecraft:block/cube_all	chipped:block/lime_terracotta/circular_lime_terracotta	chipped:block/lime_terracotta/ctm/circular_lime_terracotta/0	chipped:block/lime_terracotta/ctm/circular_lime_terracotta/1	chipped:block/lime_terracotta/ctm/circular_lime_terracotta/2	chipped:block/lime_terracotta/ctm/circular_lime_terracotta/3	1c06b0a9e8752ee2127310f70ed6249778e660bb34647f0309514c07ec536cfc
chipped:circular_magenta_terracotta	giant	chipped:block/circular_magenta_terracotta	minecraft:block/cube_all	chipped:block/magenta_terracotta/circular_magenta_terracotta	chipped:block/magenta_terracotta/ctm/circular_magenta_terracotta/0	chipped:block/magenta_terracotta/ctm/circular_magenta_terracotta/1	chipped:block/magenta_terracotta/ctm/circular_magenta_terracotta/2	chipped:block/magenta_terracotta/ctm/circular_magenta_terracotta/3	5080a51ed935ace31b65c932c99b03e37fd171bf13256e8f22bcef53edc9e656
chipped:circular_orange_terracotta	giant	chipped:block/circular_orange_terracotta	minecraft:block/cube_all	chipped:block/orange_terracotta/circular_orange_terracotta	chipped:block/orange_terracotta/ctm/circular_orange_terracotta/0	chipped:block/orange_terracotta/ctm/circular_orange_terracotta/1	chipped:block/orange_terracotta/ctm/circular_orange_terracotta/2	chipped:block/orange_terracotta/ctm/circular_orange_terracotta/3	3372e8519a82172e1773cbb487d3d0621a08e0c43880c9160f76c896ea468c3f
chipped:circular_pink_terracotta	giant	chipped:block/circular_pink_terracotta	minecraft:block/cube_all	chipped:block/pink_terracotta/circular_pink_terracotta	chipped:block/pink_terracotta/ctm/circular_pink_terracotta/0	chipped:block/pink_terracotta/ctm/circular_pink_terracotta/1	chipped:block/pink_terracotta/ctm/circular_pink_terracotta/2	chipped:block/pink_terracotta/ctm/circular_pink_terracotta/3	b2bd06ae4c2780de9b022896ef7e93aa1d2ef48ed2aeaaf231ab49db90d35faa
chipped:circular_purple_terracotta	giant	chipped:block/circular_purple_terracotta	minecraft:block/cube_all	chipped:block/purple_terracotta/circular_purple_terracotta	chipped:block/purple_terracotta/ctm/circular_purple_terracotta/0	chipped:block/purple_terracotta/ctm/circular_purple_terracotta/1	chipped:block/purple_terracotta/ctm/circular_purple_terracotta/2	chipped:block/purple_terracotta/ctm/circular_purple_terracotta/3	156b2c2d95cbe9a37c52c27c274edc952d5c42954b8b70ad73aa2d32ebdbefb9
chipped:circular_red_terracotta	giant	chipped:block/circular_red_terracotta	minecraft:block/cube_all	chipped:block/red_terracotta/circular_red_terracotta	chipped:block/red_terracotta/ctm/circular_red_terracotta/0	chipped:block/red_terracotta/ctm/circular_red_terracotta/1	chipped:block/red_terracotta/ctm/circular_red_terracotta/2	chipped:block/red_terracotta/ctm/circular_red_terracotta/3	f74a55178314163b904bdd8612733c6a90c3c84ae5b418be017b73fffe88bdc7
chipped:circular_terracotta	giant	chipped:block/circular_terracotta	minecraft:block/cube_all	chipped:block/terracotta/circular_terracotta	chipped:block/terracotta/ctm/circular_terracotta/0	chipped:block/terracotta/ctm/circular_terracotta/1	chipped:block/terracotta/ctm/circular_terracotta/2	chipped:block/terracotta/ctm/circular_terracotta/3	6c717d4f2e35766e6c342b64b5f67be7e2e17f6686a6bb91d02a43544c96d50e
chipped:circular_white_terracotta	giant	chipped:block/circular_white_terracotta	minecraft:block/cube_all	chipped:block/white_terracotta/circular_white_terracotta	chipped:block/white_terracotta/ctm/circular_white_terracotta/0	chipped:block/white_terracotta/ctm/circular_white_terracotta/1	chipped:block/white_terracotta/ctm/circular_white_terracotta/2	chipped:block/white_terracotta/ctm/circular_white_terracotta/3	517be5020f8a7d45c450d817c7b506e3664377d8b02eece06ec995a298bcbb51
chipped:circular_yellow_terracotta	giant	chipped:block/circular_yellow_terracotta	minecraft:block/cube_all	chipped:block/yellow_terracotta/circular_yellow_terracotta	chipped:block/yellow_terracotta/ctm/circular_yellow_terracotta/0	chipped:block/yellow_terracotta/ctm/circular_yellow_terracotta/1	chipped:block/yellow_terracotta/ctm/circular_yellow_terracotta/2	chipped:block/yellow_terracotta/ctm/circular_yellow_terracotta/3	0835dc9c7d140ef8ea41b9a76a29ab32a2d9c2ad85ea5936f1b88a8628731ef1
chipped:clear_leaded_glass	ctm	chipped:block/clear_leaded_glass	minecraft:block/cube_all	chipped:block/glass/clear_leaded_glass	chipped:block/glass/ctm/clear_leaded_glass_ctm/0	chipped:block/glass/ctm/clear_leaded_glass_ctm/3	chipped:block/glass/ctm/clear_leaded_glass_ctm/1	chipped:block/glass/ctm/clear_leaded_glass_ctm/2	c33d4631c6a1695c84ce8714fbb1789afb0119053b6f0a314b9063d64a0d04a6
chipped:clear_leaded_glass_pane	pane_ctm	chipped:block/clear_leaded_glass_pane	minecraft:block/cube_all	chipped:block/glass/clear_leaded_glass	chipped:block/glass/ctm/clear_leaded_glass_ctm/0	chipped:block/glass/ctm/clear_leaded_glass_ctm/3	chipped:block/glass/ctm/clear_leaded_glass_ctm/1	chipped:block/glass/ctm/clear_leaded_glass_ctm/2	c33d4631c6a1695c84ce8714fbb1789afb0119053b6f0a314b9063d64a0d04a6
chipped:cornered_acacia_planks	ctm	chipped:block/cornered_acacia_planks	minecraft:block/cube_all	chipped:block/acacia_planks/cornered_acacia_planks	chipped:block/acacia_planks/ctm/cornered_acacia_planks_ctm/0	chipped:block/acacia_planks/ctm/cornered_acacia_planks_ctm/3	chipped:block/acacia_planks/ctm/cornered_acacia_planks_ctm/1	chipped:block/acacia_planks/ctm/cornered_acacia_planks_ctm/2	dc88dd4c0827036e98436b2392e30b5b75ebf7de1aa41b4ca03f889675f7d002
chipped:cornered_bamboo_planks	ctm	chipped:block/cornered_bamboo_planks	minecraft:block/cube_all	chipped:block/bamboo_planks/cornered_bamboo_planks	chipped:block/bamboo_planks/ctm/common_textures/1	chipped:block/bamboo_planks/ctm/common_textures/4	chipped:block/bamboo_planks/ctm/common_textures/2	chipped:block/bamboo_planks/ctm/common_textures/3	98ddfa58c98ae504542168398a0b4e1c65472750666e89826b9e2c53d6a0c7e5
chipped:cornered_birch_planks	ctm	chipped:block/cornered_birch_planks	minecraft:block/cube_all	chipped:block/birch_planks/cornered_birch_planks	chipped:block/birch_planks/ctm/cornered_birch_planks_ctm/0	chipped:block/birch_planks/ctm/cornered_birch_planks_ctm/3	chipped:block/birch_planks/ctm/cornered_birch_planks_ctm/1	chipped:block/birch_planks/ctm/cornered_birch_planks_ctm/2	fc365ce39f9188e31cae999e2d398af09892c8efe1eb90a7ef187c564fce1c77
chipped:cornered_black_carpet	carpet_ctm	chipped:block/cornered_black_carpet	minecraft:block/carpet	chipped:block/black_wool/cornered_black_wool	chipped:block/black_wool/ctm/common_textures/0	chipped:block/black_wool/ctm/cornered_black_wool_ctm/3	chipped:block/black_wool/ctm/cornered_black_wool_ctm/1	chipped:block/black_wool/ctm/cornered_black_wool_ctm/2	8fabd089c1fbee66283a85ec258467c4cf2cdbc9e83d24409da847ad172397a7
chipped:cornered_black_wool	ctm	chipped:block/cornered_black_wool	minecraft:block/cube_all	chipped:block/black_wool/cornered_black_wool	chipped:block/black_wool/ctm/common_textures/0	chipped:block/black_wool/ctm/cornered_black_wool_ctm/3	chipped:block/black_wool/ctm/cornered_black_wool_ctm/1	chipped:block/black_wool/ctm/cornered_black_wool_ctm/2	cc32de7592802efb3e464ccd0b21d6de007fd65a3982979917c6ea0032fd5549
chipped:cornered_blue_carpet	carpet_ctm	chipped:block/cornered_blue_carpet	minecraft:block/carpet	chipped:block/blue_wool/cornered_blue_wool	chipped:block/blue_wool/ctm/common_textures/0	chipped:block/blue_wool/ctm/cornered_blue_wool_ctm/3	chipped:block/blue_wool/ctm/cornered_blue_wool_ctm/1	chipped:block/blue_wool/ctm/cornered_blue_wool_ctm/2	b358c68d757e2da63c5b6c21f45edd0b41c473d0277e6ad2818c81c0a4927c36
chipped:cornered_blue_wool	ctm	chipped:block/cornered_blue_wool	minecraft:block/cube_all	chipped:block/blue_wool/cornered_blue_wool	chipped:block/blue_wool/ctm/common_textures/0	chipped:block/blue_wool/ctm/cornered_blue_wool_ctm/3	chipped:block/blue_wool/ctm/cornered_blue_wool_ctm/1	chipped:block/blue_wool/ctm/cornered_blue_wool_ctm/2	e115cf036681cfe559d8b464489fa15f535b8ffb7018c608dabd02d5bb9e6d34
chipped:cornered_brown_carpet	carpet_ctm	chipped:block/cornered_brown_carpet	minecraft:block/carpet	chipped:block/brown_wool/cornered_brown_wool	chipped:block/brown_wool/ctm/common_textures/0	chipped:block/brown_wool/ctm/cornered_brown_wool_ctm/3	chipped:block/brown_wool/ctm/cornered_brown_wool_ctm/1	chipped:block/brown_wool/ctm/cornered_brown_wool_ctm/2	66b9f1f8c1a798c12a994bd6cd7f34281695d97c0a2ec95781416d21e1975512
chipped:cornered_brown_wool	ctm	chipped:block/cornered_brown_wool	minecraft:block/cube_all	chipped:block/brown_wool/cornered_brown_wool	chipped:block/brown_wool/ctm/common_textures/0	chipped:block/brown_wool/ctm/cornered_brown_wool_ctm/3	chipped:block/brown_wool/ctm/cornered_brown_wool_ctm/1	chipped:block/brown_wool/ctm/cornered_brown_wool_ctm/2	e267aeb344cba17962e3e53867274d388ae62ab8b05cd041d2558c37ea2505ba
chipped:cornered_cherry_planks	ctm	chipped:block/cornered_cherry_planks	minecraft:block/cube_all	chipped:block/cherry_planks/cornered_cherry_planks	chipped:block/cherry_planks/ctm/cornered_cherry_planks_ctm/0	chipped:block/cherry_planks/ctm/cornered_cherry_planks_ctm/3	chipped:block/cherry_planks/ctm/cornered_cherry_planks_ctm/1	chipped:block/cherry_planks/ctm/cornered_cherry_planks_ctm/2	3bba5232c6dd5fe33494ec2bb957a23f4eef94fe8fa6a1c765c2de733cdf2a2d
chipped:cornered_crimson_planks	ctm	chipped:block/cornered_crimson_planks	minecraft:block/cube_all	chipped:block/crimson_planks/cornered_crimson_planks	chipped:block/crimson_planks/ctm/cornered_crimson_planks_ctm/0	chipped:block/crimson_planks/ctm/cornered_crimson_planks_ctm/3	chipped:block/crimson_planks/ctm/cornered_crimson_planks_ctm/1	chipped:block/crimson_planks/ctm/cornered_crimson_planks_ctm/2	db15ae91f1150c4c9798d8cfea80e178356c5f29cf0a98dfe99a39ff7567969f
chipped:cornered_cyan_carpet	carpet_ctm	chipped:block/cornered_cyan_carpet	minecraft:block/carpet	chipped:block/cyan_wool/cornered_cyan_wool	chipped:block/cyan_wool/ctm/common_textures/0	chipped:block/cyan_wool/ctm/cornered_cyan_wool_ctm/3	chipped:block/cyan_wool/ctm/cornered_cyan_wool_ctm/1	chipped:block/cyan_wool/ctm/cornered_cyan_wool_ctm/2	840267e248462bb657300f0ba56912133092728f2ecc65733ff7bad7f4c3bd56
chipped:cornered_cyan_wool	ctm	chipped:block/cornered_cyan_wool	minecraft:block/cube_all	chipped:block/cyan_wool/cornered_cyan_wool	chipped:block/cyan_wool/ctm/common_textures/0	chipped:block/cyan_wool/ctm/cornered_cyan_wool_ctm/3	chipped:block/cyan_wool/ctm/cornered_cyan_wool_ctm/1	chipped:block/cyan_wool/ctm/cornered_cyan_wool_ctm/2	9842363f6f48fc412bf15842c6f4621954cff3414fa93f76a0b0b0f86bfb6794
chipped:cornered_dark_oak_planks	ctm	chipped:block/cornered_dark_oak_planks	minecraft:block/cube_all	chipped:block/dark_oak_planks/cornered_dark_oak_planks	chipped:block/dark_oak_planks/ctm/cornered_dark_oak_planks_ctm/0	chipped:block/dark_oak_planks/ctm/cornered_dark_oak_planks_ctm/3	chipped:block/dark_oak_planks/ctm/cornered_dark_oak_planks_ctm/1	chipped:block/dark_oak_planks/ctm/cornered_dark_oak_planks_ctm/2	085e3d5c4f05809e8b9ff5a6224377a7593fc32dd38c6e3f9b9de835e8816b07
chipped:cornered_gray_carpet	carpet_ctm	chipped:block/cornered_gray_carpet	minecraft:block/carpet	chipped:block/gray_wool/cornered_gray_wool	chipped:block/gray_wool/ctm/common_textures/0	chipped:block/gray_wool/ctm/cornered_gray_wool_ctm/3	chipped:block/gray_wool/ctm/cornered_gray_wool_ctm/1	chipped:block/gray_wool/ctm/cornered_gray_wool_ctm/2	398fb3584f152e8395f0e37a16073cf1bcce4a2dad62dd1fbefedefa0e65fd03
chipped:cornered_gray_wool	ctm	chipped:block/cornered_gray_wool	minecraft:block/cube_all	chipped:block/gray_wool/cornered_gray_wool	chipped:block/gray_wool/ctm/common_textures/0	chipped:block/gray_wool/ctm/cornered_gray_wool_ctm/3	chipped:block/gray_wool/ctm/cornered_gray_wool_ctm/1	chipped:block/gray_wool/ctm/cornered_gray_wool_ctm/2	e2f4c5ee7f25ca26091e38adcd05c20c27550fe80ac75bf9f715bd786a93157e
chipped:cornered_green_carpet	carpet_ctm	chipped:block/cornered_green_carpet	minecraft:block/carpet	chipped:block/green_wool/cornered_green_wool	chipped:block/green_wool/ctm/common_textures/0	chipped:block/green_wool/ctm/cornered_green_wool_ctm/3	chipped:block/green_wool/ctm/cornered_green_wool_ctm/1	chipped:block/green_wool/ctm/cornered_green_wool_ctm/2	de7afee81e74ee8424fc72b28d96330b60d025261b7082bcbb88542d63ea1a0f
chipped:cornered_green_wool	ctm	chipped:block/cornered_green_wool	minecraft:block/cube_all	chipped:block/green_wool/cornered_green_wool	chipped:block/green_wool/ctm/common_textures/0	chipped:block/green_wool/ctm/cornered_green_wool_ctm/3	chipped:block/green_wool/ctm/cornered_green_wool_ctm/1	chipped:block/green_wool/ctm/cornered_green_wool_ctm/2	18e3525d993b2442520db36cb7ab1bd0db8141d7c81d8c180251c19502642ee4
chipped:cornered_jungle_planks	ctm	chipped:block/cornered_jungle_planks	minecraft:block/cube_all	chipped:block/jungle_planks/cornered_jungle_planks	chipped:block/jungle_planks/ctm/cornered_jungle_planks_ctm/0	chipped:block/jungle_planks/ctm/cornered_jungle_planks_ctm/3	chipped:block/jungle_planks/ctm/cornered_jungle_planks_ctm/1	chipped:block/jungle_planks/ctm/cornered_jungle_planks_ctm/2	78a0f0fb91710481402aa4c8176f5256e210b11943ebc0f3d11fb150c052a04d
chipped:cornered_light_blue_carpet	carpet_ctm	chipped:block/cornered_light_blue_carpet	minecraft:block/carpet	chipped:block/light_blue_wool/cornered_light_blue_wool	chipped:block/light_blue_wool/ctm/common_textures/0	chipped:block/light_blue_wool/ctm/cornered_light_blue_wool_ctm/3	chipped:block/light_blue_wool/ctm/cornered_light_blue_wool_ctm/1	chipped:block/light_blue_wool/ctm/cornered_light_blue_wool_ctm/2	1da2a2029ab4266645d398516de166608d371c19202b145545b109744ebf13d1
chipped:cornered_light_blue_wool	ctm	chipped:block/cornered_light_blue_wool	minecraft:block/cube_all	chipped:block/light_blue_wool/cornered_light_blue_wool	chipped:block/light_blue_wool/ctm/common_textures/0	chipped:block/light_blue_wool/ctm/cornered_light_blue_wool_ctm/3	chipped:block/light_blue_wool/ctm/cornered_light_blue_wool_ctm/1	chipped:block/light_blue_wool/ctm/cornered_light_blue_wool_ctm/2	b13dbe95b7ddc46fe582cfed7c5db63ece350923867b439b0f50df9f2c1caaa2
chipped:cornered_light_gray_carpet	carpet_ctm	chipped:block/cornered_light_gray_carpet	minecraft:block/carpet	chipped:block/light_gray_wool/cornered_light_gray_wool	chipped:block/light_gray_wool/ctm/common_textures/0	chipped:block/light_gray_wool/ctm/cornered_light_gray_wool_ctm/3	chipped:block/light_gray_wool/ctm/cornered_light_gray_wool_ctm/1	chipped:block/light_gray_wool/ctm/cornered_light_gray_wool_ctm/2	9cc1b0c2fba551d7631057515e63f73ce64e936e529a06fd2b0540cd6f45a2d1
chipped:cornered_light_gray_wool	ctm	chipped:block/cornered_light_gray_wool	minecraft:block/cube_all	chipped:block/light_gray_wool/cornered_light_gray_wool	chipped:block/light_gray_wool/ctm/common_textures/0	chipped:block/light_gray_wool/ctm/cornered_light_gray_wool_ctm/3	chipped:block/light_gray_wool/ctm/cornered_light_gray_wool_ctm/1	chipped:block/light_gray_wool/ctm/cornered_light_gray_wool_ctm/2	0767ddd7de9006166550e28a38ca7c32ca73ed2b803241bab29e73d7d3f9822d
chipped:cornered_lime_carpet	carpet_ctm	chipped:block/cornered_lime_carpet	minecraft:block/carpet	chipped:block/lime_wool/cornered_lime_wool	chipped:block/lime_wool/ctm/common_textures/0	chipped:block/lime_wool/ctm/cornered_lime_wool_ctm/3	chipped:block/lime_wool/ctm/cornered_lime_wool_ctm/1	chipped:block/lime_wool/ctm/cornered_lime_wool_ctm/2	6d3df5226370591d12870dcdafbccf70a671fabb44a8f6e84a2c45a64f1664b6
chipped:cornered_lime_wool	ctm	chipped:block/cornered_lime_wool	minecraft:block/cube_all	chipped:block/lime_wool/cornered_lime_wool	chipped:block/lime_wool/ctm/common_textures/0	chipped:block/lime_wool/ctm/cornered_lime_wool_ctm/3	chipped:block/lime_wool/ctm/cornered_lime_wool_ctm/1	chipped:block/lime_wool/ctm/cornered_lime_wool_ctm/2	b33150f745a9eda876df6b9e6f5da334520d533cf63beb6514b7a7e2f65f3ec5
chipped:cornered_magenta_carpet	carpet_ctm	chipped:block/cornered_magenta_carpet	minecraft:block/carpet	chipped:block/magenta_wool/cornered_magenta_wool	chipped:block/magenta_wool/ctm/common_textures/0	chipped:block/magenta_wool/ctm/cornered_magenta_wool_ctm/3	chipped:block/magenta_wool/ctm/cornered_magenta_wool_ctm/1	chipped:block/magenta_wool/ctm/cornered_magenta_wool_ctm/2	7955763415ead17787e76a573e5ef441fa219f01e7f49d4d222934d5192fb0b4
chipped:cornered_magenta_wool	ctm	chipped:block/cornered_magenta_wool	minecraft:block/cube_all	chipped:block/magenta_wool/cornered_magenta_wool	chipped:block/magenta_wool/ctm/common_textures/0	chipped:block/magenta_wool/ctm/cornered_magenta_wool_ctm/3	chipped:block/magenta_wool/ctm/cornered_magenta_wool_ctm/1	chipped:block/magenta_wool/ctm/cornered_magenta_wool_ctm/2	e0def956012f5e4c81caecf69feab099b08aeed559ddb834a35ac0218ee6a461
chipped:cornered_mangrove_planks	ctm	chipped:block/cornered_mangrove_planks	minecraft:block/cube_all	chipped:block/mangrove_planks/cornered_mangrove_planks	chipped:block/mangrove_planks/ctm/cornered_mangrove_planks_ctm/0	chipped:block/mangrove_planks/ctm/cornered_mangrove_planks_ctm/3	chipped:block/mangrove_planks/ctm/cornered_mangrove_planks_ctm/1	chipped:block/mangrove_planks/ctm/cornered_mangrove_planks_ctm/2	0970c214ebd12d91c74cb36f6cb4c7097e01dcc28e40b4be2de808288a8f4e5a
chipped:cornered_oak_planks	ctm	chipped:block/cornered_oak_planks	minecraft:block/cube_all	chipped:block/oak_planks/cornered_oak_planks	chipped:block/oak_planks/ctm/cornered_oak_planks_ctm/0	chipped:block/oak_planks/ctm/cornered_oak_planks_ctm/3	chipped:block/oak_planks/ctm/cornered_oak_planks_ctm/1	chipped:block/oak_planks/ctm/cornered_oak_planks_ctm/2	a0dcc5802ae9ef3d77f3e0b35d1cfb738905f6333fa55f9a6d199a04971f3a02
chipped:cornered_orange_carpet	carpet_ctm	chipped:block/cornered_orange_carpet	minecraft:block/carpet	chipped:block/orange_wool/cornered_orange_wool	chipped:block/orange_wool/ctm/common_textures/0	chipped:block/orange_wool/ctm/cornered_orange_wool_ctm/3	chipped:block/orange_wool/ctm/cornered_orange_wool_ctm/1	chipped:block/orange_wool/ctm/cornered_orange_wool_ctm/2	d8bb3654e04beced151da6909c4b8e65805a2d3c2c2c68857f462043c2c67152
chipped:cornered_orange_wool	ctm	chipped:block/cornered_orange_wool	minecraft:block/cube_all	chipped:block/orange_wool/cornered_orange_wool	chipped:block/orange_wool/ctm/common_textures/0	chipped:block/orange_wool/ctm/cornered_orange_wool_ctm/3	chipped:block/orange_wool/ctm/cornered_orange_wool_ctm/1	chipped:block/orange_wool/ctm/cornered_orange_wool_ctm/2	b76461a7a92799b39be5a6fee6a33b2228e5e8058aea064c7b1d9f94895169ff
chipped:cornered_pink_carpet	carpet_ctm	chipped:block/cornered_pink_carpet	minecraft:block/carpet	chipped:block/pink_wool/cornered_pink_wool	chipped:block/pink_wool/ctm/common_textures/0	chipped:block/pink_wool/ctm/cornered_pink_wool_ctm/3	chipped:block/pink_wool/ctm/cornered_pink_wool_ctm/1	chipped:block/pink_wool/ctm/cornered_pink_wool_ctm/2	9ce1b01e7dd64142a8a2972c914b855959cfc47ee07799845c33bf9f6037e371
chipped:cornered_pink_wool	ctm	chipped:block/cornered_pink_wool	minecraft:block/cube_all	chipped:block/pink_wool/cornered_pink_wool	chipped:block/pink_wool/ctm/common_textures/0	chipped:block/pink_wool/ctm/cornered_pink_wool_ctm/3	chipped:block/pink_wool/ctm/cornered_pink_wool_ctm/1	chipped:block/pink_wool/ctm/cornered_pink_wool_ctm/2	e4b20ec122fb2af3eae03181fc23f080d9b8a9754253f0e058be7ecfafa20b48
chipped:cornered_purple_carpet	carpet_ctm	chipped:block/cornered_purple_carpet	minecraft:block/carpet	chipped:block/purple_wool/cornered_purple_wool	chipped:block/purple_wool/ctm/common_textures/0	chipped:block/purple_wool/ctm/cornered_purple_wool_ctm/3	chipped:block/purple_wool/ctm/cornered_purple_wool_ctm/1	chipped:block/purple_wool/ctm/cornered_purple_wool_ctm/2	a9c8a3c82bb5d7e906ace965b2ee05b583e61baac5aa37118dea4347245e8645
chipped:cornered_purple_wool	ctm	chipped:block/cornered_purple_wool	minecraft:block/cube_all	chipped:block/purple_wool/cornered_purple_wool	chipped:block/purple_wool/ctm/common_textures/0	chipped:block/purple_wool/ctm/cornered_purple_wool_ctm/3	chipped:block/purple_wool/ctm/cornered_purple_wool_ctm/1	chipped:block/purple_wool/ctm/cornered_purple_wool_ctm/2	7a87f750cfc7f80ad801a181caceb7807880106c3d8713cba50997b47d8bb8ab
chipped:cornered_red_carpet	carpet_ctm	chipped:block/cornered_red_carpet	minecraft:block/carpet	chipped:block/red_wool/cornered_red_wool	chipped:block/red_wool/ctm/common_textures/0	chipped:block/red_wool/ctm/cornered_red_wool_ctm/3	chipped:block/red_wool/ctm/cornered_red_wool_ctm/1	chipped:block/red_wool/ctm/cornered_red_wool_ctm/2	9440f7077c1efb2168c4bc4d7ba1bf5019dbbec23b66bfa3e84d6ba5424da503
chipped:cornered_red_wool	ctm	chipped:block/cornered_red_wool	minecraft:block/cube_all	chipped:block/red_wool/cornered_red_wool	chipped:block/red_wool/ctm/common_textures/0	chipped:block/red_wool/ctm/cornered_red_wool_ctm/3	chipped:block/red_wool/ctm/cornered_red_wool_ctm/1	chipped:block/red_wool/ctm/cornered_red_wool_ctm/2	21fc2babcacc9933adfd27fc5b5c6127f2c3e80712ad6e916f5ea14690e438fd
chipped:cornered_spruce_planks	ctm	chipped:block/cornered_spruce_planks	minecraft:block/cube_all	chipped:block/spruce_planks/cornered_spruce_planks	chipped:block/spruce_planks/ctm/cornered_spruce_planks_ctm/0	chipped:block/spruce_planks/ctm/cornered_spruce_planks_ctm/3	chipped:block/spruce_planks/ctm/cornered_spruce_planks_ctm/1	chipped:block/spruce_planks/ctm/cornered_spruce_planks_ctm/2	bca1b469c766166a9ebaacf32161d93e102eb51d3aac37ab7f1fd9af8d53048a
chipped:cornered_warped_planks	ctm	chipped:block/cornered_warped_planks	minecraft:block/cube_all	chipped:block/warped_planks/cornered_warped_planks	chipped:block/warped_planks/ctm/cornered_warped_planks_ctm/0	chipped:block/warped_planks/ctm/cornered_warped_planks_ctm/3	chipped:block/warped_planks/ctm/cornered_warped_planks_ctm/1	chipped:block/warped_planks/ctm/cornered_warped_planks_ctm/2	92545b258417a510d8affac928525ebd4588c145821e62c534478134e75123b3
chipped:cornered_white_carpet	carpet_ctm	chipped:block/cornered_white_carpet	minecraft:block/carpet	chipped:block/white_wool/cornered_white_wool	chipped:block/white_wool/ctm/common_textures/0	chipped:block/white_wool/ctm/cornered_white_wool_ctm/3	chipped:block/white_wool/ctm/cornered_white_wool_ctm/1	chipped:block/white_wool/ctm/cornered_white_wool_ctm/2	f405ec3c0339db983c9bfca0913fab94bf2175218803f8c19a436de841d6e7b2
chipped:cornered_white_wool	ctm	chipped:block/cornered_white_wool	minecraft:block/cube_all	chipped:block/white_wool/cornered_white_wool	chipped:block/white_wool/ctm/common_textures/0	chipped:block/white_wool/ctm/cornered_white_wool_ctm/3	chipped:block/white_wool/ctm/cornered_white_wool_ctm/1	chipped:block/white_wool/ctm/cornered_white_wool_ctm/2	a7caf35d2ad6e32ee46a9dd8d9a28c0399e6f95cf8102412fd286926d3dd16e8
chipped:cornered_yellow_carpet	carpet_ctm	chipped:block/cornered_yellow_carpet	minecraft:block/carpet	chipped:block/yellow_wool/cornered_yellow_wool	chipped:block/yellow_wool/ctm/common_textures/0	chipped:block/yellow_wool/ctm/cornered_yellow_wool_ctm/3	chipped:block/yellow_wool/ctm/cornered_yellow_wool_ctm/1	chipped:block/yellow_wool/ctm/cornered_yellow_wool_ctm/2	5318d2944c7989a8e0f26b38e15cfa031946d80d086db79e061d6dd6cc03a943
chipped:cornered_yellow_wool	ctm	chipped:block/cornered_yellow_wool	minecraft:block/cube_all	chipped:block/yellow_wool/cornered_yellow_wool	chipped:block/yellow_wool/ctm/common_textures/0	chipped:block/yellow_wool/ctm/cornered_yellow_wool_ctm/3	chipped:block/yellow_wool/ctm/cornered_yellow_wool_ctm/1	chipped:block/yellow_wool/ctm/cornered_yellow_wool_ctm/2	b9875bac34215587eb4b177ce90d3208cedf1a2f94a2b738e660bd4f2a931b85
chipped:crafted_black_carpet	carpet_ctm	chipped:block/crafted_black_carpet	minecraft:block/carpet	chipped:block/black_wool/crafted_black_wool	chipped:block/black_wool/ctm/common_textures/0	chipped:block/black_wool/ctm/crafted_black_wool_ctm/3	chipped:block/black_wool/ctm/crafted_black_wool_ctm/1	chipped:block/black_wool/ctm/crafted_black_wool_ctm/2	9da97a7be7bb7ec1ef7882707286c07562766ee1dd12c36e7478ddf8f617ea9d
chipped:crafted_black_wool	ctm	chipped:block/crafted_black_wool	minecraft:block/cube_all	chipped:block/black_wool/crafted_black_wool	chipped:block/black_wool/ctm/common_textures/0	chipped:block/black_wool/ctm/crafted_black_wool_ctm/3	chipped:block/black_wool/ctm/crafted_black_wool_ctm/1	chipped:block/black_wool/ctm/crafted_black_wool_ctm/2	470a9a21258997472a40d33ac133d5417c86ff273e754edf1a88bb5c913408f9
chipped:crafted_blue_carpet	carpet_ctm	chipped:block/crafted_blue_carpet	minecraft:block/carpet	chipped:block/blue_wool/crafted_blue_wool	chipped:block/blue_wool/ctm/common_textures/0	chipped:block/blue_wool/ctm/crafted_blue_wool_ctm/3	chipped:block/blue_wool/ctm/crafted_blue_wool_ctm/1	chipped:block/blue_wool/ctm/crafted_blue_wool_ctm/2	2cdc9edb6abfa6b404e17d34c0e90f13b102184e4cf36d1d660d2bf631fdf80d
chipped:crafted_blue_wool	ctm	chipped:block/crafted_blue_wool	minecraft:block/cube_all	chipped:block/blue_wool/crafted_blue_wool	chipped:block/blue_wool/ctm/common_textures/0	chipped:block/blue_wool/ctm/crafted_blue_wool_ctm/3	chipped:block/blue_wool/ctm/crafted_blue_wool_ctm/1	chipped:block/blue_wool/ctm/crafted_blue_wool_ctm/2	7403f2aae97886c16ec067364972930f47da54081a9aa5d2ab75e2e4f0ee2156
chipped:crafted_brown_carpet	carpet_ctm	chipped:block/crafted_brown_carpet	minecraft:block/carpet	chipped:block/brown_wool/crafted_brown_wool	chipped:block/brown_wool/ctm/common_textures/0	chipped:block/brown_wool/ctm/crafted_brown_wool_ctm/3	chipped:block/brown_wool/ctm/crafted_brown_wool_ctm/1	chipped:block/brown_wool/ctm/crafted_brown_wool_ctm/2	eb0239591292dc54c7dbe558c5575b42746673a2e04e3c2b605999062564d2a6
chipped:crafted_brown_wool	ctm	chipped:block/crafted_brown_wool	minecraft:block/cube_all	chipped:block/brown_wool/crafted_brown_wool	chipped:block/brown_wool/ctm/common_textures/0	chipped:block/brown_wool/ctm/crafted_brown_wool_ctm/3	chipped:block/brown_wool/ctm/crafted_brown_wool_ctm/1	chipped:block/brown_wool/ctm/crafted_brown_wool_ctm/2	108200d12a28b8336ae443123d256fafdca0eb509e9f4da3327380323c6466a8
chipped:crafted_cyan_carpet	carpet_ctm	chipped:block/crafted_cyan_carpet	minecraft:block/carpet	chipped:block/cyan_wool/crafted_cyan_wool	chipped:block/cyan_wool/ctm/common_textures/0	chipped:block/cyan_wool/ctm/crafted_cyan_wool_ctm/3	chipped:block/cyan_wool/ctm/crafted_cyan_wool_ctm/1	chipped:block/cyan_wool/ctm/crafted_cyan_wool_ctm/2	7731111c99260d6275eab3a790571a0148b9f78b03573c36bd57147e51e57283
chipped:crafted_cyan_wool	ctm	chipped:block/crafted_cyan_wool	minecraft:block/cube_all	chipped:block/cyan_wool/crafted_cyan_wool	chipped:block/cyan_wool/ctm/common_textures/0	chipped:block/cyan_wool/ctm/crafted_cyan_wool_ctm/3	chipped:block/cyan_wool/ctm/crafted_cyan_wool_ctm/1	chipped:block/cyan_wool/ctm/crafted_cyan_wool_ctm/2	a57a2bda263a6f469bed078272e6735009495be9defda8d7e0f415c6c33a5b5c
chipped:crafted_gray_carpet	carpet_ctm	chipped:block/crafted_gray_carpet	minecraft:block/carpet	chipped:block/gray_wool/crafted_gray_wool	chipped:block/gray_wool/ctm/common_textures/0	chipped:block/gray_wool/ctm/crafted_gray_wool_ctm/3	chipped:block/gray_wool/ctm/crafted_gray_wool_ctm/1	chipped:block/gray_wool/ctm/crafted_gray_wool_ctm/2	1a3d9ab08760d9bcb1c88e7edbaa76b330fda6215d6543c0b18a2d815dc34829
chipped:crafted_gray_wool	ctm	chipped:block/crafted_gray_wool	minecraft:block/cube_all	chipped:block/gray_wool/crafted_gray_wool	chipped:block/gray_wool/ctm/common_textures/0	chipped:block/gray_wool/ctm/crafted_gray_wool_ctm/3	chipped:block/gray_wool/ctm/crafted_gray_wool_ctm/1	chipped:block/gray_wool/ctm/crafted_gray_wool_ctm/2	ac990e595b21845744f763e425c03e79d420bf9c2b70ddc0a0ad96092d66d1fc
chipped:crafted_green_carpet	carpet_ctm	chipped:block/crafted_green_carpet	minecraft:block/carpet	chipped:block/green_wool/crafted_green_wool	chipped:block/green_wool/ctm/common_textures/0	chipped:block/green_wool/ctm/crafted_green_wool_ctm/3	chipped:block/green_wool/ctm/crafted_green_wool_ctm/1	chipped:block/green_wool/ctm/crafted_green_wool_ctm/2	05f3a1fd11e88ec9958f1f5225849f53089c497370caa33aed9fbe789c9db8d6
chipped:crafted_green_wool	ctm	chipped:block/crafted_green_wool	minecraft:block/cube_all	chipped:block/green_wool/crafted_green_wool	chipped:block/green_wool/ctm/common_textures/0	chipped:block/green_wool/ctm/crafted_green_wool_ctm/3	chipped:block/green_wool/ctm/crafted_green_wool_ctm/1	chipped:block/green_wool/ctm/crafted_green_wool_ctm/2	942f6bf60f1d92e6900ac322cb7c31e48a80be463375db7e478fd79e39e5f13f
chipped:crafted_light_blue_carpet	carpet_ctm	chipped:block/crafted_light_blue_carpet	minecraft:block/carpet	chipped:block/light_blue_wool/crafted_light_blue_wool	chipped:block/light_blue_wool/ctm/common_textures/0	chipped:block/light_blue_wool/ctm/crafted_light_blue_wool_ctm/3	chipped:block/light_blue_wool/ctm/crafted_light_blue_wool_ctm/1	chipped:block/light_blue_wool/ctm/crafted_light_blue_wool_ctm/2	403d5a16e97a891e6458f4702b8e110293b95f47fba1b3de14ff63a38a4b3919
chipped:crafted_light_blue_wool	ctm	chipped:block/crafted_light_blue_wool	minecraft:block/cube_all	chipped:block/light_blue_wool/crafted_light_blue_wool	chipped:block/light_blue_wool/ctm/common_textures/0	chipped:block/light_blue_wool/ctm/crafted_light_blue_wool_ctm/3	chipped:block/light_blue_wool/ctm/crafted_light_blue_wool_ctm/1	chipped:block/light_blue_wool/ctm/crafted_light_blue_wool_ctm/2	22d159b2d4b646cd17b3a89eea06caffe5149c05be2991bf13eb2ab22211b0b5
chipped:crafted_light_gray_carpet	carpet_ctm	chipped:block/crafted_light_gray_carpet	minecraft:block/carpet	chipped:block/light_gray_wool/crafted_light_gray_wool	chipped:block/light_gray_wool/ctm/common_textures/0	chipped:block/light_gray_wool/ctm/crafted_light_gray_wool_ctm/3	chipped:block/light_gray_wool/ctm/crafted_light_gray_wool_ctm/1	chipped:block/light_gray_wool/ctm/crafted_light_gray_wool_ctm/2	721cffc2dc26d5bb977ccb37ef765d6f9584ebeeca00c6d85eb87f938598cbc4
chipped:crafted_light_gray_wool	ctm	chipped:block/crafted_light_gray_wool	minecraft:block/cube_all	chipped:block/light_gray_wool/crafted_light_gray_wool	chipped:block/light_gray_wool/ctm/common_textures/0	chipped:block/light_gray_wool/ctm/crafted_light_gray_wool_ctm/3	chipped:block/light_gray_wool/ctm/crafted_light_gray_wool_ctm/1	chipped:block/light_gray_wool/ctm/crafted_light_gray_wool_ctm/2	68e0bf6c910a6761d15e490628a645c160fef5833838e3232c07e7953834ed1b
chipped:crafted_lime_carpet	carpet_ctm	chipped:block/crafted_lime_carpet	minecraft:block/carpet	chipped:block/lime_wool/crafted_lime_wool	chipped:block/lime_wool/ctm/common_textures/0	chipped:block/lime_wool/ctm/crafted_lime_wool_ctm/3	chipped:block/lime_wool/ctm/crafted_lime_wool_ctm/1	chipped:block/lime_wool/ctm/crafted_lime_wool_ctm/2	b4412726efeb7d21d6429e11462164402175da1903730ff0fa0671731385cef1
chipped:crafted_lime_wool	ctm	chipped:block/crafted_lime_wool	minecraft:block/cube_all	chipped:block/lime_wool/crafted_lime_wool	chipped:block/lime_wool/ctm/common_textures/0	chipped:block/lime_wool/ctm/crafted_lime_wool_ctm/3	chipped:block/lime_wool/ctm/crafted_lime_wool_ctm/1	chipped:block/lime_wool/ctm/crafted_lime_wool_ctm/2	ae59b377dff79175bf1023879e97e9694071003ca4e24bdc63fd830eae81feb2
chipped:crafted_magenta_carpet	carpet_ctm	chipped:block/crafted_magenta_carpet	minecraft:block/carpet	chipped:block/magenta_wool/crafted_magenta_wool	chipped:block/magenta_wool/ctm/common_textures/0	chipped:block/magenta_wool/ctm/crafted_magenta_wool_ctm/3	chipped:block/magenta_wool/ctm/crafted_magenta_wool_ctm/1	chipped:block/magenta_wool/ctm/crafted_magenta_wool_ctm/2	94a9e532d3864c9b0272c750a3011ea8a3249c37802c33c2baaf443eaf76883f
chipped:crafted_magenta_wool	ctm	chipped:block/crafted_magenta_wool	minecraft:block/cube_all	chipped:block/magenta_wool/crafted_magenta_wool	chipped:block/magenta_wool/ctm/common_textures/0	chipped:block/magenta_wool/ctm/crafted_magenta_wool_ctm/3	chipped:block/magenta_wool/ctm/crafted_magenta_wool_ctm/1	chipped:block/magenta_wool/ctm/crafted_magenta_wool_ctm/2	d1794d9e107f9bb4f152d06ce45ed41bc04e1f4724380a29877b32724891ceae
chipped:crafted_orange_carpet	carpet_ctm	chipped:block/crafted_orange_carpet	minecraft:block/carpet	chipped:block/orange_wool/crafted_orange_wool	chipped:block/orange_wool/ctm/common_textures/0	chipped:block/orange_wool/ctm/crafted_orange_wool_ctm/3	chipped:block/orange_wool/ctm/crafted_orange_wool_ctm/1	chipped:block/orange_wool/ctm/crafted_orange_wool_ctm/2	35b5e53f25d6e929e114f592b15f1cdafcb1468c266ca46f81ff57c492c208e0
chipped:crafted_orange_wool	ctm	chipped:block/crafted_orange_wool	minecraft:block/cube_all	chipped:block/orange_wool/crafted_orange_wool	chipped:block/orange_wool/ctm/common_textures/0	chipped:block/orange_wool/ctm/crafted_orange_wool_ctm/3	chipped:block/orange_wool/ctm/crafted_orange_wool_ctm/1	chipped:block/orange_wool/ctm/crafted_orange_wool_ctm/2	289ddf5582047d4d9bac2df2ecd944f2144cb8919778fd5863690aa7bfe67dab
chipped:crafted_pink_carpet	carpet_ctm	chipped:block/crafted_pink_carpet	minecraft:block/carpet	chipped:block/pink_wool/crafted_pink_wool	chipped:block/pink_wool/ctm/common_textures/0	chipped:block/pink_wool/ctm/crafted_pink_wool_ctm/3	chipped:block/pink_wool/ctm/crafted_pink_wool_ctm/1	chipped:block/pink_wool/ctm/crafted_pink_wool_ctm/2	91ca82a3485001e599c22151ef8db9148298359ebecc88e7b6c14d4d7b8cc332
chipped:crafted_pink_wool	ctm	chipped:block/crafted_pink_wool	minecraft:block/cube_all	chipped:block/pink_wool/crafted_pink_wool	chipped:block/pink_wool/ctm/common_textures/0	chipped:block/pink_wool/ctm/crafted_pink_wool_ctm/3	chipped:block/pink_wool/ctm/crafted_pink_wool_ctm/1	chipped:block/pink_wool/ctm/crafted_pink_wool_ctm/2	5af03f1630a0aed8269317e1c24e040d4531fbb1ba46ae3775b5c7cbcaeab9ac
chipped:crafted_purple_carpet	carpet_ctm	chipped:block/crafted_purple_carpet	minecraft:block/carpet	chipped:block/purple_wool/crafted_purple_wool	chipped:block/purple_wool/ctm/common_textures/0	chipped:block/purple_wool/ctm/crafted_purple_wool_ctm/3	chipped:block/purple_wool/ctm/crafted_purple_wool_ctm/1	chipped:block/purple_wool/ctm/crafted_purple_wool_ctm/2	12612ceb3dd52b29fdf1dd9a60a8904d688353c435258809c4c693d1ac0c61ec
chipped:crafted_purple_wool	ctm	chipped:block/crafted_purple_wool	minecraft:block/cube_all	chipped:block/purple_wool/crafted_purple_wool	chipped:block/purple_wool/ctm/common_textures/0	chipped:block/purple_wool/ctm/crafted_purple_wool_ctm/3	chipped:block/purple_wool/ctm/crafted_purple_wool_ctm/1	chipped:block/purple_wool/ctm/crafted_purple_wool_ctm/2	1ad8b9193d847a5da5ec17791d013054ac9f8bbe2482f5eb6c613225e82c102e
chipped:crafted_red_carpet	carpet_ctm	chipped:block/crafted_red_carpet	minecraft:block/carpet	chipped:block/red_wool/crafted_red_wool	chipped:block/red_wool/ctm/common_textures/0	chipped:block/red_wool/ctm/crafted_red_wool_ctm/3	chipped:block/red_wool/ctm/crafted_red_wool_ctm/1	chipped:block/red_wool/ctm/crafted_red_wool_ctm/2	7db68a02e1bb8754a0dcda7d0dbdcd4f2f5377a01c2f41da52c818f44b9cda39
chipped:crafted_red_wool	ctm	chipped:block/crafted_red_wool	minecraft:block/cube_all	chipped:block/red_wool/crafted_red_wool	chipped:block/red_wool/ctm/common_textures/0	chipped:block/red_wool/ctm/crafted_red_wool_ctm/3	chipped:block/red_wool/ctm/crafted_red_wool_ctm/1	chipped:block/red_wool/ctm/crafted_red_wool_ctm/2	0cbe841e7b0a9e59522303535eece4fa4fba55619ecf3815f7d3d3fe3255eb28
chipped:crafted_white_carpet	carpet_ctm	chipped:block/crafted_white_carpet	minecraft:block/carpet	chipped:block/white_wool/crafted_white_wool	chipped:block/white_wool/ctm/common_textures/0	chipped:block/white_wool/ctm/crafted_white_wool_ctm/3	chipped:block/white_wool/ctm/crafted_white_wool_ctm/1	chipped:block/white_wool/ctm/crafted_white_wool_ctm/2	9cfa7084bfea6993df179433022ae38dbf157c1479ea7041076eb3847e1271a7
chipped:crafted_white_wool	ctm	chipped:block/crafted_white_wool	minecraft:block/cube_all	chipped:block/white_wool/crafted_white_wool	chipped:block/white_wool/ctm/common_textures/0	chipped:block/white_wool/ctm/crafted_white_wool_ctm/3	chipped:block/white_wool/ctm/crafted_white_wool_ctm/1	chipped:block/white_wool/ctm/crafted_white_wool_ctm/2	52bf4b83441c2be387f2131927b515b0621c573840d8df575655d91ba4494ecb
chipped:crafted_yellow_carpet	carpet_ctm	chipped:block/crafted_yellow_carpet	minecraft:block/carpet	chipped:block/yellow_wool/crafted_yellow_wool	chipped:block/yellow_wool/ctm/common_textures/0	chipped:block/yellow_wool/ctm/crafted_yellow_wool_ctm/3	chipped:block/yellow_wool/ctm/crafted_yellow_wool_ctm/1	chipped:block/yellow_wool/ctm/crafted_yellow_wool_ctm/2	f82f0ea0155313ae48ee715638863e61040442daee17162ef223114239587aab
chipped:crafted_yellow_wool	ctm	chipped:block/crafted_yellow_wool	minecraft:block/cube_all	chipped:block/yellow_wool/crafted_yellow_wool	chipped:block/yellow_wool/ctm/common_textures/0	chipped:block/yellow_wool/ctm/crafted_yellow_wool_ctm/3	chipped:block/yellow_wool/ctm/crafted_yellow_wool_ctm/1	chipped:block/yellow_wool/ctm/crafted_yellow_wool_ctm/2	1de88f709cf3813916477f310ef324b8cf8563e5310eacd08b589f6e5c958bca
chipped:crated_acacia_planks	ctm	chipped:block/crated_acacia_planks	minecraft:block/cube_all	chipped:block/acacia_planks/crated_acacia_planks	chipped:block/acacia_planks/ctm/crated_acacia_planks_ctm/0	chipped:block/acacia_planks/ctm/crated_acacia_planks_ctm/3	chipped:block/acacia_planks/ctm/crated_acacia_planks_ctm/1	chipped:block/acacia_planks/ctm/crated_acacia_planks_ctm/2	7e8c584aee2f8574221deaefccffbb70439fed65b215f782786b3d0f1af14041
chipped:crated_bamboo_planks	ctm	chipped:block/crated_bamboo_planks	minecraft:block/cube_all	chipped:block/bamboo_planks/crated_bamboo_planks	chipped:block/bamboo_planks/ctm/crated_bamboo_planks_ctm/0	chipped:block/bamboo_planks/ctm/crated_bamboo_planks_ctm/3	chipped:block/bamboo_planks/ctm/crated_bamboo_planks_ctm/1	chipped:block/bamboo_planks/ctm/crated_bamboo_planks_ctm/2	599bbb74645617db87fdc62aa867bf9c3da2b431899a89fc1bb4a28ffa29dfbf
chipped:crated_birch_planks	ctm	chipped:block/crated_birch_planks	minecraft:block/cube_all	chipped:block/birch_planks/crated_birch_planks	chipped:block/birch_planks/ctm/crated_birch_planks_ctm/0	chipped:block/birch_planks/ctm/crated_birch_planks_ctm/3	chipped:block/birch_planks/ctm/crated_birch_planks_ctm/1	chipped:block/birch_planks/ctm/crated_birch_planks_ctm/2	7103d9f39c1eb82631d03bb57e76b290064f6612b5aa5fa91996b952a9da308b
chipped:crated_cherry_planks	ctm	chipped:block/crated_cherry_planks	minecraft:block/cube_all	chipped:block/cherry_planks/crated_cherry_planks	chipped:block/cherry_planks/ctm/crated_cherry_planks_ctm/0	chipped:block/cherry_planks/ctm/crated_cherry_planks_ctm/3	chipped:block/cherry_planks/ctm/crated_cherry_planks_ctm/1	chipped:block/cherry_planks/ctm/crated_cherry_planks_ctm/2	1e19e0ea09ea943468354941e0ef06c277746527cecf67cd221f4c9d440f7d1b
chipped:crated_crimson_planks	ctm	chipped:block/crated_crimson_planks	minecraft:block/cube_all	chipped:block/crimson_planks/crated_crimson_planks	chipped:block/crimson_planks/ctm/crated_crimson_planks_ctm/0	chipped:block/crimson_planks/ctm/crated_crimson_planks_ctm/3	chipped:block/crimson_planks/ctm/crated_crimson_planks_ctm/1	chipped:block/crimson_planks/ctm/crated_crimson_planks_ctm/2	c0fc693b8482a9b428356ce5a99849097aae51d241ccc9b47a2364d4564628b3
chipped:crated_dark_oak_planks	ctm	chipped:block/crated_dark_oak_planks	minecraft:block/cube_all	chipped:block/dark_oak_planks/crated_dark_oak_planks	chipped:block/dark_oak_planks/ctm/crated_dark_oak_planks_ctm/0	chipped:block/dark_oak_planks/ctm/crated_dark_oak_planks_ctm/3	chipped:block/dark_oak_planks/ctm/crated_dark_oak_planks_ctm/1	chipped:block/dark_oak_planks/ctm/crated_dark_oak_planks_ctm/2	a3ab07dc2882ff60d3709f93ddc51e858c43b821b8e3407849ce6c2af6d8c590
chipped:crated_jungle_planks	ctm	chipped:block/crated_jungle_planks	minecraft:block/cube_all	chipped:block/jungle_planks/crated_jungle_planks	chipped:block/jungle_planks/ctm/crated_jungle_planks_ctm/0	chipped:block/jungle_planks/ctm/crated_jungle_planks_ctm/3	chipped:block/jungle_planks/ctm/crated_jungle_planks_ctm/1	chipped:block/jungle_planks/ctm/crated_jungle_planks_ctm/2	45d3293cef14dcb5532f5c4438ae0e6ac344ee9052d12ecf9431c01de91aac24
chipped:crated_mangrove_planks	ctm	chipped:block/crated_mangrove_planks	minecraft:block/cube_all	chipped:block/mangrove_planks/crated_mangrove_planks	chipped:block/mangrove_planks/ctm/crated_mangrove_planks_ctm/0	chipped:block/mangrove_planks/ctm/crated_mangrove_planks_ctm/3	chipped:block/mangrove_planks/ctm/crated_mangrove_planks_ctm/1	chipped:block/mangrove_planks/ctm/crated_mangrove_planks_ctm/2	8ba65e54b227903e6ae6007589c08f2132db9cb5c00a9c80e5dc46081a671c39
chipped:crated_oak_planks	ctm	chipped:block/crated_oak_planks	minecraft:block/cube_all	chipped:block/oak_planks/crated_oak_planks	chipped:block/oak_planks/ctm/common_textures/0	chipped:block/oak_planks/ctm/crated_oak_planks_ctm/3	chipped:block/oak_planks/ctm/crated_oak_planks_ctm/1	chipped:block/oak_planks/ctm/crated_oak_planks_ctm/2	edb1feee4ae90caba58cd78fdcd9c8e76fc1332b432138bf7a6b21155988f22d
chipped:crated_spruce_planks	ctm	chipped:block/crated_spruce_planks	minecraft:block/cube_all	chipped:block/spruce_planks/crated_spruce_planks	chipped:block/spruce_planks/ctm/crated_spruce_planks_ctm/0	chipped:block/spruce_planks/ctm/crated_spruce_planks_ctm/3	chipped:block/spruce_planks/ctm/crated_spruce_planks_ctm/1	chipped:block/spruce_planks/ctm/crated_spruce_planks_ctm/2	f5981c449605ebfd50f6c33aec1b1b2fc90cbec92ac859e2d6e595ac46ae09a5
chipped:crated_warped_planks	ctm	chipped:block/crated_warped_planks	minecraft:block/cube_all	chipped:block/warped_planks/crated_warped_planks	chipped:block/warped_planks/ctm/crated_warped_planks_ctm/0	chipped:block/warped_planks/ctm/crated_warped_planks_ctm/3	chipped:block/warped_planks/ctm/crated_warped_planks_ctm/1	chipped:block/warped_planks/ctm/crated_warped_planks_ctm/2	cfcc6539e0c18f74396bcb913d91c692ed8c52994b7a6a1f56e096ea9568820a
chipped:crimson_planks_panel	ctm	chipped:block/crimson_planks_panel	minecraft:block/cube_all	chipped:block/crimson_planks/crimson_planks_panel	chipped:block/crimson_planks/ctm/crimson_planks_panel_ctm/0	chipped:block/crimson_planks/ctm/crimson_planks_panel_ctm/3	chipped:block/crimson_planks/ctm/crimson_planks_panel_ctm/1	chipped:block/crimson_planks/ctm/crimson_planks_panel_ctm/2	adb0929d4840e30e1526624cf7aee7f4ea6dc4beb2e3de5a0cf60287a7663ae7
chipped:curled_black_terracotta	ctm	chipped:block/curled_black_terracotta	minecraft:block/cube_all	chipped:block/black_terracotta/curled_black_terracotta	chipped:block/black_terracotta/ctm/curled_black_terracotta_ctm/0	chipped:block/black_terracotta/ctm/curled_black_terracotta_ctm/3	chipped:block/black_terracotta/ctm/curled_black_terracotta_ctm/1	chipped:block/black_terracotta/ctm/curled_black_terracotta_ctm/2	695b29a836d77f60cf6cf295fa7097e38a0c13daac5be54cb0019d511ecdf208
chipped:curled_blue_terracotta	ctm	chipped:block/curled_blue_terracotta	minecraft:block/cube_all	chipped:block/blue_terracotta/curled_blue_terracotta	chipped:block/blue_terracotta/ctm/curled_blue_terracotta_ctm/0	chipped:block/blue_terracotta/ctm/curled_blue_terracotta_ctm/3	chipped:block/blue_terracotta/ctm/curled_blue_terracotta_ctm/1	chipped:block/blue_terracotta/ctm/curled_blue_terracotta_ctm/2	fee7532d23d5f3971377f0cfa04a9ca164630e0f77f5c13f8bc0b98edde32ff9
chipped:curled_brown_terracotta	ctm	chipped:block/curled_brown_terracotta	minecraft:block/cube_all	chipped:block/brown_terracotta/curled_brown_terracotta	chipped:block/brown_terracotta/ctm/curled_brown_terracotta_ctm/0	chipped:block/brown_terracotta/ctm/curled_brown_terracotta_ctm/3	chipped:block/brown_terracotta/ctm/curled_brown_terracotta_ctm/1	chipped:block/brown_terracotta/ctm/curled_brown_terracotta_ctm/2	562550c377371a264d9bc8780ba6339eecc9e8ba3837618e9eb6c19cb8e0e9cd
chipped:curled_cyan_terracotta	ctm	chipped:block/curled_cyan_terracotta	minecraft:block/cube_all	chipped:block/cyan_terracotta/curled_cyan_terracotta	chipped:block/cyan_terracotta/ctm/curled_cyan_terracotta_ctm/0	chipped:block/cyan_terracotta/ctm/curled_cyan_terracotta_ctm/3	chipped:block/cyan_terracotta/ctm/curled_cyan_terracotta_ctm/1	chipped:block/cyan_terracotta/ctm/curled_cyan_terracotta_ctm/2	b5ea54cbcf60776b3ab78ee86d7c82607aa035378807f71e0d2fba10c3ba5828
chipped:curled_gray_terracotta	ctm	chipped:block/curled_gray_terracotta	minecraft:block/cube_all	chipped:block/gray_terracotta/curled_gray_terracotta	chipped:block/gray_terracotta/ctm/curled_gray_terracotta_ctm/0	chipped:block/gray_terracotta/ctm/curled_gray_terracotta_ctm/3	chipped:block/gray_terracotta/ctm/curled_gray_terracotta_ctm/1	chipped:block/gray_terracotta/ctm/curled_gray_terracotta_ctm/2	97578e4b65c3d1700dcecc6e535d8ab672d95fb732c86db6455c7508d6184b57
chipped:curled_green_terracotta	ctm	chipped:block/curled_green_terracotta	minecraft:block/cube_all	chipped:block/green_terracotta/curled_green_terracotta	chipped:block/green_terracotta/ctm/curled_green_terracotta_ctm/0	chipped:block/green_terracotta/ctm/curled_green_terracotta_ctm/3	chipped:block/green_terracotta/ctm/curled_green_terracotta_ctm/1	chipped:block/green_terracotta/ctm/curled_green_terracotta_ctm/2	10c2e5d17e73d30ee3e161a2bb42258ed7d481a9d1ba212210826aab1eca4537
chipped:curled_light_blue_terracotta	ctm	chipped:block/curled_light_blue_terracotta	minecraft:block/cube_all	chipped:block/light_blue_terracotta/curled_light_blue_terracotta	chipped:block/light_blue_terracotta/ctm/curled_light_blue_terracotta_ctm/0	chipped:block/light_blue_terracotta/ctm/curled_light_blue_terracotta_ctm/3	chipped:block/light_blue_terracotta/ctm/curled_light_blue_terracotta_ctm/1	chipped:block/light_blue_terracotta/ctm/curled_light_blue_terracotta_ctm/2	fdc85ff65ff4cfdcff04631805d9445878de28f48fa15d03e8d7d4e4661102ea
chipped:curled_light_gray_terracotta	ctm	chipped:block/curled_light_gray_terracotta	minecraft:block/cube_all	chipped:block/light_gray_terracotta/curled_light_gray_terracotta	chipped:block/light_gray_terracotta/ctm/curled_light_gray_terracotta_ctm/0	chipped:block/light_gray_terracotta/ctm/curled_light_gray_terracotta_ctm/3	chipped:block/light_gray_terracotta/ctm/curled_light_gray_terracotta_ctm/1	chipped:block/light_gray_terracotta/ctm/curled_light_gray_terracotta_ctm/2	9ef03aac081233b107e2f2b5adb5f5d2cf371eded964ef424416d62cbce17f61
chipped:curled_lime_terracotta	ctm	chipped:block/curled_lime_terracotta	minecraft:block/cube_all	chipped:block/lime_terracotta/curled_lime_terracotta	chipped:block/lime_terracotta/ctm/curled_lime_terracotta_ctm/0	chipped:block/lime_terracotta/ctm/curled_lime_terracotta_ctm/3	chipped:block/lime_terracotta/ctm/curled_lime_terracotta_ctm/1	chipped:block/lime_terracotta/ctm/curled_lime_terracotta_ctm/2	8f31bc4324808a93c20bf3cecd8c628fc957c241f47e461b1a9b6fce1e2be768
chipped:curled_magenta_terracotta	ctm	chipped:block/curled_magenta_terracotta	minecraft:block/cube_all	chipped:block/magenta_terracotta/curled_magenta_terracotta	chipped:block/magenta_terracotta/ctm/curled_magenta_terracotta_ctm/0	chipped:block/magenta_terracotta/ctm/curled_magenta_terracotta_ctm/3	chipped:block/magenta_terracotta/ctm/curled_magenta_terracotta_ctm/1	chipped:block/magenta_terracotta/ctm/curled_magenta_terracotta_ctm/2	a65583ef4d29bf24cbcd3cd7c5c16ba9b54f7a7d8e4fb865777c8d7d77ef097f
chipped:curled_orange_terracotta	ctm	chipped:block/curled_orange_terracotta	minecraft:block/cube_all	chipped:block/orange_terracotta/curled_orange_terracotta	chipped:block/orange_terracotta/ctm/curled_orange_terracotta_ctm/0	chipped:block/orange_terracotta/ctm/curled_orange_terracotta_ctm/3	chipped:block/orange_terracotta/ctm/curled_orange_terracotta_ctm/1	chipped:block/orange_terracotta/ctm/curled_orange_terracotta_ctm/2	9fd62d5277ba50d1ef06d8e3cf3e0bdef23bfe3576598ac418f9337b5a77cdc1
chipped:curled_pink_terracotta	ctm	chipped:block/curled_pink_terracotta	minecraft:block/cube_all	chipped:block/pink_terracotta/curled_pink_terracotta	chipped:block/pink_terracotta/ctm/curled_pink_terracotta_ctm/0	chipped:block/pink_terracotta/ctm/curled_pink_terracotta_ctm/3	chipped:block/pink_terracotta/ctm/curled_pink_terracotta_ctm/1	chipped:block/pink_terracotta/ctm/curled_pink_terracotta_ctm/2	aff4a27ac33b2dcd41fbd149f456382a2c7aa60ca77b496ad1df689dc06136f4
chipped:curled_purple_terracotta	ctm	chipped:block/curled_purple_terracotta	minecraft:block/cube_all	chipped:block/purple_terracotta/curled_purple_terracotta	chipped:block/purple_terracotta/ctm/curled_purple_terracotta_ctm/0	chipped:block/purple_terracotta/ctm/curled_purple_terracotta_ctm/3	chipped:block/purple_terracotta/ctm/curled_purple_terracotta_ctm/1	chipped:block/purple_terracotta/ctm/curled_purple_terracotta_ctm/2	32238fb6a7cdaa4946cc28253000fc11e743372dda03a15e2d681bf339a5faf8
chipped:curled_red_terracotta	ctm	chipped:block/curled_red_terracotta	minecraft:block/cube_all	chipped:block/red_terracotta/curled_red_terracotta	chipped:block/red_terracotta/ctm/curled_red_terracotta_ctm/0	chipped:block/red_terracotta/ctm/curled_red_terracotta_ctm/3	chipped:block/red_terracotta/ctm/curled_red_terracotta_ctm/1	chipped:block/red_terracotta/ctm/curled_red_terracotta_ctm/2	1a02b3005e0f316dc12ab0a94b88a68e1b50409ffe8945fbe99496eeafb3e044
chipped:curled_terracotta	ctm	chipped:block/curled_terracotta	minecraft:block/cube_all	chipped:block/terracotta/curled_terracotta	chipped:block/terracotta/ctm/curled_terracotta_ctm/0	chipped:block/terracotta/ctm/curled_terracotta_ctm/3	chipped:block/terracotta/ctm/curled_terracotta_ctm/1	chipped:block/terracotta/ctm/curled_terracotta_ctm/2	99684fe9bd4725b3f6ab139f6e3eae00fd6ec307c634283f2fd3639a823f6ad2
chipped:curled_white_terracotta	ctm	chipped:block/curled_white_terracotta	minecraft:block/cube_all	chipped:block/white_terracotta/curled_white_terracotta	chipped:block/white_terracotta/ctm/curled_white_terracotta_ctm/0	chipped:block/white_terracotta/ctm/curled_white_terracotta_ctm/3	chipped:block/white_terracotta/ctm/curled_white_terracotta_ctm/1	chipped:block/white_terracotta/ctm/curled_white_terracotta_ctm/2	91c9bfe56ed6642c5ceffe88393789fc945205ef9a79b1a3401811d3c84e510f
chipped:curled_yellow_terracotta	ctm	chipped:block/curled_yellow_terracotta	minecraft:block/cube_all	chipped:block/yellow_terracotta/curled_yellow_terracotta	chipped:block/yellow_terracotta/ctm/curled_yellow_terracotta_ctm/0	chipped:block/yellow_terracotta/ctm/curled_yellow_terracotta_ctm/3	chipped:block/yellow_terracotta/ctm/curled_yellow_terracotta_ctm/1	chipped:block/yellow_terracotta/ctm/curled_yellow_terracotta_ctm/2	3f22bf4bfea28894adba0fb479915145e21f8aec200dd47e4ec6a4318eb4c53d
chipped:curly_amethyst_block_pillar	pillar	chipped:block/curly_amethyst_block_pillar	minecraft:block/cube_column	chipped:block/amethyst_block/curly_amethyst_block_pillar	chipped:block/amethyst_block/ctm/curly_amethyst_block_pillar/0	chipped:block/amethyst_block/ctm/curly_amethyst_block_pillar/1	chipped:block/amethyst_block/ctm/common_textures/3	chipped:block/amethyst_block/ctm/curly_amethyst_block_pillar/3	3b5ec9084b1ff80fd44b164849b74b895063652b867ece5f83db1dfe38077598
chipped:curly_ancient_debris_pillar	pillar	chipped:block/curly_ancient_debris_pillar	minecraft:block/cube_column	chipped:block/ancient_debris/curly_ancient_debris_pillar	chipped:block/ancient_debris/ctm/curly_ancient_debris_pillar/0	chipped:block/ancient_debris/ctm/curly_ancient_debris_pillar/1	chipped:block/ancient_debris/ctm/common_textures/3	chipped:block/ancient_debris/ctm/curly_ancient_debris_pillar/3	b62f2ef18763c75573a9125095f453086feb18475bc735838985b4f449b0c085
chipped:curly_andesite_pillar	pillar	chipped:block/curly_andesite_pillar	minecraft:block/cube_column	chipped:block/andesite/curly_andesite_pillar	chipped:block/andesite/ctm/curly_andesite_pillar/0	chipped:block/andesite/ctm/curly_andesite_pillar/1	chipped:block/andesite/ctm/common_textures/3	chipped:block/andesite/ctm/curly_andesite_pillar/3	a127fb2edaf160144b8d8b699e5c370702ba41894f8461c4653d11ef7ba6feed
chipped:curly_basalt_pillar	pillar	chipped:block/curly_basalt_pillar	minecraft:block/cube_column	chipped:block/basalt/curly_basalt_pillar	chipped:block/basalt/ctm/curly_basalt_pillar/0	chipped:block/basalt/ctm/curly_basalt_pillar/1	chipped:block/basalt/ctm/common_textures/2	chipped:block/basalt/ctm/curly_basalt_pillar/3	2f014401e99e5a4cc290e8ae2696d464098caad87a94c63be4ffffe60926575b
chipped:curly_blackstone_pillar	pillar	chipped:block/curly_blackstone_pillar	minecraft:block/cube_column	chipped:block/blackstone/curly_blackstone_pillar	chipped:block/blackstone/ctm/curly_blackstone_pillar/0	chipped:block/blackstone/ctm/curly_blackstone_pillar/1	chipped:block/blackstone/ctm/common_textures/2	chipped:block/blackstone/ctm/curly_blackstone_pillar/3	8841223d48bc1e85beac5f9214d806681a7b3e9404648c4a8e32a8aabb8f3609
chipped:curly_blue_ice_pillar	pillar	chipped:block/curly_blue_ice_pillar	minecraft:block/cube_column	chipped:block/blue_ice/curly_blue_ice_pillar	chipped:block/blue_ice/ctm/curly_blue_ice_pillar/0	chipped:block/blue_ice/ctm/curly_blue_ice_pillar/1	chipped:block/blue_ice/ctm/common_textures/3	chipped:block/blue_ice/ctm/curly_blue_ice_pillar/3	37d5de3b81d8cb76060882049ed67afc77df7818e38b489d05dc90cd29efcba0
chipped:curly_borderless_bricks_pillar	pillar	chipped:block/curly_borderless_bricks_pillar	minecraft:block/cube_column	chipped:block/borderless_bricks/curly_borderless_bricks_pillar	chipped:block/borderless_bricks/ctm/curly_borderless_bricks_pillar/0	chipped:block/borderless_bricks/ctm/curly_borderless_bricks_pillar/1	chipped:block/borderless_bricks/ctm/common_textures/3	chipped:block/borderless_bricks/ctm/curly_borderless_bricks_pillar/3	72798ac4fc2997de6dd51d1ab51d78511e3eae8d26b5f6beecddf4224ba57884
chipped:curly_bricks_pillar	pillar	chipped:block/curly_bricks_pillar	minecraft:block/cube_column	chipped:block/bricks/curly_bricks_pillar	chipped:block/bricks/ctm/curly_bricks_pillar/0	chipped:block/bricks/ctm/curly_bricks_pillar/1	chipped:block/bricks/ctm/common_textures/2	chipped:block/bricks/ctm/curly_bricks_pillar/3	50632bfeb95ff78c20f1d330495222657b2c7d6b1b930de9b913e9142244b4e6
chipped:curly_calcite_pillar	pillar	chipped:block/curly_calcite_pillar	minecraft:block/cube_column	chipped:block/calcite/curly_calcite_pillar	chipped:block/calcite/ctm/curly_calcite_pillar/0	chipped:block/calcite/ctm/curly_calcite_pillar/1	chipped:block/calcite/ctm/common_textures/3	chipped:block/calcite/ctm/curly_calcite_pillar/3	af2646699410414ab22f77cbdcac5341f83e9777590c77efd3de4ba5cc47386e
chipped:curly_clay_pillar	pillar	chipped:block/curly_clay_pillar	minecraft:block/cube_column	chipped:block/clay/curly_clay_pillar	chipped:block/clay/ctm/curly_clay_pillar/0	chipped:block/clay/ctm/curly_clay_pillar/1	chipped:block/clay/ctm/common_textures/3	chipped:block/clay/ctm/curly_clay_pillar/3	74bb38af97210817840929e00da2fdd7a1244ef3f85b5ff6b8b6051f23c1e3c1
chipped:curly_coal_block_pillar	pillar	chipped:block/curly_coal_block_pillar	minecraft:block/cube_column	chipped:block/coal_block/curly_coal_block_pillar	chipped:block/coal_block/ctm/curly_coal_block_pillar/0	chipped:block/coal_block/ctm/curly_coal_block_pillar/1	chipped:block/coal_block/ctm/common_textures/3	chipped:block/coal_block/ctm/curly_coal_block_pillar/3	2256bbfaaa083be5942fc648b2dcdc6d571c11c3eba4d49a746bf7e6a53524c0
chipped:curly_cobblestone_pillar	pillar	chipped:block/curly_cobblestone_pillar	minecraft:block/cube_column	chipped:block/cobblestone/curly_cobblestone_pillar	chipped:block/cobblestone/ctm/curly_cobblestone_pillar/0	chipped:block/cobblestone/ctm/curly_cobblestone_pillar/1	chipped:block/cobblestone/ctm/common_textures/3	chipped:block/cobblestone/ctm/curly_cobblestone_pillar/3	1e387f3f31ad8a4a5c32be1d2e864612e54dcc2fc296eaed1a90f2c2358ce4e0
chipped:curly_crying_obsidian_pillar	pillar	chipped:block/curly_crying_obsidian_pillar	minecraft:block/cube_column	chipped:block/crying_obsidian/curly_crying_obsidian_pillar	chipped:block/crying_obsidian/ctm/curly_crying_obsidian_pillar/0	chipped:block/crying_obsidian/ctm/curly_crying_obsidian_pillar/1	chipped:block/crying_obsidian/ctm/common_textures/2	chipped:block/crying_obsidian/ctm/curly_crying_obsidian_pillar/3	dd18eb348338e0bde259f5acd3545dcbb62c32d49ea03d5870d3cdec146f4c5c
chipped:curly_dark_prismarine_pillar	pillar	chipped:block/curly_dark_prismarine_pillar	minecraft:block/cube_column	chipped:block/dark_prismarine/curly_dark_prismarine_pillar	chipped:block/dark_prismarine/ctm/curly_dark_prismarine_pillar/0	chipped:block/dark_prismarine/ctm/curly_dark_prismarine_pillar/1	chipped:block/dark_prismarine/ctm/common_textures/3	chipped:block/dark_prismarine/ctm/curly_dark_prismarine_pillar/3	88644ff34062f35baac06f42d5d178bdf172377f03e4ff0d6bb1fcec9f5643a4
chipped:curly_deepslate_pillar	pillar	chipped:block/curly_deepslate_pillar	minecraft:block/cube_column	chipped:block/deepslate/curly_deepslate_pillar	chipped:block/deepslate/ctm/curly_deepslate_pillar/0	chipped:block/deepslate/ctm/curly_deepslate_pillar/1	chipped:block/deepslate/ctm/common_textures/3	chipped:block/deepslate/ctm/curly_deepslate_pillar/3	2833e47909c4a59b83f4c990e62b79681b7d666b41d3cc85a1e0701cd1e6a6a1
chipped:curly_diorite_pillar	pillar	chipped:block/curly_diorite_pillar	minecraft:block/cube_column	chipped:block/diorite/curly_diorite_pillar	chipped:block/diorite/ctm/curly_diorite_pillar/0	chipped:block/diorite/ctm/curly_diorite_pillar/1	chipped:block/diorite/ctm/common_textures/3	chipped:block/diorite/ctm/curly_diorite_pillar/3	6e8402d849301fbfad62965ed102e584097085278fee92dcfea8da63108c52bb
chipped:curly_dirt_pillar	pillar	chipped:block/curly_dirt_pillar	minecraft:block/cube_column	chipped:block/dirt/curly_dirt_pillar	chipped:block/dirt/ctm/curly_dirt_pillar/0	chipped:block/dirt/ctm/curly_dirt_pillar/1	chipped:block/dirt/ctm/curly_dirt_pillar/2	chipped:block/dirt/ctm/curly_dirt_pillar/3	d0467e7743678fcefecc3d6502fbe2e881e0bb65312af425c87e35a85449100f
chipped:curly_dripstone_block_pillar	pillar	chipped:block/curly_dripstone_block_pillar	minecraft:block/cube_column	chipped:block/dripstone_block/curly_dripstone_block_pillar	chipped:block/dripstone_block/ctm/curly_dripstone_block_pillar/0	chipped:block/dripstone_block/ctm/curly_dripstone_block_pillar/1	chipped:block/dripstone_block/ctm/common_textures/3	chipped:block/dripstone_block/ctm/curly_dripstone_block_pillar/3	075304fea23b3fbb112e2499a83bbfec0a12debdac517c93318c843d2d96f802
chipped:curly_end_stone_pillar	pillar	chipped:block/curly_end_stone_pillar	minecraft:block/cube_column	chipped:block/end_stone/curly_end_stone_pillar	chipped:block/end_stone/ctm/curly_end_stone_pillar/0	chipped:block/end_stone/ctm/curly_end_stone_pillar/1	chipped:block/end_stone/ctm/common_textures/3	chipped:block/end_stone/ctm/curly_end_stone_pillar/3	415730a331aa562a8a8cc28ab5f2c0a1403c8f6999bd4840cbbcfe2f1d03ee55
chipped:curly_gilded_blackstone_pillar	pillar	chipped:block/curly_gilded_blackstone_pillar	minecraft:block/cube_column	chipped:block/gilded_blackstone/curly_gilded_blackstone_pillar	chipped:block/gilded_blackstone/ctm/curly_gilded_blackstone_pillar/0	chipped:block/gilded_blackstone/ctm/curly_gilded_blackstone_pillar/1	chipped:block/gilded_blackstone/ctm/common_textures/2	chipped:block/gilded_blackstone/ctm/curly_gilded_blackstone_pillar/3	555ad27501824d2804585588fa6550fee996a06aec3125096605904ed269cab8
chipped:curly_granite_pillar	pillar	chipped:block/curly_granite_pillar	minecraft:block/cube_column	chipped:block/granite/curly_granite_pillar	chipped:block/granite/ctm/curly_granite_pillar/0	chipped:block/granite/ctm/curly_granite_pillar/1	chipped:block/granite/ctm/common_textures/3	chipped:block/granite/ctm/curly_granite_pillar/3	41b8d0b3a39245f376318d548fedce626d9b6c5eea6bcc7bab26fa14c2c94293
chipped:curly_ice_pillar	pillar	chipped:block/curly_ice_pillar	minecraft:block/cube_column	chipped:block/ice/curly_ice_pillar	chipped:block/ice/ctm/curly_ice_pillar/0	chipped:block/ice/ctm/curly_ice_pillar/1	chipped:block/ice/ctm/common_textures/3	chipped:block/ice/ctm/curly_ice_pillar/3	b3011f58d4927e355eb775f33136048795ef1177d0496b11452a51083a007854
chipped:curly_lapis_block_pillar	pillar	chipped:block/curly_lapis_block_pillar	minecraft:block/cube_column	chipped:block/lapis_block/curly_lapis_block_pillar	chipped:block/lapis_block/ctm/curly_lapis_block_pillar/0	chipped:block/lapis_block/ctm/curly_lapis_block_pillar/1	chipped:block/lapis_block/ctm/common_textures/3	chipped:block/lapis_block/ctm/curly_lapis_block_pillar/3	11e9011912fcd469009dc0cdd33bd6c84941f2fac7c3d0c0b7eca2e740808084
chipped:curly_lodestone_pillar	pillar	chipped:block/curly_lodestone_pillar	minecraft:block/cube_column	chipped:block/lodestone/curly_lodestone_pillar	chipped:block/lodestone/ctm/curly_lodestone_pillar/0	chipped:block/lodestone/ctm/curly_lodestone_pillar/1	chipped:block/lodestone/ctm/common_textures/3	chipped:block/lodestone/ctm/curly_lodestone_pillar/3	fae735c064741cc00eee7b70d7ba675984884a1611baa1ac8086df66014b250f
chipped:curly_magma_block_pillar	pillar	chipped:block/curly_magma_block_pillar	minecraft:block/cube_column	chipped:block/magma_block/curly_magma_block_pillar	chipped:block/magma_block/ctm/curly_magma_block_pillar/0	chipped:block/magma_block/ctm/curly_magma_block_pillar/1	chipped:block/magma_block/ctm/common_textures/2	chipped:block/magma_block/ctm/curly_magma_block_pillar/3	cebf3366e19beb4b2b2a7852650d608fac7c486845d19360c6c6921d58473591
chipped:curly_mossy_cobblestone_pillar	pillar	chipped:block/curly_mossy_cobblestone_pillar	minecraft:block/cube_column	chipped:block/mossy_cobblestone/curly_mossy_cobblestone_pillar	chipped:block/mossy_cobblestone/ctm/curly_mossy_cobblestone_pillar/0	chipped:block/mossy_cobblestone/ctm/curly_mossy_cobblestone_pillar/1	chipped:block/mossy_cobblestone/ctm/common_textures/3	chipped:block/mossy_cobblestone/ctm/curly_mossy_cobblestone_pillar/3	17b756ea2327e7bdaafa8e5862739c172a3754ba8793d1e44a37ae749e59904e
chipped:curly_mossy_stone_bricks_pillar	pillar	chipped:block/curly_mossy_stone_bricks_pillar	minecraft:block/cube_column	chipped:block/mossy_stone_bricks/curly_mossy_stone_bricks_pillar	chipped:block/mossy_stone_bricks/ctm/curly_mossy_stone_bricks_pillar/0	chipped:block/mossy_stone_bricks/ctm/curly_mossy_stone_bricks_pillar/1	chipped:block/mossy_stone_bricks/ctm/common_textures/3	chipped:block/mossy_stone_bricks/ctm/curly_mossy_stone_bricks_pillar/3	98f119f9facad54ff6ca41b74396799704c665c83b83264b89101bde54ff1de7
chipped:curly_mud_bricks_pillar	pillar	chipped:block/curly_mud_bricks_pillar	minecraft:block/cube_column	chipped:block/mud_bricks/curly_mud_bricks_pillar	chipped:block/mud_bricks/ctm/curly_mud_bricks_pillar/0	chipped:block/mud_bricks/ctm/curly_mud_bricks_pillar/1	chipped:block/mud_bricks/ctm/common_textures/1	chipped:block/mud_bricks/ctm/curly_mud_bricks_pillar/3	5b5a990913f8743ce500d37513551f37ac4de4c7a37fff582a0de8cde4366a2e
chipped:curly_mud_pillar	pillar	chipped:block/curly_mud_pillar	minecraft:block/cube_column	chipped:block/mud/curly_mud_pillar	chipped:block/mud/ctm/curly_mud_pillar/0	chipped:block/mud/ctm/curly_mud_pillar/1	chipped:block/mud/ctm/common_textures/1	chipped:block/mud/ctm/curly_mud_pillar/3	4ea455ba6e43cbe792d68198ad97a362e31b1e92dc512eab67c20ab423facd8b
chipped:curly_nether_bricks_pillar	pillar	chipped:block/curly_nether_bricks_pillar	minecraft:block/cube_column	chipped:block/nether_bricks/curly_nether_bricks_pillar	chipped:block/nether_bricks/ctm/curly_nether_bricks_pillar/0	chipped:block/nether_bricks/ctm/curly_nether_bricks_pillar/1	chipped:block/nether_bricks/ctm/common_textures/3	chipped:block/nether_bricks/ctm/curly_nether_bricks_pillar/3	26e4eabb24df8922f9b77a9eac77a58724fdf1471bec147a553b044f197d1f49
chipped:curly_netherrack_pillar	pillar	chipped:block/curly_netherrack_pillar	minecraft:block/cube_column	chipped:block/netherrack/curly_netherrack_pillar	chipped:block/netherrack/ctm/curly_netherrack_pillar/0	chipped:block/netherrack/ctm/curly_netherrack_pillar/1	chipped:block/netherrack/ctm/common_textures/3	chipped:block/netherrack/ctm/curly_netherrack_pillar/3	1f29f790c1f4888acb6b85f35150c21f2d3a493c6b63747c8ce9c121173392d5
chipped:curly_obsidian_pillar	pillar	chipped:block/curly_obsidian_pillar	minecraft:block/cube_column	chipped:block/obsidian/curly_obsidian_pillar	chipped:block/obsidian/ctm/curly_obsidian_pillar/0	chipped:block/obsidian/ctm/curly_obsidian_pillar/1	chipped:block/obsidian/ctm/common_textures/3	chipped:block/obsidian/ctm/curly_obsidian_pillar/3	e4f8ac54e538bb71dd7e08dbf86cd97e8ab1320edc255decdb78ddad532a953a
chipped:curly_packed_ice_pillar	pillar	chipped:block/curly_packed_ice_pillar	minecraft:block/cube_column	chipped:block/packed_ice/curly_packed_ice_pillar	chipped:block/packed_ice/ctm/curly_packed_ice_pillar/0	chipped:block/packed_ice/ctm/curly_packed_ice_pillar/1	chipped:block/packed_ice/ctm/common_textures/3	chipped:block/packed_ice/ctm/curly_packed_ice_pillar/3	ceffb6d4392414a360d27e7fe47d922522a30d5f2eaab382aefddbc1c36665e3
chipped:curly_packed_mud_pillar	pillar	chipped:block/curly_packed_mud_pillar	minecraft:block/cube_column	chipped:block/packed_mud/curly_packed_mud_pillar	chipped:block/packed_mud/ctm/curly_packed_mud_pillar/0	chipped:block/packed_mud/ctm/curly_packed_mud_pillar/1	chipped:block/packed_mud/ctm/common_textures/1	chipped:block/packed_mud/ctm/curly_packed_mud_pillar/3	427fa3634a8440c3722e533b44a68b113aadaa766f3165d520d6472bf2c1e46c
chipped:curly_prismarine_pillar	pillar	chipped:block/curly_prismarine_pillar	minecraft:block/cube_column	chipped:block/prismarine/curly_prismarine_pillar	chipped:block/prismarine/ctm/curly_prismarine_pillar/0	chipped:block/prismarine/ctm/curly_prismarine_pillar/1	chipped:block/prismarine/ctm/common_textures/3	chipped:block/prismarine/ctm/curly_prismarine_pillar/3	a98a5088d86660c69389de091ee517ba52446fb279c2002a6425be034799ddb2
chipped:curly_purpur_block_pillar	pillar	chipped:block/curly_purpur_block_pillar	minecraft:block/cube_column	chipped:block/purpur_block/curly_purpur_block_pillar	chipped:block/purpur_block/ctm/curly_purpur_block_pillar/0	chipped:block/purpur_block/ctm/curly_purpur_block_pillar/1	chipped:block/purpur_block/ctm/common_textures/3	chipped:block/purpur_block/ctm/curly_purpur_block_pillar/3	0a9ab547a004d5f47641cd8c77b891d3e99732a18b9de70f6dc3974bdef35a73
chipped:curly_quartz_block_pillar	pillar	chipped:block/curly_quartz_block_pillar	minecraft:block/cube_column	chipped:block/quartz_block/curly_quartz_block_pillar	chipped:block/quartz_block/ctm/curly_quartz_block_pillar/0	chipped:block/quartz_block/ctm/curly_quartz_block_pillar/1	chipped:block/quartz_block/ctm/common_textures/3	chipped:block/quartz_block/ctm/curly_quartz_block_pillar/3	4f2899cc7c7809331bc54b6c5500c785335aad5d0f743cb9078466dfd7aaee2c
chipped:curly_raw_copper_block_pillar	pillar	chipped:block/curly_raw_copper_block_pillar	minecraft:block/cube_column	chipped:block/raw_copper_block/curly_raw_copper_block_pillar	chipped:block/raw_copper_block/ctm/curly_raw_copper_block_pillar/0	chipped:block/raw_copper_block/ctm/curly_raw_copper_block_pillar/1	chipped:block/raw_copper_block/ctm/curly_raw_copper_block_pillar/2	chipped:block/raw_copper_block/ctm/curly_raw_copper_block_pillar/3	a24b6e10dc9ec570d34d4f5827662ec827635ba725ecf656e7bf32fc3c66cbb1
chipped:curly_raw_gold_block_pillar	pillar	chipped:block/curly_raw_gold_block_pillar	minecraft:block/cube_column	chipped:block/raw_gold_block/curly_raw_gold_block_pillar	chipped:block/raw_gold_block/ctm/curly_raw_gold_block_pillar/0	chipped:block/raw_gold_block/ctm/curly_raw_gold_block_pillar/1	chipped:block/raw_gold_block/ctm/common_textures/3	chipped:block/raw_gold_block/ctm/curly_raw_gold_block_pillar/3	b01031a2460f6380315bc4ed51ebed9270f36e8561923ff98831fd1152d32d10
chipped:curly_raw_iron_block_pillar	pillar	chipped:block/curly_raw_iron_block_pillar	minecraft:block/cube_column	chipped:block/raw_iron_block/curly_raw_iron_block_pillar	chipped:block/raw_iron_block/ctm/curly_raw_iron_block_pillar/0	chipped:block/raw_iron_block/ctm/curly_raw_iron_block_pillar/1	chipped:block/raw_iron_block/ctm/common_textures/3	chipped:block/raw_iron_block/ctm/curly_raw_iron_block_pillar/3	0eb8c83353dd87f02a5f7b4e14fcd7760d7df55d5c149f980c86fed8cf8a586e
chipped:curly_red_nether_bricks_pillar	pillar	chipped:block/curly_red_nether_bricks_pillar	minecraft:block/cube_column	chipped:block/red_nether_bricks/curly_red_nether_bricks_pillar	chipped:block/red_nether_bricks/ctm/curly_red_nether_bricks_pillar/0	chipped:block/red_nether_bricks/ctm/curly_red_nether_bricks_pillar/1	chipped:block/red_nether_bricks/ctm/common_textures/3	chipped:block/red_nether_bricks/ctm/curly_red_nether_bricks_pillar/3	2ab52bf1ae4c8ce1f5b82e661a1f5cefbc809dab2122c295ec646a69b514a70c
chipped:curly_red_sandstone_pillar	pillar	chipped:block/curly_red_sandstone_pillar	minecraft:block/cube_column	chipped:block/red_sandstone/curly_red_sandstone_pillar	chipped:block/red_sandstone/ctm/curly_red_sandstone_pillar/0	chipped:block/red_sandstone/ctm/curly_red_sandstone_pillar/1	chipped:block/red_sandstone/ctm/common_textures/3	chipped:block/red_sandstone/ctm/curly_red_sandstone_pillar/3	e38fa6b5641cb001bebfcbf78c3c93644effa9bbd9b76bf98b3f4676fa5579b9
chipped:curly_redstone_block_pillar	pillar	chipped:block/curly_redstone_block_pillar	minecraft:block/cube_column	chipped:block/redstone_block/curly_redstone_block_pillar	chipped:block/redstone_block/ctm/curly_redstone_block_pillar/0	chipped:block/redstone_block/ctm/curly_redstone_block_pillar/1	chipped:block/redstone_block/ctm/common_textures/3	chipped:block/redstone_block/ctm/curly_redstone_block_pillar/3	04e3fe34006ff39cf1188c16abf97d0a4e38e809faed3a5658d567d1f0b6ea5a
chipped:curly_sandstone_pillar	pillar	chipped:block/curly_sandstone_pillar	minecraft:block/cube_column	chipped:block/sandstone/curly_sandstone_pillar	chipped:block/sandstone/ctm/curly_sandstone_pillar/0	chipped:block/sandstone/ctm/curly_sandstone_pillar/1	chipped:block/sandstone/ctm/common_textures/3	chipped:block/sandstone/ctm/curly_sandstone_pillar/3	1f1f8f4d567f873d811bbd0f0c1fffa4ea162ca58d7c196314610f0ed3fbc500
chipped:curly_smooth_stone_pillar	pillar	chipped:block/curly_smooth_stone_pillar	minecraft:block/cube_column	chipped:block/smooth_stone/curly_smooth_stone_pillar	chipped:block/smooth_stone/ctm/curly_smooth_stone_pillar/0	chipped:block/smooth_stone/ctm/curly_smooth_stone_pillar/1	chipped:block/smooth_stone/ctm/curly_smooth_stone_pillar/2	chipped:block/smooth_stone/ctm/curly_smooth_stone_pillar/3	304e61688d06c50e9afdd69b91fdc6c56f8a868abc4d089145466c291a126929
chipped:curly_snow_block_pillar	pillar	chipped:block/curly_snow_block_pillar	minecraft:block/cube_column	chipped:block/snow_block/curly_snow_block_pillar	chipped:block/snow_block/ctm/curly_snow_block_pillar/0	chipped:block/snow_block/ctm/curly_snow_block_pillar/1	chipped:block/snow_block/ctm/common_textures/3	chipped:block/snow_block/ctm/curly_snow_block_pillar/3	2d60557eff9bc50ec14b44beef542443dbca14aa5cfc79548a26957b2bad0bb6
chipped:curly_stone_pillar	pillar	chipped:block/curly_stone_pillar	minecraft:block/cube_column	chipped:block/stone/curly_stone_pillar	chipped:block/stone/ctm/curly_stone_pillar/0	chipped:block/stone/ctm/curly_stone_pillar/1	chipped:block/stone/ctm/common_textures/3	chipped:block/stone/ctm/curly_stone_pillar/3	aa8d96407999c4a83bdf70706184dfe4cc3ed1b5a337dd18fa4e3c755b97310b
chipped:curly_tuff_pillar	pillar	chipped:block/curly_tuff_pillar	minecraft:block/cube_column	chipped:block/tuff/curly_tuff_pillar	chipped:block/tuff/ctm/curly_tuff_pillar/0	chipped:block/tuff/ctm/curly_tuff_pillar/1	chipped:block/tuff/ctm/common_textures/3	chipped:block/tuff/ctm/curly_tuff_pillar/3	a1cbbbd927779c864162011f31343748811a6d5c8e0afd6b88b3e2d8633a19cd
chipped:cut_amethyst_block_column	ctm	chipped:block/cut_amethyst_block_column	minecraft:block/cube_all	chipped:block/amethyst_block/cut_amethyst_block_column	chipped:block/amethyst_block/ctm/cut_amethyst_block_column_ctm/0	chipped:block/amethyst_block/ctm/cut_amethyst_block_column_ctm/3	chipped:block/amethyst_block/ctm/cut_amethyst_block_column_ctm/1	chipped:block/amethyst_block/ctm/cut_amethyst_block_column_ctm/2	1a12c3c9cf205e7adfb370a77858e83a2d5abfe78f6105c4547f9229ec971705
chipped:cut_ancient_debris_column	ctm	chipped:block/cut_ancient_debris_column	minecraft:block/cube_all	chipped:block/ancient_debris/cut_ancient_debris_column	chipped:block/ancient_debris/ctm/cut_ancient_debris_column_ctm/0	chipped:block/ancient_debris/ctm/cut_ancient_debris_column_ctm/3	chipped:block/ancient_debris/ctm/cut_ancient_debris_column_ctm/1	chipped:block/ancient_debris/ctm/cut_ancient_debris_column_ctm/2	3180c0e16891a21c6f6d3aef2a7ebc4d81a92d083ba5943cb59759895df69970
chipped:cut_andesite_column	ctm	chipped:block/cut_andesite_column	minecraft:block/cube_all	chipped:block/andesite/cut_andesite_column	chipped:block/andesite/ctm/cut_andesite_column_ctm/0	chipped:block/andesite/ctm/cut_andesite_column_ctm/3	chipped:block/andesite/ctm/cut_andesite_column_ctm/1	chipped:block/andesite/ctm/cut_andesite_column_ctm/2	929c515100a53ad16ebcef4e7f880cbc19c68ef2a087a906b465a70cebcf9590
chipped:cut_basalt_column	ctm	chipped:block/cut_basalt_column	minecraft:block/cube_all	chipped:block/basalt/cut_basalt_column	chipped:block/basalt/ctm/cut_basalt_column_ctm/0	chipped:block/basalt/ctm/cut_basalt_column_ctm/3	chipped:block/basalt/ctm/cut_basalt_column_ctm/1	chipped:block/basalt/ctm/cut_basalt_column_ctm/2	0aad0f4a81e265311429dbe9a720771fea5ec73e1964880914734db81d9dae1b
chipped:cut_blackstone_column	ctm	chipped:block/cut_blackstone_column	minecraft:block/cube_all	chipped:block/blackstone/cut_blackstone_column	chipped:block/blackstone/ctm/cut_blackstone_column_ctm/0	chipped:block/blackstone/ctm/cut_blackstone_column_ctm/3	chipped:block/blackstone/ctm/cut_blackstone_column_ctm/1	chipped:block/blackstone/ctm/cut_blackstone_column_ctm/2	10037f14063672544808ee1d0e6cf738bea8e26255626f57ce28492236219d01
chipped:cut_blue_ice_column	ctm	chipped:block/cut_blue_ice_column	minecraft:block/cube_all	chipped:block/blue_ice/cut_blue_ice_column	chipped:block/blue_ice/ctm/cut_blue_ice_column_ctm/0	chipped:block/blue_ice/ctm/cut_blue_ice_column_ctm/3	chipped:block/blue_ice/ctm/cut_blue_ice_column_ctm/1	chipped:block/blue_ice/ctm/cut_blue_ice_column_ctm/2	75b5dc2efce734ae94f76bc6b8e7018c7fff84ce8aeeb67ced3ec2759c8917fd
chipped:cut_borderless_bricks_column	ctm	chipped:block/cut_borderless_bricks_column	minecraft:block/cube_all	chipped:block/borderless_bricks/cut_borderless_bricks_column	chipped:block/borderless_bricks/ctm/cut_borderless_bricks_column_ctm/0	chipped:block/borderless_bricks/ctm/cut_borderless_bricks_column_ctm/3	chipped:block/borderless_bricks/ctm/cut_borderless_bricks_column_ctm/1	chipped:block/borderless_bricks/ctm/cut_borderless_bricks_column_ctm/2	637c5dbed22f7f1ca6cdc5ab4056928490b93f4e469e7043d4c7ba568b1805a3
chipped:cut_bricks_column	ctm	chipped:block/cut_bricks_column	minecraft:block/cube_all	chipped:block/bricks/cut_bricks_column	chipped:block/bricks/ctm/cut_bricks_column_ctm/0	chipped:block/bricks/ctm/cut_bricks_column_ctm/3	chipped:block/bricks/ctm/cut_bricks_column_ctm/1	chipped:block/bricks/ctm/cut_bricks_column_ctm/2	a01c9ec1012be6efb198c32fbeaaebebd2842c8360491c02d1577e3d386a350d
chipped:cut_calcite_column	ctm	chipped:block/cut_calcite_column	minecraft:block/cube_all	chipped:block/calcite/cut_calcite_column	chipped:block/calcite/ctm/cut_calcite_column_ctm/0	chipped:block/calcite/ctm/cut_calcite_column_ctm/3	chipped:block/calcite/ctm/cut_calcite_column_ctm/1	chipped:block/calcite/ctm/cut_calcite_column_ctm/2	a6f031e38b1f72fa8e72ab097bdbd3374bc5a46db5d5392d5e57ecf31bcb2c54
chipped:cut_clay_column	ctm	chipped:block/cut_clay_column	minecraft:block/cube_all	chipped:block/clay/cut_clay_column	chipped:block/clay/ctm/cut_clay_column_ctm/0	chipped:block/clay/ctm/cut_clay_column_ctm/3	chipped:block/clay/ctm/cut_clay_column_ctm/1	chipped:block/clay/ctm/cut_clay_column_ctm/2	840f9ca1db9ab75cf8188221e5c381bf7b87800ca3f5d9f97ed6d383515d4957
chipped:cut_coal_block_column	ctm	chipped:block/cut_coal_block_column	minecraft:block/cube_all	chipped:block/coal_block/cut_coal_block_column	chipped:block/coal_block/ctm/cut_coal_block_column_ctm/0	chipped:block/coal_block/ctm/cut_coal_block_column_ctm/3	chipped:block/coal_block/ctm/cut_coal_block_column_ctm/1	chipped:block/coal_block/ctm/cut_coal_block_column_ctm/2	02271326c8d5aa890407c6d3600d7ccb96198f28b46e41b158711537210de6c7
chipped:cut_cobblestone_column	ctm	chipped:block/cut_cobblestone_column	minecraft:block/cube_all	chipped:block/cobblestone/cut_cobblestone_column	chipped:block/cobblestone/ctm/cut_cobblestone_column_ctm/0	chipped:block/cobblestone/ctm/cut_cobblestone_column_ctm/3	chipped:block/cobblestone/ctm/cut_cobblestone_column_ctm/1	chipped:block/cobblestone/ctm/cut_cobblestone_column_ctm/2	4820b855677079d46e96a97c31bc1b3397da6aa3f87cc20724e763848fba3b0c
chipped:cut_crying_obsidian_column	ctm	chipped:block/cut_crying_obsidian_column	minecraft:block/cube_all	chipped:block/crying_obsidian/cut_crying_obsidian_column	chipped:block/crying_obsidian/ctm/cut_crying_obsidian_column_ctm/0	chipped:block/crying_obsidian/ctm/cut_crying_obsidian_column_ctm/3	chipped:block/crying_obsidian/ctm/cut_crying_obsidian_column_ctm/1	chipped:block/crying_obsidian/ctm/cut_crying_obsidian_column_ctm/2	128194807b307d7e6cdbcc0c8129e41dd16b20e2afac9984928924b79afbd458
chipped:cut_dark_prismarine_column	ctm	chipped:block/cut_dark_prismarine_column	minecraft:block/cube_all	chipped:block/dark_prismarine/cut_dark_prismarine_column	chipped:block/dark_prismarine/ctm/cut_dark_prismarine_column_ctm/0	chipped:block/dark_prismarine/ctm/cut_dark_prismarine_column_ctm/3	chipped:block/dark_prismarine/ctm/cut_dark_prismarine_column_ctm/1	chipped:block/dark_prismarine/ctm/cut_dark_prismarine_column_ctm/2	7e1826a521d53a462c8b019c97d72e2ff172ba20c40114c3a9cf5cd0093cfe48
chipped:cut_deepslate_column	ctm	chipped:block/cut_deepslate_column	minecraft:block/cube_all	chipped:block/deepslate/cut_deepslate_column	chipped:block/deepslate/ctm/cut_deepslate_column_ctm/0	chipped:block/deepslate/ctm/cut_deepslate_column_ctm/3	chipped:block/deepslate/ctm/cut_deepslate_column_ctm/1	chipped:block/deepslate/ctm/cut_deepslate_column_ctm/2	2f1369b9d11202de8abd1f5c2eb191a8021a9b04b67ec87a317aca31cb34e0ec
chipped:cut_diorite_column	ctm	chipped:block/cut_diorite_column	minecraft:block/cube_all	chipped:block/diorite/cut_diorite_column	chipped:block/diorite/ctm/cut_diorite_column_ctm/0	chipped:block/diorite/ctm/cut_diorite_column_ctm/3	chipped:block/diorite/ctm/cut_diorite_column_ctm/1	chipped:block/diorite/ctm/cut_diorite_column_ctm/2	97720cebb46bfea2e69c08a465830a0bb9eaeb2e0fa9de124f864dc2a4cb035a
chipped:cut_dirt_column	ctm	chipped:block/cut_dirt_column	minecraft:block/cube_all	chipped:block/dirt/cut_dirt_column	chipped:block/dirt/ctm/cut_dirt_column_ctm/0	chipped:block/dirt/ctm/cut_dirt_column_ctm/3	chipped:block/dirt/ctm/cut_dirt_column_ctm/1	chipped:block/dirt/ctm/cut_dirt_column_ctm/2	fc7a4a314c740d36b88300f8904934fa7fd757597c2e5625c339f2fbad21dc34
chipped:cut_dripstone_block_column	ctm	chipped:block/cut_dripstone_block_column	minecraft:block/cube_all	chipped:block/dripstone_block/cut_dripstone_block_column	chipped:block/dripstone_block/ctm/cut_dripstone_block_column_ctm/0	chipped:block/dripstone_block/ctm/cut_dripstone_block_column_ctm/3	chipped:block/dripstone_block/ctm/cut_dripstone_block_column_ctm/1	chipped:block/dripstone_block/ctm/cut_dripstone_block_column_ctm/2	c971512a6ba977e306cbd27eb785852fd8df48caf8e5ec06e9ff9d0256a59837
chipped:cut_end_stone_column	ctm	chipped:block/cut_end_stone_column	minecraft:block/cube_all	chipped:block/end_stone/cut_end_stone_column	chipped:block/end_stone/ctm/cut_end_stone_column_ctm/0	chipped:block/end_stone/ctm/cut_end_stone_column_ctm/3	chipped:block/end_stone/ctm/cut_end_stone_column_ctm/1	chipped:block/end_stone/ctm/cut_end_stone_column_ctm/2	82395a846b367f38bb4944911b6165c15438c6e0126a2c2ed214a3d7d06a0386
chipped:cut_gilded_blackstone_column	ctm	chipped:block/cut_gilded_blackstone_column	minecraft:block/cube_all	chipped:block/gilded_blackstone/cut_gilded_blackstone_column	chipped:block/gilded_blackstone/ctm/cut_gilded_blackstone_column_ctm/0	chipped:block/gilded_blackstone/ctm/cut_gilded_blackstone_column_ctm/3	chipped:block/gilded_blackstone/ctm/cut_gilded_blackstone_column_ctm/1	chipped:block/gilded_blackstone/ctm/cut_gilded_blackstone_column_ctm/2	ffc90303f8c87fc17e7c13573753cb2864cd1ff0282197e582bc2c9fd8f32505
chipped:cut_granite_column	ctm	chipped:block/cut_granite_column	minecraft:block/cube_all	chipped:block/granite/cut_granite_column	chipped:block/granite/ctm/cut_granite_column_ctm/0	chipped:block/granite/ctm/cut_granite_column_ctm/3	chipped:block/granite/ctm/cut_granite_column_ctm/1	chipped:block/granite/ctm/cut_granite_column_ctm/2	0c839949297162d2096488f570fdbcb3c5d258197e139d8746afdd176ee28f23
chipped:cut_ice_column	ctm	chipped:block/cut_ice_column	minecraft:block/cube_all	chipped:block/ice/cut_ice_column	chipped:block/ice/ctm/cut_ice_column_ctm/0	chipped:block/ice/ctm/cut_ice_column_ctm/3	chipped:block/ice/ctm/cut_ice_column_ctm/1	chipped:block/ice/ctm/cut_ice_column_ctm/2	48087a13e58f3f6507d94f89181bfbbd427a0977852d4a6c7a81d950bee7cf0c
chipped:cut_lapis_block_column	ctm	chipped:block/cut_lapis_block_column	minecraft:block/cube_all	chipped:block/lapis_block/cut_lapis_block_column	chipped:block/lapis_block/ctm/cut_lapis_block_column_ctm/0	chipped:block/lapis_block/ctm/cut_lapis_block_column_ctm/3	chipped:block/lapis_block/ctm/cut_lapis_block_column_ctm/1	chipped:block/lapis_block/ctm/cut_lapis_block_column_ctm/2	2cb267c961ae0fc2c9ed4e5e308859c9bcca4f7c4287cca2ced1b71f0563bd8d
chipped:cut_lodestone_column	ctm	chipped:block/cut_lodestone_column	minecraft:block/cube_all	chipped:block/lodestone/cut_lodestone_column	chipped:block/lodestone/ctm/cut_lodestone_column_ctm/0	chipped:block/lodestone/ctm/cut_lodestone_column_ctm/3	chipped:block/lodestone/ctm/cut_lodestone_column_ctm/1	chipped:block/lodestone/ctm/cut_lodestone_column_ctm/2	867b32ea51c856959feca10d6de849568c949b6c282e291de5f5fd45412713b1
chipped:cut_magma_block_column	ctm	chipped:block/cut_magma_block_column	minecraft:block/cube_all	chipped:block/magma_block/cut_magma_block_column	chipped:block/magma_block/ctm/cut_magma_block_column_ctm/0	chipped:block/magma_block/ctm/cut_magma_block_column_ctm/3	chipped:block/magma_block/ctm/cut_magma_block_column_ctm/1	chipped:block/magma_block/ctm/cut_magma_block_column_ctm/2	13e6a7f30e9fff8621ca83bee3846eb31bc673957928b3bb1ee9a040e020fb76
chipped:cut_mossy_cobblestone_column	ctm	chipped:block/cut_mossy_cobblestone_column	minecraft:block/cube_all	chipped:block/mossy_cobblestone/cut_mossy_cobblestone_column	chipped:block/mossy_cobblestone/ctm/cut_mossy_cobblestone_column_ctm/0	chipped:block/mossy_cobblestone/ctm/cut_mossy_cobblestone_column_ctm/3	chipped:block/mossy_cobblestone/ctm/cut_mossy_cobblestone_column_ctm/1	chipped:block/mossy_cobblestone/ctm/cut_mossy_cobblestone_column_ctm/2	0c9cb251fa0a3a4a306b8caab74082ec4a655fd7634477d5ba09544371061e82
chipped:cut_mossy_stone_bricks_column	ctm	chipped:block/cut_mossy_stone_bricks_column	minecraft:block/cube_all	chipped:block/mossy_stone_bricks/cut_mossy_stone_bricks_column	chipped:block/mossy_stone_bricks/ctm/cut_mossy_stone_bricks_column_ctm/0	chipped:block/mossy_stone_bricks/ctm/cut_mossy_stone_bricks_column_ctm/3	chipped:block/mossy_stone_bricks/ctm/cut_mossy_stone_bricks_column_ctm/1	chipped:block/mossy_stone_bricks/ctm/cut_mossy_stone_bricks_column_ctm/2	0b9979aa599f448ae61a8b941d72acff6c54c20bec1416d887de9be58115e225
chipped:cut_nether_bricks_column	ctm	chipped:block/cut_nether_bricks_column	minecraft:block/cube_all	chipped:block/nether_bricks/cut_nether_bricks_column	chipped:block/nether_bricks/ctm/cut_nether_bricks_column_ctm/0	chipped:block/nether_bricks/ctm/cut_nether_bricks_column_ctm/3	chipped:block/nether_bricks/ctm/cut_nether_bricks_column_ctm/1	chipped:block/nether_bricks/ctm/cut_nether_bricks_column_ctm/2	b1d53da07973c37628f2ce90b86ea2bfeb67a166df25b4b54a478284d17075ea
chipped:cut_netherrack_column	ctm	chipped:block/cut_netherrack_column	minecraft:block/cube_all	chipped:block/netherrack/cut_netherrack_column	chipped:block/netherrack/ctm/cut_netherrack_column_ctm/0	chipped:block/netherrack/ctm/cut_netherrack_column_ctm/3	chipped:block/netherrack/ctm/cut_netherrack_column_ctm/1	chipped:block/netherrack/ctm/cut_netherrack_column_ctm/2	b22393c6dc8ab10f323875a477e8580b6b01ca5a41ce5c4bf711813a6d1646d0
chipped:cut_obsidian_column	ctm	chipped:block/cut_obsidian_column	minecraft:block/cube_all	chipped:block/obsidian/cut_obsidian_column	chipped:block/obsidian/ctm/cut_obsidian_column_ctm/0	chipped:block/obsidian/ctm/cut_obsidian_column_ctm/3	chipped:block/obsidian/ctm/cut_obsidian_column_ctm/1	chipped:block/obsidian/ctm/cut_obsidian_column_ctm/2	9b391738a3cc71f04c6da5d8f279ef7e652a90bc4d725f0147148410c9c67ba9
chipped:cut_packed_ice_column	ctm	chipped:block/cut_packed_ice_column	minecraft:block/cube_all	chipped:block/packed_ice/cut_packed_ice_column	chipped:block/packed_ice/ctm/cut_packed_ice_column_ctm/0	chipped:block/packed_ice/ctm/cut_packed_ice_column_ctm/3	chipped:block/packed_ice/ctm/cut_packed_ice_column_ctm/1	chipped:block/packed_ice/ctm/cut_packed_ice_column_ctm/2	18f337e6ab5a7710c43f084db5974e4a6a33515928060ca5c72580a66cc9362c
chipped:cut_prismarine_column	ctm	chipped:block/cut_prismarine_column	minecraft:block/cube_all	chipped:block/prismarine/cut_prismarine_column	chipped:block/prismarine/ctm/cut_prismarine_column_ctm/0	chipped:block/prismarine/ctm/cut_prismarine_column_ctm/3	chipped:block/prismarine/ctm/cut_prismarine_column_ctm/1	chipped:block/prismarine/ctm/cut_prismarine_column_ctm/2	21e61c594cbb2ad8602d1d33f1903afb8814d8698812d5d6b9980b99259d3ac7
chipped:cut_purpur_block_column	ctm	chipped:block/cut_purpur_block_column	minecraft:block/cube_all	chipped:block/purpur_block/cut_purpur_block_column	chipped:block/purpur_block/ctm/cut_purpur_block_column_ctm/0	chipped:block/purpur_block/ctm/cut_purpur_block_column_ctm/3	chipped:block/purpur_block/ctm/cut_purpur_block_column_ctm/1	chipped:block/purpur_block/ctm/cut_purpur_block_column_ctm/2	2bc2712099ed24b25060ac821fd1504925cd0dfb58dcb1321f4585088891891d
chipped:cut_quartz_block_column	ctm	chipped:block/cut_quartz_block_column	minecraft:block/cube_all	chipped:block/quartz_block/cut_quartz_block_column	chipped:block/quartz_block/ctm/cut_quartz_block_column_ctm/0	chipped:block/quartz_block/ctm/cut_quartz_block_column_ctm/3	chipped:block/quartz_block/ctm/cut_quartz_block_column_ctm/1	chipped:block/quartz_block/ctm/cut_quartz_block_column_ctm/2	d3c78f067199b75e66569a48bb777aac335d2080023482c858baec6c9ba6aeb6
chipped:cut_raw_copper_block_column	ctm	chipped:block/cut_raw_copper_block_column	minecraft:block/cube_all	chipped:block/raw_copper_block/cut_raw_copper_block_column	chipped:block/raw_copper_block/ctm/cut_raw_copper_block_column_ctm/0	chipped:block/raw_copper_block/ctm/cut_raw_copper_block_column_ctm/3	chipped:block/raw_copper_block/ctm/cut_raw_copper_block_column_ctm/1	chipped:block/raw_copper_block/ctm/cut_raw_copper_block_column_ctm/2	69e5f1b4e7214acab772f1adcf5e467eb0bd15b932c4c128bfc71ca6a7405703
chipped:cut_raw_gold_block_column	ctm	chipped:block/cut_raw_gold_block_column	minecraft:block/cube_all	chipped:block/raw_gold_block/cut_raw_gold_block_column	chipped:block/raw_gold_block/ctm/cut_raw_gold_block_column_ctm/0	chipped:block/raw_gold_block/ctm/cut_raw_gold_block_column_ctm/3	chipped:block/raw_gold_block/ctm/cut_raw_gold_block_column_ctm/1	chipped:block/raw_gold_block/ctm/cut_raw_gold_block_column_ctm/2	e4b12380aee6d7ed07255253c28aefc1563ecdbc5bd2435d7b555be97a38aaeb
chipped:cut_raw_iron_block_column	ctm	chipped:block/cut_raw_iron_block_column	minecraft:block/cube_all	chipped:block/raw_iron_block/cut_raw_iron_block_column	chipped:block/raw_iron_block/ctm/cut_raw_iron_block_column_ctm/0	chipped:block/raw_iron_block/ctm/cut_raw_iron_block_column_ctm/3	chipped:block/raw_iron_block/ctm/cut_raw_iron_block_column_ctm/1	chipped:block/raw_iron_block/ctm/cut_raw_iron_block_column_ctm/2	ad39cd3345a3936849dc319e74605a12a9a5cdcb4108252f99de1ce8142dfe76
chipped:cut_red_nether_bricks_column	ctm	chipped:block/cut_red_nether_bricks_column	minecraft:block/cube_all	chipped:block/red_nether_bricks/cut_red_nether_bricks_column	chipped:block/red_nether_bricks/ctm/cut_red_nether_bricks_column_ctm/0	chipped:block/red_nether_bricks/ctm/cut_red_nether_bricks_column_ctm/3	chipped:block/red_nether_bricks/ctm/cut_red_nether_bricks_column_ctm/1	chipped:block/red_nether_bricks/ctm/cut_red_nether_bricks_column_ctm/2	29d2f66bfcf368c5399d8703ac973b8af22dc152a77ba2e9f5bac1a569c95179
chipped:cut_red_sandstone_column	ctm	chipped:block/cut_red_sandstone_column	minecraft:block/cube_all	chipped:block/red_sandstone/cut_red_sandstone_column	chipped:block/red_sandstone/ctm/cut_red_sandstone_column_ctm/0	chipped:block/red_sandstone/ctm/cut_red_sandstone_column_ctm/3	chipped:block/red_sandstone/ctm/cut_red_sandstone_column_ctm/1	chipped:block/red_sandstone/ctm/cut_red_sandstone_column_ctm/2	1b679a2acd62c809f83b494bab17697694ef6299eda7a7129b286440a52df6c1
chipped:cut_redstone_block_column	ctm	chipped:block/cut_redstone_block_column	minecraft:block/cube_all	chipped:block/redstone_block/cut_redstone_block_column	chipped:block/redstone_block/ctm/cut_redstone_block_column_ctm/0	chipped:block/redstone_block/ctm/cut_redstone_block_column_ctm/3	chipped:block/redstone_block/ctm/cut_redstone_block_column_ctm/1	chipped:block/redstone_block/ctm/cut_redstone_block_column_ctm/2	105538cc5db30038af1b9671da2df0e6fd2d2d3d625bee50ebf735371a705ef6
chipped:cut_sandstone_column	ctm	chipped:block/cut_sandstone_column	minecraft:block/cube_all	chipped:block/sandstone/cut_sandstone_column	chipped:block/sandstone/ctm/cut_sandstone_column_ctm/0	chipped:block/sandstone/ctm/cut_sandstone_column_ctm/3	chipped:block/sandstone/ctm/cut_sandstone_column_ctm/1	chipped:block/sandstone/ctm/cut_sandstone_column_ctm/2	0dd5952ea6162ad685a575ab21355a0e59ae6fc56ed806e51da3a4efccc50130
chipped:cut_smooth_stone_column	ctm	chipped:block/cut_smooth_stone_column	minecraft:block/cube_all	chipped:block/smooth_stone/cut_smooth_stone_column	chipped:block/smooth_stone/ctm/cut_smooth_stone_column_ctm/0	chipped:block/smooth_stone/ctm/cut_smooth_stone_column_ctm/3	chipped:block/smooth_stone/ctm/cut_smooth_stone_column_ctm/1	chipped:block/smooth_stone/ctm/cut_smooth_stone_column_ctm/2	307701a6b3d6922c3c17ced2221216d1d757ec511d80e1a1c09dc1c0dea0db8d
chipped:cut_snow_block_column	ctm	chipped:block/cut_snow_block_column	minecraft:block/cube_all	chipped:block/snow_block/cut_snow_block_column	chipped:block/snow_block/ctm/cut_snow_block_column_ctm/0	chipped:block/snow_block/ctm/cut_snow_block_column_ctm/3	chipped:block/snow_block/ctm/cut_snow_block_column_ctm/1	chipped:block/snow_block/ctm/cut_snow_block_column_ctm/2	328a8fabbe03505f3c1dabf8fdbf60a20a36aff4d85d1c1cd36bcee792e6198a
chipped:cut_stone_column	ctm	chipped:block/cut_stone_column	minecraft:block/cube_all	chipped:block/stone/cut_stone_column	chipped:block/stone/ctm/cut_stone_column_ctm/0	chipped:block/stone/ctm/cut_stone_column_ctm/3	chipped:block/stone/ctm/cut_stone_column_ctm/1	chipped:block/stone/ctm/cut_stone_column_ctm/2	dd0b4e557ac61f5ce0d6fd3cc47cd30ea88344280d19465426221a93c9091ba5
chipped:cut_tuff_column	ctm	chipped:block/cut_tuff_column	minecraft:block/cube_all	chipped:block/tuff/cut_tuff_column	chipped:block/tuff/ctm/cut_tuff_column_ctm/0	chipped:block/tuff/ctm/cut_tuff_column_ctm/3	chipped:block/tuff/ctm/cut_tuff_column_ctm/1	chipped:block/tuff/ctm/cut_tuff_column_ctm/2	371dcaf2030cd4c831d988e0dff8ade0bc40966c31108dc944616cfe73ddaf2a
chipped:cyan_concrete_panel	ctm	chipped:block/cyan_concrete_panel	minecraft:block/cube_all	chipped:block/cyan_concrete/cyan_concrete_panel	chipped:block/cyan_concrete/ctm/common_textures/0	chipped:block/cyan_concrete/ctm/cyan_concrete_panel_ctm/3	chipped:block/cyan_concrete/ctm/cyan_concrete_panel_ctm/1	chipped:block/cyan_concrete/ctm/cyan_concrete_panel_ctm/2	d58477b2d91e433de5c1e390dff2c9654454ee25ebd07d025f39fb83bc7d1fbe
chipped:cyan_concrete_pillar	pillar	chipped:block/cyan_concrete_pillar	minecraft:block/cube_column	chipped:block/cyan_concrete/cyan_concrete_pillar	chipped:block/cyan_concrete/ctm/cyan_concrete_pillar/0	chipped:block/cyan_concrete/ctm/cyan_concrete_pillar/1	chipped:block/cyan_concrete/ctm/common_textures/1	chipped:block/cyan_concrete/ctm/cyan_concrete_pillar/3	6f51f39315f24d9f8f84b64b1b04fbe287f60ee7631b64f28d34fe1237dcc798
chipped:cyan_terracotta_column	pillar	chipped:block/cyan_terracotta_column	minecraft:block/cube_column	chipped:block/cyan_terracotta/cyan_terracotta_column	chipped:block/cyan_terracotta/ctm/cyan_terracotta_column/0	chipped:block/cyan_terracotta/ctm/cyan_terracotta_column/1	chipped:block/cyan_terracotta/ctm/cyan_terracotta_column/2	chipped:block/cyan_terracotta/ctm/cyan_terracotta_column/3	f41fb6ba6322b468d9f077bb933093d9c493f5213e42911b5ad6bb23600deeef
chipped:cyan_terracotta_pillar	pillar	chipped:block/cyan_terracotta_pillar	minecraft:block/cube_column	chipped:block/cyan_terracotta/cyan_terracotta_pillar	chipped:block/cyan_terracotta/ctm/cyan_terracotta_pillar/0	chipped:block/cyan_terracotta/ctm/cyan_terracotta_pillar/1	chipped:block/cyan_terracotta/ctm/cyan_terracotta_pillar/2	chipped:block/cyan_terracotta/ctm/cyan_terracotta_pillar/3	49d377477862e0b7061a771042ca49e772604c48e48a5c21e1edc5c81ac3c5ba
chipped:dark_oak_planks_panel	ctm	chipped:block/dark_oak_planks_panel	minecraft:block/cube_all	chipped:block/dark_oak_planks/dark_oak_planks_panel	chipped:block/dark_oak_planks/ctm/dark_oak_planks_panel_ctm/0	chipped:block/dark_oak_planks/ctm/dark_oak_planks_panel_ctm/3	chipped:block/dark_oak_planks/ctm/dark_oak_planks_panel_ctm/1	chipped:block/dark_oak_planks/ctm/dark_oak_planks_panel_ctm/2	cd0001726310ef76b0135e5605b971a217492b690aa900c912b6d0a2b5c5e677
chipped:diamond_mud_bricks	giant	chipped:block/diamond_mud_bricks	minecraft:block/cube_all	chipped:block/mud/diamond_mud_bricks	chipped:block/mud/ctm/diamond_mud_bricks/0	chipped:block/mud/ctm/diamond_mud_bricks/1	chipped:block/mud/ctm/diamond_mud_bricks/2	chipped:block/mud/ctm/diamond_mud_bricks/3	7155da1d2868fe8c99cb252e2f79b5a4484c10424c7945e6f5532c6b3efd43c5
chipped:diamond_mud_bricks_bricks	giant	chipped:block/diamond_mud_bricks_bricks	minecraft:block/cube_all	chipped:block/mud_bricks/diamond_mud_bricks_bricks	chipped:block/mud_bricks/ctm/diamond_mud_bricks_bricks/0	chipped:block/mud_bricks/ctm/diamond_mud_bricks_bricks/1	chipped:block/mud_bricks/ctm/diamond_mud_bricks_bricks/2	chipped:block/mud_bricks/ctm/diamond_mud_bricks_bricks/3	1758688057af362c2dfe0140a39844b912bb04164d768f4590b2e01bd0dba957
chipped:diamond_packed_mud_bricks	giant	chipped:block/diamond_packed_mud_bricks	minecraft:block/cube_all	chipped:block/packed_mud/diamond_packed_mud_bricks	chipped:block/packed_mud/ctm/diamond_packed_mud_bricks/0	chipped:block/packed_mud/ctm/diamond_packed_mud_bricks/1	chipped:block/packed_mud/ctm/diamond_packed_mud_bricks/2	chipped:block/packed_mud/ctm/diamond_packed_mud_bricks/3	802f8b51c7d0ea211c3e218300defa1c018c8da905ebe9ea1103c2a49b042324
chipped:edged_amethyst_block_bricks	ctm	chipped:block/edged_amethyst_block_bricks	minecraft:block/cube_all	chipped:block/amethyst_block/edged_amethyst_block_bricks	chipped:block/amethyst_block/ctm/edged_amethyst_block_bricks_ctm/0	chipped:block/amethyst_block/ctm/edged_amethyst_block_bricks_ctm/3	chipped:block/amethyst_block/ctm/edged_amethyst_block_bricks_ctm/1	chipped:block/amethyst_block/ctm/edged_amethyst_block_bricks_ctm/2	76714aa22b4c985fdffa94b5cce7316f34a589e55de47b6d3041e260131d6dde
chipped:edged_ancient_debris_bricks	ctm	chipped:block/edged_ancient_debris_bricks	minecraft:block/cube_all	chipped:block/ancient_debris/edged_ancient_debris_bricks	chipped:block/ancient_debris/ctm/edged_ancient_debris_bricks_ctm/0	chipped:block/ancient_debris/ctm/edged_ancient_debris_bricks_ctm/3	chipped:block/ancient_debris/ctm/edged_ancient_debris_bricks_ctm/1	chipped:block/ancient_debris/ctm/edged_ancient_debris_bricks_ctm/2	9dd5dc9088441ed1e077e33489bbd565bae93cd57daf50fec19c5c065401f1d6
chipped:edged_andesite_bricks	ctm	chipped:block/edged_andesite_bricks	minecraft:block/cube_all	chipped:block/andesite/edged_andesite_bricks	chipped:block/andesite/ctm/edged_andesite_bricks_ctm/0	chipped:block/andesite/ctm/edged_andesite_bricks_ctm/3	chipped:block/andesite/ctm/edged_andesite_bricks_ctm/1	chipped:block/andesite/ctm/edged_andesite_bricks_ctm/2	f73b4595d8051152c42ac96262e6ab5c4f28dcab7fc36bfdce5f47d9c5fc6d63
chipped:edged_basalt_bricks	ctm	chipped:block/edged_basalt_bricks	minecraft:block/cube_all	chipped:block/basalt/edged_basalt_bricks	chipped:block/basalt/ctm/edged_basalt_bricks_ctm/0	chipped:block/basalt/ctm/edged_basalt_bricks_ctm/3	chipped:block/basalt/ctm/edged_basalt_bricks_ctm/1	chipped:block/basalt/ctm/edged_basalt_bricks_ctm/2	84bfdf5e25c6673638151997f2d64960ccc90dbd658412ebdae5d42c36aa022c
chipped:edged_blackstone_bricks	ctm	chipped:block/edged_blackstone_bricks	minecraft:block/cube_all	chipped:block/blackstone/edged_blackstone_bricks	chipped:block/blackstone/ctm/edged_blackstone_bricks_ctm/0	chipped:block/blackstone/ctm/edged_blackstone_bricks_ctm/3	chipped:block/blackstone/ctm/edged_blackstone_bricks_ctm/1	chipped:block/blackstone/ctm/edged_blackstone_bricks_ctm/2	7a745a958c20e181fb7e2d7b9006bf1a62c8a753504e12995da28dac2805519e
chipped:edged_blue_ice_bricks	ctm	chipped:block/edged_blue_ice_bricks	minecraft:block/cube_all	chipped:block/blue_ice/edged_blue_ice_bricks	chipped:block/blue_ice/ctm/edged_blue_ice_bricks_ctm/0	chipped:block/blue_ice/ctm/edged_blue_ice_bricks_ctm/3	chipped:block/blue_ice/ctm/edged_blue_ice_bricks_ctm/1	chipped:block/blue_ice/ctm/edged_blue_ice_bricks_ctm/2	acd27257c4633f2fd0ca269eed919c84e0e61cbebdbfc99c9974d089507cd157
chipped:edged_borderless_bricks_bricks	ctm	chipped:block/edged_borderless_bricks_bricks	minecraft:block/cube_all	chipped:block/borderless_bricks/edged_borderless_bricks_bricks	chipped:block/borderless_bricks/ctm/edged_borderless_bricks_bricks_ctm/0	chipped:block/borderless_bricks/ctm/edged_borderless_bricks_bricks_ctm/3	chipped:block/borderless_bricks/ctm/edged_borderless_bricks_bricks_ctm/1	chipped:block/borderless_bricks/ctm/edged_borderless_bricks_bricks_ctm/2	480328b66ded96f16d47df56377e59dee0fbb92dddf65fb96140cb48ea479c1e
chipped:edged_bricks_bricks	ctm	chipped:block/edged_bricks_bricks	minecraft:block/cube_all	chipped:block/bricks/edged_bricks_bricks	chipped:block/bricks/ctm/edged_bricks_bricks_ctm/0	chipped:block/bricks/ctm/edged_bricks_bricks_ctm/3	chipped:block/bricks/ctm/edged_bricks_bricks_ctm/1	chipped:block/bricks/ctm/edged_bricks_bricks_ctm/2	a292e1496ff5962bc9448936202ce0fd1b8fd709a6e3122266ff0b45afbbcd8b
chipped:edged_calcite_bricks	ctm	chipped:block/edged_calcite_bricks	minecraft:block/cube_all	chipped:block/calcite/edged_calcite_bricks	chipped:block/calcite/ctm/edged_calcite_bricks_ctm/0	chipped:block/calcite/ctm/edged_calcite_bricks_ctm/3	chipped:block/calcite/ctm/edged_calcite_bricks_ctm/1	chipped:block/calcite/ctm/edged_calcite_bricks_ctm/2	ad23ad0269509f208cd019dbb03a0743d85536e08b7518cb68d61268def2b1e9
chipped:edged_clay_bricks	ctm	chipped:block/edged_clay_bricks	minecraft:block/cube_all	chipped:block/clay/edged_clay_bricks	chipped:block/clay/ctm/edged_clay_bricks_ctm/0	chipped:block/clay/ctm/edged_clay_bricks_ctm/3	chipped:block/clay/ctm/edged_clay_bricks_ctm/1	chipped:block/clay/ctm/edged_clay_bricks_ctm/2	ca5e3b642acdb40a895b5c57a86ddd3ff412374579e5b0b048c0c82ad355abd2
chipped:edged_coal_block_bricks	ctm	chipped:block/edged_coal_block_bricks	minecraft:block/cube_all	chipped:block/coal_block/edged_coal_block_bricks	chipped:block/coal_block/ctm/edged_coal_block_bricks_ctm/0	chipped:block/coal_block/ctm/edged_coal_block_bricks_ctm/3	chipped:block/coal_block/ctm/edged_coal_block_bricks_ctm/1	chipped:block/coal_block/ctm/edged_coal_block_bricks_ctm/2	1e01f83a91785ca4b23f9fa0fcddf78f3fa5939bf602675f311fc651588af467
chipped:edged_cobblestone_bricks	ctm	chipped:block/edged_cobblestone_bricks	minecraft:block/cube_all	chipped:block/cobblestone/edged_cobblestone_bricks	chipped:block/cobblestone/ctm/edged_cobblestone_bricks_ctm/0	chipped:block/cobblestone/ctm/edged_cobblestone_bricks_ctm/3	chipped:block/cobblestone/ctm/edged_cobblestone_bricks_ctm/1	chipped:block/cobblestone/ctm/edged_cobblestone_bricks_ctm/2	7d75cef91682c4d4ef64e6ea6fe51815c23c206756f6f3c1413955eee7a3394f
chipped:edged_crying_obsidian_bricks	ctm	chipped:block/edged_crying_obsidian_bricks	minecraft:block/cube_all	chipped:block/crying_obsidian/edged_crying_obsidian_bricks	chipped:block/crying_obsidian/ctm/edged_crying_obsidian_bricks_ctm/0	chipped:block/crying_obsidian/ctm/edged_crying_obsidian_bricks_ctm/3	chipped:block/crying_obsidian/ctm/edged_crying_obsidian_bricks_ctm/1	chipped:block/crying_obsidian/ctm/edged_crying_obsidian_bricks_ctm/2	7937e516d37442d745eb1497bb320ae6bbd8fa7a3275c6aa0f2361964e14e58c
chipped:edged_dark_prismarine_bricks	ctm	chipped:block/edged_dark_prismarine_bricks	minecraft:block/cube_all	chipped:block/dark_prismarine/edged_dark_prismarine_bricks	chipped:block/dark_prismarine/ctm/edged_dark_prismarine_bricks_ctm/0	chipped:block/dark_prismarine/ctm/edged_dark_prismarine_bricks_ctm/3	chipped:block/dark_prismarine/ctm/edged_dark_prismarine_bricks_ctm/1	chipped:block/dark_prismarine/ctm/edged_dark_prismarine_bricks_ctm/2	96c0b9b80bac27a1d45e3997ead132a8d5ea2c393a95aa50f92c4a20d34900ed
chipped:edged_deepslate_bricks	ctm	chipped:block/edged_deepslate_bricks	minecraft:block/cube_all	chipped:block/deepslate/edged_deepslate_bricks	chipped:block/deepslate/ctm/edged_deepslate_bricks_ctm/0	chipped:block/deepslate/ctm/edged_deepslate_bricks_ctm/3	chipped:block/deepslate/ctm/edged_deepslate_bricks_ctm/1	chipped:block/deepslate/ctm/edged_deepslate_bricks_ctm/2	37a44957697feebab6c6abb7a35cbadf90167d3e004abaa236c45b940a6fbb7b
chipped:edged_diorite_bricks	ctm	chipped:block/edged_diorite_bricks	minecraft:block/cube_all	chipped:block/diorite/edged_diorite_bricks	chipped:block/diorite/ctm/edged_diorite_bricks_ctm/0	chipped:block/diorite/ctm/edged_diorite_bricks_ctm/3	chipped:block/diorite/ctm/edged_diorite_bricks_ctm/1	chipped:block/diorite/ctm/edged_diorite_bricks_ctm/2	46e878b241966ecfe636c3474b753ff1af68718e77ebd468a5f423f17eb31444
chipped:edged_dirt_bricks	ctm	chipped:block/edged_dirt_bricks	minecraft:block/cube_all	chipped:block/dirt/edged_dirt_bricks	chipped:block/dirt/ctm/edged_dirt_bricks_ctm/0	chipped:block/dirt/ctm/edged_dirt_bricks_ctm/3	chipped:block/dirt/ctm/edged_dirt_bricks_ctm/1	chipped:block/dirt/ctm/edged_dirt_bricks_ctm/2	16336059425e8f019bb35c49a069e46e904ed9058b4c2b61ae659741c832c85b
chipped:edged_dripstone_block_bricks	ctm	chipped:block/edged_dripstone_block_bricks	minecraft:block/cube_all	chipped:block/dripstone_block/edged_dripstone_block_bricks	chipped:block/dripstone_block/ctm/edged_dripstone_block_bricks_ctm/0	chipped:block/dripstone_block/ctm/edged_dripstone_block_bricks_ctm/3	chipped:block/dripstone_block/ctm/edged_dripstone_block_bricks_ctm/1	chipped:block/dripstone_block/ctm/edged_dripstone_block_bricks_ctm/2	e6acebd646c42255f2de50e64951f836328b3f3c7d693914cec9657073c7de99
chipped:edged_end_stone_bricks	ctm	chipped:block/edged_end_stone_bricks	minecraft:block/cube_all	chipped:block/end_stone/edged_end_stone_bricks	chipped:block/end_stone/ctm/edged_end_stone_bricks_ctm/0	chipped:block/end_stone/ctm/edged_end_stone_bricks_ctm/3	chipped:block/end_stone/ctm/edged_end_stone_bricks_ctm/1	chipped:block/end_stone/ctm/edged_end_stone_bricks_ctm/2	b263fdca3c2de1610427555173735994cbacec97a060083180a2603dd0911d47
chipped:edged_gilded_blackstone_bricks	ctm	chipped:block/edged_gilded_blackstone_bricks	minecraft:block/cube_all	chipped:block/gilded_blackstone/edged_gilded_blackstone_bricks	chipped:block/gilded_blackstone/ctm/edged_gilded_blackstone_bricks_ctm/0	chipped:block/gilded_blackstone/ctm/edged_gilded_blackstone_bricks_ctm/3	chipped:block/gilded_blackstone/ctm/edged_gilded_blackstone_bricks_ctm/1	chipped:block/gilded_blackstone/ctm/edged_gilded_blackstone_bricks_ctm/2	148b7393b9ac73dcfa1c4d2ea2fc79061b806c4f4269a521059829b70d6fc303
chipped:edged_granite_bricks	ctm	chipped:block/edged_granite_bricks	minecraft:block/cube_all	chipped:block/granite/edged_granite_bricks	chipped:block/granite/ctm/edged_granite_bricks_ctm/0	chipped:block/granite/ctm/edged_granite_bricks_ctm/3	chipped:block/granite/ctm/edged_granite_bricks_ctm/1	chipped:block/granite/ctm/edged_granite_bricks_ctm/2	94dc2152dd6767adddeef3776ecff235364085e39cc37fad7e5a938b778d4dc2
chipped:edged_ice_bricks	ctm	chipped:block/edged_ice_bricks	minecraft:block/cube_all	chipped:block/ice/edged_ice_bricks	chipped:block/ice/ctm/edged_ice_bricks_ctm/0	chipped:block/ice/ctm/edged_ice_bricks_ctm/3	chipped:block/ice/ctm/edged_ice_bricks_ctm/1	chipped:block/ice/ctm/edged_ice_bricks_ctm/2	c9a0ad5bad84aa523cfe2c95080e628565f3d9a9e1812450c069c06245274f47
chipped:edged_lapis_block_bricks	ctm	chipped:block/edged_lapis_block_bricks	minecraft:block/cube_all	chipped:block/lapis_block/edged_lapis_block_bricks	chipped:block/lapis_block/ctm/edged_lapis_block_bricks_ctm/0	chipped:block/lapis_block/ctm/edged_lapis_block_bricks_ctm/3	chipped:block/lapis_block/ctm/edged_lapis_block_bricks_ctm/1	chipped:block/lapis_block/ctm/edged_lapis_block_bricks_ctm/2	0c80d5c681de003fb9984474c58efe8320314d024711f5402135a90ac9dd5046
chipped:edged_lodestone_bricks	ctm	chipped:block/edged_lodestone_bricks	minecraft:block/cube_all	chipped:block/lodestone/edged_lodestone_bricks	chipped:block/lodestone/ctm/edged_lodestone_bricks_ctm/0	chipped:block/lodestone/ctm/edged_lodestone_bricks_ctm/3	chipped:block/lodestone/ctm/edged_lodestone_bricks_ctm/1	chipped:block/lodestone/ctm/edged_lodestone_bricks_ctm/2	54edd09b08b8764f014b7d16aa87a6911c1697a64eb3040dd6f0705c653b2e54
chipped:edged_magma_block_bricks	ctm	chipped:block/edged_magma_block_bricks	minecraft:block/cube_all	chipped:block/magma_block/edged_magma_block_bricks	chipped:block/magma_block/ctm/edged_magma_block_bricks_ctm/0	chipped:block/magma_block/ctm/edged_magma_block_bricks_ctm/3	chipped:block/magma_block/ctm/edged_magma_block_bricks_ctm/1	chipped:block/magma_block/ctm/edged_magma_block_bricks_ctm/2	64fa4a724580f4ae64254ab6edf6075b10feb5ace0ec778220e895e42522a789
chipped:edged_mossy_cobblestone_bricks	ctm	chipped:block/edged_mossy_cobblestone_bricks	minecraft:block/cube_all	chipped:block/mossy_cobblestone/edged_mossy_cobblestone_bricks	chipped:block/mossy_cobblestone/ctm/edged_mossy_cobblestone_bricks_ctm/0	chipped:block/mossy_cobblestone/ctm/edged_mossy_cobblestone_bricks_ctm/3	chipped:block/mossy_cobblestone/ctm/edged_mossy_cobblestone_bricks_ctm/1	chipped:block/mossy_cobblestone/ctm/edged_mossy_cobblestone_bricks_ctm/2	4cc4843e1d4dafcbcc71480962a39f25d33b5065e8a4bfb45935f9dbb548c5e1
chipped:edged_mossy_stone_bricks_bricks	ctm	chipped:block/edged_mossy_stone_bricks_bricks	minecraft:block/cube_all	chipped:block/mossy_stone_bricks/edged_mossy_stone_bricks_bricks	chipped:block/mossy_stone_bricks/ctm/edged_mossy_stone_bricks_bricks_ctm/0	chipped:block/mossy_stone_bricks/ctm/edged_mossy_stone_bricks_bricks_ctm/3	chipped:block/mossy_stone_bricks/ctm/edged_mossy_stone_bricks_bricks_ctm/1	chipped:block/mossy_stone_bricks/ctm/edged_mossy_stone_bricks_bricks_ctm/2	272da8b9c2d5f842ce36e47f9ca7d0708b4ad5ce362b94e44c1b456fbb5eb7b7
chipped:edged_mud_bricks	ctm	chipped:block/edged_mud_bricks	minecraft:block/cube_all	chipped:block/mud/edged_mud_bricks	chipped:block/mud/ctm/edged_mud_bricks_ctm/0	chipped:block/mud/ctm/edged_mud_bricks_ctm/3	chipped:block/mud/ctm/edged_mud_bricks_ctm/1	chipped:block/mud/ctm/edged_mud_bricks_ctm/2	e24e29424dd95177bc291bb1400050dcbc6d0e43cc7b648578f7a43dd411e3f6
chipped:edged_mud_bricks_bricks	ctm	chipped:block/edged_mud_bricks_bricks	minecraft:block/cube_all	chipped:block/mud_bricks/edged_mud_bricks_bricks	chipped:block/mud_bricks/ctm/edged_mud_bricks_bricks_ctm/0	chipped:block/mud_bricks/ctm/edged_mud_bricks_bricks_ctm/3	chipped:block/mud_bricks/ctm/edged_mud_bricks_bricks_ctm/1	chipped:block/mud_bricks/ctm/edged_mud_bricks_bricks_ctm/2	d7e73e12dafc3bd3545d4542348af53da7c7e055345c583497c4f4d682e7bf9d
chipped:edged_nether_bricks_bricks	ctm	chipped:block/edged_nether_bricks_bricks	minecraft:block/cube_all	chipped:block/nether_bricks/edged_nether_bricks_bricks	chipped:block/nether_bricks/ctm/edged_nether_bricks_bricks_ctm/0	chipped:block/nether_bricks/ctm/edged_nether_bricks_bricks_ctm/3	chipped:block/nether_bricks/ctm/edged_nether_bricks_bricks_ctm/1	chipped:block/nether_bricks/ctm/edged_nether_bricks_bricks_ctm/2	5c9e97d02d0b126c44f7ade9aca2c0274dae0aa5df9c1ce473cc70e36f73df38
chipped:edged_netherrack_bricks	ctm	chipped:block/edged_netherrack_bricks	minecraft:block/cube_all	chipped:block/netherrack/edged_netherrack_bricks	chipped:block/netherrack/ctm/edged_netherrack_bricks_ctm/0	chipped:block/netherrack/ctm/edged_netherrack_bricks_ctm/3	chipped:block/netherrack/ctm/edged_netherrack_bricks_ctm/1	chipped:block/netherrack/ctm/edged_netherrack_bricks_ctm/2	54e7ce2ded6553a225b396ef0f2722243f84d4c82ba6f6912b0ab2e0e0ab9a2f
chipped:edged_obsidian_bricks	ctm	chipped:block/edged_obsidian_bricks	minecraft:block/cube_all	chipped:block/obsidian/edged_obsidian_bricks	chipped:block/obsidian/ctm/edged_obsidian_bricks_ctm/0	chipped:block/obsidian/ctm/edged_obsidian_bricks_ctm/3	chipped:block/obsidian/ctm/edged_obsidian_bricks_ctm/1	chipped:block/obsidian/ctm/edged_obsidian_bricks_ctm/2	547094d2795c765dfcb8ad93920a2a21927e6eb915d69d75073cb57813f78927
chipped:edged_packed_ice_bricks	ctm	chipped:block/edged_packed_ice_bricks	minecraft:block/cube_all	chipped:block/packed_ice/edged_packed_ice_bricks	chipped:block/packed_ice/ctm/edged_packed_ice_bricks_ctm/0	chipped:block/packed_ice/ctm/edged_packed_ice_bricks_ctm/3	chipped:block/packed_ice/ctm/edged_packed_ice_bricks_ctm/1	chipped:block/packed_ice/ctm/edged_packed_ice_bricks_ctm/2	3820b9a667cee8f2a6a718dd5785e9aa32aa7740cbd8d738f76eafe1179211cd
chipped:edged_packed_mud_bricks	ctm	chipped:block/edged_packed_mud_bricks	minecraft:block/cube_all	chipped:block/packed_mud/edged_packed_mud_bricks	chipped:block/packed_mud/ctm/edged_packed_mud_bricks_ctm/0	chipped:block/packed_mud/ctm/edged_packed_mud_bricks_ctm/3	chipped:block/packed_mud/ctm/edged_packed_mud_bricks_ctm/1	chipped:block/packed_mud/ctm/edged_packed_mud_bricks_ctm/2	25438f95211ce76f79871367675a37edade15f509be41c6f67584362404c127c
chipped:edged_prismarine_bricks	ctm	chipped:block/edged_prismarine_bricks	minecraft:block/cube_all	chipped:block/prismarine/edged_prismarine_bricks	chipped:block/prismarine/ctm/edged_prismarine_bricks_ctm/0	chipped:block/prismarine/ctm/edged_prismarine_bricks_ctm/3	chipped:block/prismarine/ctm/edged_prismarine_bricks_ctm/1	chipped:block/prismarine/ctm/edged_prismarine_bricks_ctm/2	d21de4971ef02c90a4b59a22fcefb6b748c869f2da6d12afb542eb9da755ae8c
chipped:edged_purpur_block_bricks	ctm	chipped:block/edged_purpur_block_bricks	minecraft:block/cube_all	chipped:block/purpur_block/edged_purpur_block_bricks	chipped:block/purpur_block/ctm/edged_purpur_block_bricks_ctm/0	chipped:block/purpur_block/ctm/edged_purpur_block_bricks_ctm/3	chipped:block/purpur_block/ctm/edged_purpur_block_bricks_ctm/1	chipped:block/purpur_block/ctm/edged_purpur_block_bricks_ctm/2	32a350fbcaf85a8c8031caed342d226b477471e19c0ef0e56bef142a131cf4a1
chipped:edged_quartz_block_bricks	ctm	chipped:block/edged_quartz_block_bricks	minecraft:block/cube_all	chipped:block/quartz_block/edged_quartz_block_bricks	chipped:block/quartz_block/ctm/edged_quartz_block_bricks_ctm/0	chipped:block/quartz_block/ctm/edged_quartz_block_bricks_ctm/3	chipped:block/quartz_block/ctm/edged_quartz_block_bricks_ctm/1	chipped:block/quartz_block/ctm/edged_quartz_block_bricks_ctm/2	35f5a2e047ab7f63c43957a126c553276aa6e0216e7964221e9a71913f3cde74
chipped:edged_raw_copper_block_bricks	ctm	chipped:block/edged_raw_copper_block_bricks	minecraft:block/cube_all	chipped:block/raw_copper_block/edged_raw_copper_block_bricks	chipped:block/raw_copper_block/ctm/edged_raw_copper_block_bricks_ctm/0	chipped:block/raw_copper_block/ctm/edged_raw_copper_block_bricks_ctm/3	chipped:block/raw_copper_block/ctm/edged_raw_copper_block_bricks_ctm/1	chipped:block/raw_copper_block/ctm/edged_raw_copper_block_bricks_ctm/2	cde391fcf550a2b09b285ca1c62cb6faf5ecb612c45e404847daa16c00e97d3b
chipped:edged_raw_gold_block_bricks	ctm	chipped:block/edged_raw_gold_block_bricks	minecraft:block/cube_all	chipped:block/raw_gold_block/edged_raw_gold_block_bricks	chipped:block/raw_gold_block/ctm/edged_raw_gold_block_bricks_ctm/0	chipped:block/raw_gold_block/ctm/edged_raw_gold_block_bricks_ctm/3	chipped:block/raw_gold_block/ctm/edged_raw_gold_block_bricks_ctm/1	chipped:block/raw_gold_block/ctm/edged_raw_gold_block_bricks_ctm/2	d34bf7e9a6f52690c8ffc2847156e20ac88a932a437a31f90fafa025d2110aca
chipped:edged_raw_iron_block_bricks	ctm	chipped:block/edged_raw_iron_block_bricks	minecraft:block/cube_all	chipped:block/raw_iron_block/edged_raw_iron_block_bricks	chipped:block/raw_iron_block/ctm/edged_raw_iron_block_bricks_ctm/0	chipped:block/raw_iron_block/ctm/edged_raw_iron_block_bricks_ctm/3	chipped:block/raw_iron_block/ctm/edged_raw_iron_block_bricks_ctm/1	chipped:block/raw_iron_block/ctm/edged_raw_iron_block_bricks_ctm/2	122a02a041ace2a112d932db1daadfb03f171a793230e7ea85d1a33567cd29f6
chipped:edged_red_nether_bricks_bricks	ctm	chipped:block/edged_red_nether_bricks_bricks	minecraft:block/cube_all	chipped:block/red_nether_bricks/edged_red_nether_bricks_bricks	chipped:block/red_nether_bricks/ctm/edged_red_nether_bricks_bricks_ctm/0	chipped:block/red_nether_bricks/ctm/edged_red_nether_bricks_bricks_ctm/3	chipped:block/red_nether_bricks/ctm/edged_red_nether_bricks_bricks_ctm/1	chipped:block/red_nether_bricks/ctm/edged_red_nether_bricks_bricks_ctm/2	f96e61f1557779421ef7df858f853ed91036452f1ac62e6603343fa096d720b0
chipped:edged_red_sandstone_bricks	ctm	chipped:block/edged_red_sandstone_bricks	minecraft:block/cube_all	chipped:block/red_sandstone/edged_red_sandstone_bricks	chipped:block/red_sandstone/ctm/edged_red_sandstone_bricks_ctm/0	chipped:block/red_sandstone/ctm/edged_red_sandstone_bricks_ctm/3	chipped:block/red_sandstone/ctm/edged_red_sandstone_bricks_ctm/1	chipped:block/red_sandstone/ctm/edged_red_sandstone_bricks_ctm/2	46c6b13c3c5250cd31a934dcbbe06d2e220630741b4be343f3e750ae1ff60ad1
chipped:edged_redstone_block_bricks	ctm	chipped:block/edged_redstone_block_bricks	minecraft:block/cube_all	chipped:block/redstone_block/edged_redstone_block_bricks	chipped:block/redstone_block/ctm/edged_redstone_block_bricks_ctm/0	chipped:block/redstone_block/ctm/edged_redstone_block_bricks_ctm/3	chipped:block/redstone_block/ctm/edged_redstone_block_bricks_ctm/1	chipped:block/redstone_block/ctm/edged_redstone_block_bricks_ctm/2	ede27ac330a898886d61e03875853f394cfbd1d5d9e05a86d2e1f90849065fa9
chipped:edged_sandstone_bricks	ctm	chipped:block/edged_sandstone_bricks	minecraft:block/cube_all	chipped:block/sandstone/edged_sandstone_bricks	chipped:block/sandstone/ctm/edged_sandstone_bricks_ctm/0	chipped:block/sandstone/ctm/edged_sandstone_bricks_ctm/3	chipped:block/sandstone/ctm/edged_sandstone_bricks_ctm/1	chipped:block/sandstone/ctm/edged_sandstone_bricks_ctm/2	6cbe69cca37a2c70b90b536580026e8af5a49c81cdd96bb13aa87f97d6893bcb
chipped:edged_smooth_stone_bricks	ctm	chipped:block/edged_smooth_stone_bricks	minecraft:block/cube_all	chipped:block/smooth_stone/edged_smooth_stone_bricks	chipped:block/smooth_stone/ctm/edged_smooth_stone_bricks_ctm/0	chipped:block/smooth_stone/ctm/edged_smooth_stone_bricks_ctm/3	chipped:block/smooth_stone/ctm/edged_smooth_stone_bricks_ctm/1	chipped:block/smooth_stone/ctm/edged_smooth_stone_bricks_ctm/2	ed98d26b2f908b420855430313f11b04fc4bbdd39398d1f1937f6729359cff01
chipped:edged_snow_block_bricks	ctm	chipped:block/edged_snow_block_bricks	minecraft:block/cube_all	chipped:block/snow_block/edged_snow_block_bricks	chipped:block/snow_block/ctm/edged_snow_block_bricks_ctm/0	chipped:block/snow_block/ctm/edged_snow_block_bricks_ctm/3	chipped:block/snow_block/ctm/edged_snow_block_bricks_ctm/1	chipped:block/snow_block/ctm/edged_snow_block_bricks_ctm/2	e3af09e6a12b8f3f9c60661481b6a63210b00503ca31a53b483e7bd4637b3a08
chipped:edged_stone_bricks	ctm	chipped:block/edged_stone_bricks	minecraft:block/cube_all	chipped:block/stone/edged_stone_bricks	chipped:block/stone/ctm/edged_stone_bricks_ctm/0	chipped:block/stone/ctm/edged_stone_bricks_ctm/3	chipped:block/stone/ctm/edged_stone_bricks_ctm/1	chipped:block/stone/ctm/edged_stone_bricks_ctm/2	67dd09c1a29e8ba84230ab9fdac8729bbf6a866884d06c925cd5f8c2f20d0665
chipped:edged_tuff_bricks	ctm	chipped:block/edged_tuff_bricks	minecraft:block/cube_all	chipped:block/tuff/edged_tuff_bricks	chipped:block/tuff/ctm/edged_tuff_bricks_ctm/0	chipped:block/tuff/ctm/edged_tuff_bricks_ctm/3	chipped:block/tuff/ctm/edged_tuff_bricks_ctm/1	chipped:block/tuff/ctm/edged_tuff_bricks_ctm/2	80e8d47e38a2eb7cb4b7b04b11e7e93e79852d9516bf25ece7d3191f2ef9d3fc
chipped:enclosed_acacia_planks	ctm	chipped:block/enclosed_acacia_planks	minecraft:block/cube_all	chipped:block/acacia_planks/enclosed_acacia_planks	chipped:block/acacia_planks/ctm/enclosed_acacia_planks_ctm/0	chipped:block/acacia_planks/ctm/enclosed_acacia_planks_ctm/3	chipped:block/acacia_planks/ctm/enclosed_acacia_planks_ctm/1	chipped:block/acacia_planks/ctm/enclosed_acacia_planks_ctm/2	41286677da5371704c90116a0df634ceb92c6c0c4bb702579af6b82173713f98
chipped:enclosed_bamboo_planks	ctm	chipped:block/enclosed_bamboo_planks	minecraft:block/cube_all	chipped:block/bamboo_planks/enclosed_bamboo_planks	chipped:block/bamboo_planks/ctm/common_textures/0	chipped:block/bamboo_planks/ctm/common_textures/4	chipped:block/bamboo_planks/ctm/common_textures/2	chipped:block/bamboo_planks/ctm/common_textures/3	0a71184bd8c738cdabf6791a33c96fd1e1a71806f9a2958c05ed1cd84fda782a
chipped:enclosed_birch_planks	ctm	chipped:block/enclosed_birch_planks	minecraft:block/cube_all	chipped:block/birch_planks/enclosed_birch_planks	chipped:block/birch_planks/ctm/enclosed_birch_planks_ctm/0	chipped:block/birch_planks/ctm/enclosed_birch_planks_ctm/3	chipped:block/birch_planks/ctm/enclosed_birch_planks_ctm/1	chipped:block/birch_planks/ctm/enclosed_birch_planks_ctm/2	b5228019a17bdbc79b3e4dbcf164994477d1dbfb2c1d7353af529bf0ae496cd8
chipped:enclosed_cherry_planks	ctm	chipped:block/enclosed_cherry_planks	minecraft:block/cube_all	chipped:block/cherry_planks/enclosed_cherry_planks	chipped:block/cherry_planks/ctm/common_textures/0	chipped:block/cherry_planks/ctm/enclosed_cherry_planks_ctm/3	chipped:block/cherry_planks/ctm/enclosed_cherry_planks_ctm/1	chipped:block/cherry_planks/ctm/enclosed_cherry_planks_ctm/2	06f369e91ff76f7fbc2f295f791897a7dbc4bcafcf18fc9f3f851df9c146f340
chipped:enclosed_crimson_planks	ctm	chipped:block/enclosed_crimson_planks	minecraft:block/cube_all	chipped:block/crimson_planks/enclosed_crimson_planks	chipped:block/crimson_planks/ctm/enclosed_crimson_planks_ctm/0	chipped:block/crimson_planks/ctm/enclosed_crimson_planks_ctm/3	chipped:block/crimson_planks/ctm/enclosed_crimson_planks_ctm/1	chipped:block/crimson_planks/ctm/enclosed_crimson_planks_ctm/2	f19394ef013ddd0c640afcacdf63544cd18190c56d87bc9f351fd7cf63b3e3a3
chipped:enclosed_dark_oak_planks	ctm	chipped:block/enclosed_dark_oak_planks	minecraft:block/cube_all	chipped:block/dark_oak_planks/enclosed_dark_oak_planks	chipped:block/dark_oak_planks/ctm/enclosed_dark_oak_planks_ctm/0	chipped:block/dark_oak_planks/ctm/enclosed_dark_oak_planks_ctm/3	chipped:block/dark_oak_planks/ctm/enclosed_dark_oak_planks_ctm/1	chipped:block/dark_oak_planks/ctm/enclosed_dark_oak_planks_ctm/2	9100645abde59597b91497d710f236d52d41999f2db05b64b3cb41742fbcbd8f
chipped:enclosed_jungle_planks	ctm	chipped:block/enclosed_jungle_planks	minecraft:block/cube_all	chipped:block/jungle_planks/enclosed_jungle_planks	chipped:block/jungle_planks/ctm/enclosed_jungle_planks_ctm/0	chipped:block/jungle_planks/ctm/enclosed_jungle_planks_ctm/3	chipped:block/jungle_planks/ctm/enclosed_jungle_planks_ctm/1	chipped:block/jungle_planks/ctm/enclosed_jungle_planks_ctm/2	7cee8bddb29ea500fd3b4b9d3442356e11b51ebba78e5a15b3208cbadd0d4b43
chipped:enclosed_mangrove_planks	ctm	chipped:block/enclosed_mangrove_planks	minecraft:block/cube_all	chipped:block/mangrove_planks/enclosed_mangrove_planks	chipped:block/mangrove_planks/ctm/common_textures/0	chipped:block/mangrove_planks/ctm/enclosed_mangrove_planks_ctm/3	chipped:block/mangrove_planks/ctm/enclosed_mangrove_planks_ctm/1	chipped:block/mangrove_planks/ctm/enclosed_mangrove_planks_ctm/2	88dc5de0afdf19a1aae549b5dc5b4848e6e134d4c68194d958f2608d0b577ec4
chipped:enclosed_oak_planks	ctm	chipped:block/enclosed_oak_planks	minecraft:block/cube_all	chipped:block/oak_planks/enclosed_oak_planks	chipped:block/oak_planks/ctm/common_textures/0	chipped:block/oak_planks/ctm/enclosed_oak_planks_ctm/3	chipped:block/oak_planks/ctm/enclosed_oak_planks_ctm/1	chipped:block/oak_planks/ctm/enclosed_oak_planks_ctm/2	b3d60a2a54f007c097fb60e4dba21f8901e79be63e88f51fa585d4d9ed077985
chipped:enclosed_spruce_planks	ctm	chipped:block/enclosed_spruce_planks	minecraft:block/cube_all	chipped:block/spruce_planks/enclosed_spruce_planks	chipped:block/spruce_planks/ctm/enclosed_spruce_planks_ctm/0	chipped:block/spruce_planks/ctm/enclosed_spruce_planks_ctm/3	chipped:block/spruce_planks/ctm/enclosed_spruce_planks_ctm/1	chipped:block/spruce_planks/ctm/enclosed_spruce_planks_ctm/2	166de23e51a89d25214757decb369ced295ab4d899047e9682d4fbc9cf94284a
chipped:enclosed_warped_planks	ctm	chipped:block/enclosed_warped_planks	minecraft:block/cube_all	chipped:block/warped_planks/enclosed_warped_planks	chipped:block/warped_planks/ctm/enclosed_warped_planks_ctm/0	chipped:block/warped_planks/ctm/enclosed_warped_planks_ctm/3	chipped:block/warped_planks/ctm/enclosed_warped_planks_ctm/1	chipped:block/warped_planks/ctm/enclosed_warped_planks_ctm/2	06e2e188effd4bee81db894b4c4fe18c8486c0361d4e5930740b6445874e5e69
chipped:fancy_black_stained_glass	ctm	chipped:block/fancy_black_stained_glass	minecraft:block/cube_all	chipped:block/black_stained_glass/fancy_black_stained_glass	chipped:block/black_stained_glass/ctm/fancy_black_stained_glass_ctm/0	chipped:block/black_stained_glass/ctm/fancy_black_stained_glass_ctm/3	chipped:block/black_stained_glass/ctm/fancy_black_stained_glass_ctm/1	chipped:block/black_stained_glass/ctm/fancy_black_stained_glass_ctm/2	6356dbc43db01d8736ba5318113cba37c8d2d3987fed8f9e2294e72385094be2
chipped:fancy_black_stained_glass_pane	pane_ctm	chipped:block/fancy_black_stained_glass_pane	minecraft:block/cube_all	chipped:block/black_stained_glass/fancy_black_stained_glass	chipped:block/black_stained_glass/ctm/fancy_black_stained_glass_ctm/0	chipped:block/black_stained_glass/ctm/fancy_black_stained_glass_ctm/3	chipped:block/black_stained_glass/ctm/fancy_black_stained_glass_ctm/1	chipped:block/black_stained_glass/ctm/fancy_black_stained_glass_ctm/2	6356dbc43db01d8736ba5318113cba37c8d2d3987fed8f9e2294e72385094be2
chipped:fancy_blue_stained_glass	ctm	chipped:block/fancy_blue_stained_glass	minecraft:block/cube_all	chipped:block/blue_stained_glass/fancy_blue_stained_glass	chipped:block/blue_stained_glass/ctm/fancy_blue_stained_glass_ctm/0	chipped:block/blue_stained_glass/ctm/fancy_blue_stained_glass_ctm/3	chipped:block/blue_stained_glass/ctm/fancy_blue_stained_glass_ctm/1	chipped:block/blue_stained_glass/ctm/fancy_blue_stained_glass_ctm/2	81fc4c92a16bf6aa93eb818960b49f1d7deedc296a43885d2ae472235ec7f5bc
chipped:fancy_blue_stained_glass_pane	pane_ctm	chipped:block/fancy_blue_stained_glass_pane	minecraft:block/cube_all	chipped:block/blue_stained_glass/fancy_blue_stained_glass	chipped:block/blue_stained_glass/ctm/fancy_blue_stained_glass_ctm/0	chipped:block/blue_stained_glass/ctm/fancy_blue_stained_glass_ctm/3	chipped:block/blue_stained_glass/ctm/fancy_blue_stained_glass_ctm/1	chipped:block/blue_stained_glass/ctm/fancy_blue_stained_glass_ctm/2	81fc4c92a16bf6aa93eb818960b49f1d7deedc296a43885d2ae472235ec7f5bc
chipped:fancy_brown_stained_glass	ctm	chipped:block/fancy_brown_stained_glass	minecraft:block/cube_all	chipped:block/brown_stained_glass/fancy_brown_stained_glass	chipped:block/brown_stained_glass/ctm/fancy_brown_stained_glass_ctm/0	chipped:block/brown_stained_glass/ctm/fancy_brown_stained_glass_ctm/3	chipped:block/brown_stained_glass/ctm/fancy_brown_stained_glass_ctm/1	chipped:block/brown_stained_glass/ctm/fancy_brown_stained_glass_ctm/2	ed378d6903bfd4e758ac901d4ec1c72d1e08ba695b8fd32c3f63b1503caccab6
chipped:fancy_brown_stained_glass_pane	pane_ctm	chipped:block/fancy_brown_stained_glass_pane	minecraft:block/cube_all	chipped:block/brown_stained_glass/fancy_brown_stained_glass	chipped:block/brown_stained_glass/ctm/fancy_brown_stained_glass_ctm/0	chipped:block/brown_stained_glass/ctm/fancy_brown_stained_glass_ctm/3	chipped:block/brown_stained_glass/ctm/fancy_brown_stained_glass_ctm/1	chipped:block/brown_stained_glass/ctm/fancy_brown_stained_glass_ctm/2	ed378d6903bfd4e758ac901d4ec1c72d1e08ba695b8fd32c3f63b1503caccab6
chipped:fancy_cyan_stained_glass	ctm	chipped:block/fancy_cyan_stained_glass	minecraft:block/cube_all	chipped:block/cyan_stained_glass/fancy_cyan_stained_glass	chipped:block/cyan_stained_glass/ctm/fancy_cyan_stained_glass_ctm/0	chipped:block/cyan_stained_glass/ctm/fancy_cyan_stained_glass_ctm/3	chipped:block/cyan_stained_glass/ctm/fancy_cyan_stained_glass_ctm/1	chipped:block/cyan_stained_glass/ctm/fancy_cyan_stained_glass_ctm/2	cc15e4667f17182f4270451bb61861ffa822d226dd48cde855a671d20062c3d2
chipped:fancy_cyan_stained_glass_pane	pane_ctm	chipped:block/fancy_cyan_stained_glass_pane	minecraft:block/cube_all	chipped:block/cyan_stained_glass/fancy_cyan_stained_glass	chipped:block/cyan_stained_glass/ctm/fancy_cyan_stained_glass_ctm/0	chipped:block/cyan_stained_glass/ctm/fancy_cyan_stained_glass_ctm/3	chipped:block/cyan_stained_glass/ctm/fancy_cyan_stained_glass_ctm/1	chipped:block/cyan_stained_glass/ctm/fancy_cyan_stained_glass_ctm/2	cc15e4667f17182f4270451bb61861ffa822d226dd48cde855a671d20062c3d2
chipped:fancy_gray_stained_glass	ctm	chipped:block/fancy_gray_stained_glass	minecraft:block/cube_all	chipped:block/gray_stained_glass/fancy_gray_stained_glass	chipped:block/gray_stained_glass/ctm/fancy_gray_stained_glass_ctm/0	chipped:block/gray_stained_glass/ctm/fancy_gray_stained_glass_ctm/3	chipped:block/gray_stained_glass/ctm/fancy_gray_stained_glass_ctm/1	chipped:block/gray_stained_glass/ctm/fancy_gray_stained_glass_ctm/2	bd735598c39f463af1ef4040169d5d8d1d9c2b2ad014af55fcfa077a2d20cde1
chipped:fancy_gray_stained_glass_pane	pane_ctm	chipped:block/fancy_gray_stained_glass_pane	minecraft:block/cube_all	chipped:block/gray_stained_glass/fancy_gray_stained_glass	chipped:block/gray_stained_glass/ctm/fancy_gray_stained_glass_ctm/0	chipped:block/gray_stained_glass/ctm/fancy_gray_stained_glass_ctm/3	chipped:block/gray_stained_glass/ctm/fancy_gray_stained_glass_ctm/1	chipped:block/gray_stained_glass/ctm/fancy_gray_stained_glass_ctm/2	bd735598c39f463af1ef4040169d5d8d1d9c2b2ad014af55fcfa077a2d20cde1
chipped:fancy_green_stained_glass	ctm	chipped:block/fancy_green_stained_glass	minecraft:block/cube_all	chipped:block/green_stained_glass/fancy_green_stained_glass	chipped:block/green_stained_glass/ctm/fancy_green_stained_glass_ctm/0	chipped:block/green_stained_glass/ctm/fancy_green_stained_glass_ctm/3	chipped:block/green_stained_glass/ctm/fancy_green_stained_glass_ctm/1	chipped:block/green_stained_glass/ctm/fancy_green_stained_glass_ctm/2	1d506489f2f3c0dfe1523aa8fbc4e49f71607985fe1a69ae97fab81a98f20cc2
chipped:fancy_green_stained_glass_pane	pane_ctm	chipped:block/fancy_green_stained_glass_pane	minecraft:block/cube_all	chipped:block/green_stained_glass/fancy_green_stained_glass	chipped:block/green_stained_glass/ctm/fancy_green_stained_glass_ctm/0	chipped:block/green_stained_glass/ctm/fancy_green_stained_glass_ctm/3	chipped:block/green_stained_glass/ctm/fancy_green_stained_glass_ctm/1	chipped:block/green_stained_glass/ctm/fancy_green_stained_glass_ctm/2	1d506489f2f3c0dfe1523aa8fbc4e49f71607985fe1a69ae97fab81a98f20cc2
chipped:fancy_light_blue_stained_glass	ctm	chipped:block/fancy_light_blue_stained_glass	minecraft:block/cube_all	chipped:block/light_blue_stained_glass/fancy_light_blue_stained_glass	chipped:block/light_blue_stained_glass/ctm/fancy_light_blue_stained_glass_ctm/0	chipped:block/light_blue_stained_glass/ctm/fancy_light_blue_stained_glass_ctm/3	chipped:block/light_blue_stained_glass/ctm/fancy_light_blue_stained_glass_ctm/1	chipped:block/light_blue_stained_glass/ctm/fancy_light_blue_stained_glass_ctm/2	183be23904390b5eed7c7bda676e98cd0d1b21e74d73901066dd962c71e05b47
chipped:fancy_light_blue_stained_glass_pane	pane_ctm	chipped:block/fancy_light_blue_stained_glass_pane	minecraft:block/cube_all	chipped:block/light_blue_stained_glass/fancy_light_blue_stained_glass	chipped:block/light_blue_stained_glass/ctm/fancy_light_blue_stained_glass_ctm/0	chipped:block/light_blue_stained_glass/ctm/fancy_light_blue_stained_glass_ctm/3	chipped:block/light_blue_stained_glass/ctm/fancy_light_blue_stained_glass_ctm/1	chipped:block/light_blue_stained_glass/ctm/fancy_light_blue_stained_glass_ctm/2	183be23904390b5eed7c7bda676e98cd0d1b21e74d73901066dd962c71e05b47
chipped:fancy_light_gray_stained_glass	ctm	chipped:block/fancy_light_gray_stained_glass	minecraft:block/cube_all	chipped:block/light_gray_stained_glass/fancy_light_gray_stained_glass	chipped:block/light_gray_stained_glass/ctm/fancy_light_gray_stained_glass_ctm/0	chipped:block/light_gray_stained_glass/ctm/fancy_light_gray_stained_glass_ctm/3	chipped:block/light_gray_stained_glass/ctm/fancy_light_gray_stained_glass_ctm/1	chipped:block/light_gray_stained_glass/ctm/fancy_light_gray_stained_glass_ctm/2	503f7a972f423213efbd70eb7e189d443f6101f6e4786a142c52d8bc64b4e6f7
chipped:fancy_light_gray_stained_glass_pane	pane_ctm	chipped:block/fancy_light_gray_stained_glass_pane	minecraft:block/cube_all	chipped:block/light_gray_stained_glass/fancy_light_gray_stained_glass	chipped:block/light_gray_stained_glass/ctm/fancy_light_gray_stained_glass_ctm/0	chipped:block/light_gray_stained_glass/ctm/fancy_light_gray_stained_glass_ctm/3	chipped:block/light_gray_stained_glass/ctm/fancy_light_gray_stained_glass_ctm/1	chipped:block/light_gray_stained_glass/ctm/fancy_light_gray_stained_glass_ctm/2	503f7a972f423213efbd70eb7e189d443f6101f6e4786a142c52d8bc64b4e6f7
chipped:fancy_lime_stained_glass	ctm	chipped:block/fancy_lime_stained_glass	minecraft:block/cube_all	chipped:block/lime_stained_glass/fancy_lime_stained_glass	chipped:block/lime_stained_glass/ctm/fancy_lime_stained_glass_ctm/0	chipped:block/lime_stained_glass/ctm/fancy_lime_stained_glass_ctm/3	chipped:block/lime_stained_glass/ctm/fancy_lime_stained_glass_ctm/1	chipped:block/lime_stained_glass/ctm/fancy_lime_stained_glass_ctm/2	e968ff5b9c25ff0e755738e01d0cbb622e256c5a6eee74fbc578147eded0a78a
chipped:fancy_lime_stained_glass_pane	pane_ctm	chipped:block/fancy_lime_stained_glass_pane	minecraft:block/cube_all	chipped:block/lime_stained_glass/fancy_lime_stained_glass	chipped:block/lime_stained_glass/ctm/fancy_lime_stained_glass_ctm/0	chipped:block/lime_stained_glass/ctm/fancy_lime_stained_glass_ctm/3	chipped:block/lime_stained_glass/ctm/fancy_lime_stained_glass_ctm/1	chipped:block/lime_stained_glass/ctm/fancy_lime_stained_glass_ctm/2	e968ff5b9c25ff0e755738e01d0cbb622e256c5a6eee74fbc578147eded0a78a
chipped:fancy_magenta_stained_glass	ctm	chipped:block/fancy_magenta_stained_glass	minecraft:block/cube_all	chipped:block/magenta_stained_glass/fancy_magenta_stained_glass	chipped:block/magenta_stained_glass/ctm/fancy_magenta_stained_glass_ctm/0	chipped:block/magenta_stained_glass/ctm/fancy_magenta_stained_glass_ctm/3	chipped:block/magenta_stained_glass/ctm/fancy_magenta_stained_glass_ctm/1	chipped:block/magenta_stained_glass/ctm/fancy_magenta_stained_glass_ctm/2	269086dbf3527b72feb7dadcccff9ad392688f367169729859cc1cd43f37ccc3
chipped:fancy_magenta_stained_glass_pane	pane_ctm	chipped:block/fancy_magenta_stained_glass_pane	minecraft:block/cube_all	chipped:block/magenta_stained_glass/fancy_magenta_stained_glass	chipped:block/magenta_stained_glass/ctm/fancy_magenta_stained_glass_ctm/0	chipped:block/magenta_stained_glass/ctm/fancy_magenta_stained_glass_ctm/3	chipped:block/magenta_stained_glass/ctm/fancy_magenta_stained_glass_ctm/1	chipped:block/magenta_stained_glass/ctm/fancy_magenta_stained_glass_ctm/2	269086dbf3527b72feb7dadcccff9ad392688f367169729859cc1cd43f37ccc3
chipped:fancy_mud_bricks_pillar	pillar	chipped:block/fancy_mud_bricks_pillar	minecraft:block/cube_column	chipped:block/mud_bricks/fancy_mud_bricks_pillar	chipped:block/mud_bricks/ctm/fancy_mud_bricks_pillar/0	chipped:block/mud_bricks/ctm/fancy_mud_bricks_pillar/1	chipped:block/mud_bricks/ctm/fancy_mud_bricks_pillar/2	chipped:block/mud_bricks/ctm/fancy_mud_bricks_pillar/3	487d6f750147a299e354aa49b31534cdbb3b4e56a2bfabbbd0746eea146b44ae
chipped:fancy_mud_pillar	pillar	chipped:block/fancy_mud_pillar	minecraft:block/cube_column	chipped:block/mud/fancy_mud_pillar	chipped:block/mud/ctm/fancy_mud_pillar/0	chipped:block/mud/ctm/fancy_mud_pillar/1	chipped:block/mud/ctm/fancy_mud_pillar/2	chipped:block/mud/ctm/fancy_mud_pillar/3	01a2606d2f94bb8ac62fcd1ac18da95bb137775f248cdb2acd0aff7d309cac7c
chipped:fancy_orange_stained_glass	ctm	chipped:block/fancy_orange_stained_glass	minecraft:block/cube_all	chipped:block/orange_stained_glass/fancy_orange_stained_glass	chipped:block/orange_stained_glass/ctm/fancy_orange_stained_glass_ctm/0	chipped:block/orange_stained_glass/ctm/fancy_orange_stained_glass_ctm/3	chipped:block/orange_stained_glass/ctm/fancy_orange_stained_glass_ctm/1	chipped:block/orange_stained_glass/ctm/fancy_orange_stained_glass_ctm/2	e418e87cca10cc6b7aefc234abc5f2556afe66a832f8f6dd01940bdd94069b4a
chipped:fancy_orange_stained_glass_pane	pane_ctm	chipped:block/fancy_orange_stained_glass_pane	minecraft:block/cube_all	chipped:block/orange_stained_glass/fancy_orange_stained_glass	chipped:block/orange_stained_glass/ctm/fancy_orange_stained_glass_ctm/0	chipped:block/orange_stained_glass/ctm/fancy_orange_stained_glass_ctm/3	chipped:block/orange_stained_glass/ctm/fancy_orange_stained_glass_ctm/1	chipped:block/orange_stained_glass/ctm/fancy_orange_stained_glass_ctm/2	e418e87cca10cc6b7aefc234abc5f2556afe66a832f8f6dd01940bdd94069b4a
chipped:fancy_packed_mud_pillar	pillar	chipped:block/fancy_packed_mud_pillar	minecraft:block/cube_column	chipped:block/packed_mud/fancy_packed_mud_pillar	chipped:block/packed_mud/ctm/fancy_packed_mud_pillar/0	chipped:block/packed_mud/ctm/fancy_packed_mud_pillar/1	chipped:block/packed_mud/ctm/fancy_packed_mud_pillar/2	chipped:block/packed_mud/ctm/fancy_packed_mud_pillar/3	98766f5f5bd47c37758c9df51d8f2a93448ef201c4c38bb04ef44ac449b24668
chipped:fancy_pink_stained_glass	ctm	chipped:block/fancy_pink_stained_glass	minecraft:block/cube_all	chipped:block/pink_stained_glass/fancy_pink_stained_glass	chipped:block/pink_stained_glass/ctm/fancy_pink_stained_glass_ctm/0	chipped:block/pink_stained_glass/ctm/fancy_pink_stained_glass_ctm/3	chipped:block/pink_stained_glass/ctm/fancy_pink_stained_glass_ctm/1	chipped:block/pink_stained_glass/ctm/fancy_pink_stained_glass_ctm/2	42fe5f71b714dda610480bf4f9d04bebb371a9a3f14c8678db6b530481a99202
chipped:fancy_pink_stained_glass_pane	pane_ctm	chipped:block/fancy_pink_stained_glass_pane	minecraft:block/cube_all	chipped:block/pink_stained_glass/fancy_pink_stained_glass	chipped:block/pink_stained_glass/ctm/fancy_pink_stained_glass_ctm/0	chipped:block/pink_stained_glass/ctm/fancy_pink_stained_glass_ctm/3	chipped:block/pink_stained_glass/ctm/fancy_pink_stained_glass_ctm/1	chipped:block/pink_stained_glass/ctm/fancy_pink_stained_glass_ctm/2	42fe5f71b714dda610480bf4f9d04bebb371a9a3f14c8678db6b530481a99202
chipped:fancy_purple_stained_glass	ctm	chipped:block/fancy_purple_stained_glass	minecraft:block/cube_all	chipped:block/purple_stained_glass/fancy_purple_stained_glass	chipped:block/purple_stained_glass/ctm/fancy_purple_stained_glass_ctm/0	chipped:block/purple_stained_glass/ctm/fancy_purple_stained_glass_ctm/3	chipped:block/purple_stained_glass/ctm/fancy_purple_stained_glass_ctm/1	chipped:block/purple_stained_glass/ctm/fancy_purple_stained_glass_ctm/2	e8ef208e12a928b13b290c207124cdacd3dacda6a52705a3069d515111bcbcae
chipped:fancy_purple_stained_glass_pane	pane_ctm	chipped:block/fancy_purple_stained_glass_pane	minecraft:block/cube_all	chipped:block/purple_stained_glass/fancy_purple_stained_glass	chipped:block/purple_stained_glass/ctm/fancy_purple_stained_glass_ctm/0	chipped:block/purple_stained_glass/ctm/fancy_purple_stained_glass_ctm/3	chipped:block/purple_stained_glass/ctm/fancy_purple_stained_glass_ctm/1	chipped:block/purple_stained_glass/ctm/fancy_purple_stained_glass_ctm/2	e8ef208e12a928b13b290c207124cdacd3dacda6a52705a3069d515111bcbcae
chipped:fancy_red_stained_glass	ctm	chipped:block/fancy_red_stained_glass	minecraft:block/cube_all	chipped:block/red_stained_glass/fancy_red_stained_glass	chipped:block/red_stained_glass/ctm/fancy_red_stained_glass_ctm/0	chipped:block/red_stained_glass/ctm/fancy_red_stained_glass_ctm/3	chipped:block/red_stained_glass/ctm/fancy_red_stained_glass_ctm/1	chipped:block/red_stained_glass/ctm/fancy_red_stained_glass_ctm/2	7884c2003f607d0b8b0ebe147f4622b076b3fbf586dfb14066b3989536fb80b5
chipped:fancy_red_stained_glass_pane	pane_ctm	chipped:block/fancy_red_stained_glass_pane	minecraft:block/cube_all	chipped:block/red_stained_glass/fancy_red_stained_glass	chipped:block/red_stained_glass/ctm/fancy_red_stained_glass_ctm/0	chipped:block/red_stained_glass/ctm/fancy_red_stained_glass_ctm/3	chipped:block/red_stained_glass/ctm/fancy_red_stained_glass_ctm/1	chipped:block/red_stained_glass/ctm/fancy_red_stained_glass_ctm/2	7884c2003f607d0b8b0ebe147f4622b076b3fbf586dfb14066b3989536fb80b5
chipped:fancy_white_stained_glass	ctm	chipped:block/fancy_white_stained_glass	minecraft:block/cube_all	chipped:block/white_stained_glass/fancy_white_stained_glass	chipped:block/white_stained_glass/ctm/fancy_white_stained_glass_ctm/0	chipped:block/white_stained_glass/ctm/fancy_white_stained_glass_ctm/3	chipped:block/white_stained_glass/ctm/fancy_white_stained_glass_ctm/1	chipped:block/white_stained_glass/ctm/fancy_white_stained_glass_ctm/2	97a26ac016da74a1fde5f1d9a5f1686af43058694f264b1608748871df23c48f
chipped:fancy_white_stained_glass_pane	pane_ctm	chipped:block/fancy_white_stained_glass_pane	minecraft:block/cube_all	chipped:block/white_stained_glass/fancy_white_stained_glass	chipped:block/white_stained_glass/ctm/fancy_white_stained_glass_ctm/0	chipped:block/white_stained_glass/ctm/fancy_white_stained_glass_ctm/3	chipped:block/white_stained_glass/ctm/fancy_white_stained_glass_ctm/1	chipped:block/white_stained_glass/ctm/fancy_white_stained_glass_ctm/2	97a26ac016da74a1fde5f1d9a5f1686af43058694f264b1608748871df23c48f
chipped:fancy_yellow_stained_glass	ctm	chipped:block/fancy_yellow_stained_glass	minecraft:block/cube_all	chipped:block/yellow_stained_glass/fancy_yellow_stained_glass	chipped:block/yellow_stained_glass/ctm/fancy_yellow_stained_glass_ctm/0	chipped:block/yellow_stained_glass/ctm/fancy_yellow_stained_glass_ctm/3	chipped:block/yellow_stained_glass/ctm/fancy_yellow_stained_glass_ctm/1	chipped:block/yellow_stained_glass/ctm/fancy_yellow_stained_glass_ctm/2	ead1975281d2433d2eaf4a7ed0e3d9127605121567c167467e52e56a75812989
chipped:fancy_yellow_stained_glass_pane	pane_ctm	chipped:block/fancy_yellow_stained_glass_pane	minecraft:block/cube_all	chipped:block/yellow_stained_glass/fancy_yellow_stained_glass	chipped:block/yellow_stained_glass/ctm/fancy_yellow_stained_glass_ctm/0	chipped:block/yellow_stained_glass/ctm/fancy_yellow_stained_glass_ctm/3	chipped:block/yellow_stained_glass/ctm/fancy_yellow_stained_glass_ctm/1	chipped:block/yellow_stained_glass/ctm/fancy_yellow_stained_glass_ctm/2	ead1975281d2433d2eaf4a7ed0e3d9127605121567c167467e52e56a75812989
chipped:fine_amethyst_block_pillar	pillar	chipped:block/fine_amethyst_block_pillar	minecraft:block/cube_column	chipped:block/amethyst_block/fine_amethyst_block_pillar	chipped:block/amethyst_block/ctm/fine_amethyst_block_pillar/0	chipped:block/amethyst_block/ctm/fine_amethyst_block_pillar/1	chipped:block/amethyst_block/ctm/common_textures/3	chipped:block/amethyst_block/ctm/fine_amethyst_block_pillar/3	599f2fa971743deb05bbae6f1e67291f05821fc4ed432bcf1aa4740099e5c19e
chipped:fine_ancient_debris_pillar	pillar	chipped:block/fine_ancient_debris_pillar	minecraft:block/cube_column	chipped:block/ancient_debris/fine_ancient_debris_pillar	chipped:block/ancient_debris/ctm/fine_ancient_debris_pillar/0	chipped:block/ancient_debris/ctm/fine_ancient_debris_pillar/1	chipped:block/ancient_debris/ctm/common_textures/3	chipped:block/ancient_debris/ctm/fine_ancient_debris_pillar/3	a62573916fd2e7380a8b9781104f0abe290fcab93fd4a94d83c7b5e4e321b4d9
chipped:fine_andesite_pillar	pillar	chipped:block/fine_andesite_pillar	minecraft:block/cube_column	chipped:block/andesite/fine_andesite_pillar	chipped:block/andesite/ctm/fine_andesite_pillar/0	chipped:block/andesite/ctm/fine_andesite_pillar/1	chipped:block/andesite/ctm/common_textures/3	chipped:block/andesite/ctm/fine_andesite_pillar/3	8ee55a62a0c32f38133baefad8c3ac0d19128542389d4eae620d8cf069ce9cea
chipped:fine_basalt_pillar	pillar	chipped:block/fine_basalt_pillar	minecraft:block/cube_column	chipped:block/basalt/fine_basalt_pillar	chipped:block/basalt/ctm/fine_basalt_pillar/0	chipped:block/basalt/ctm/fine_basalt_pillar/1	chipped:block/basalt/ctm/common_textures/2	chipped:block/basalt/ctm/fine_basalt_pillar/3	e4b21a277abcac120747a38fff340d3307c16fde0d3ca548265391a102a0f6f7
chipped:fine_blackstone_pillar	pillar	chipped:block/fine_blackstone_pillar	minecraft:block/cube_column	chipped:block/blackstone/fine_blackstone_pillar	chipped:block/blackstone/ctm/fine_blackstone_pillar/0	chipped:block/blackstone/ctm/fine_blackstone_pillar/1	chipped:block/blackstone/ctm/common_textures/2	chipped:block/blackstone/ctm/fine_blackstone_pillar/3	bad1cac08b87b5a3149913ce2f411c33846e8bbdfbc0ed7fa8619dc4c08a2113
chipped:fine_blue_ice_pillar	pillar	chipped:block/fine_blue_ice_pillar	minecraft:block/cube_column	chipped:block/blue_ice/fine_blue_ice_pillar	chipped:block/blue_ice/ctm/fine_blue_ice_pillar/0	chipped:block/blue_ice/ctm/fine_blue_ice_pillar/1	chipped:block/blue_ice/ctm/common_textures/3	chipped:block/blue_ice/ctm/fine_blue_ice_pillar/3	b5bf16d394ad2504ba097a0583cba1a841d7a55b7de84819b62355d48566055b
chipped:fine_borderless_bricks_pillar	pillar	chipped:block/fine_borderless_bricks_pillar	minecraft:block/cube_column	chipped:block/borderless_bricks/fine_borderless_bricks_pillar	chipped:block/borderless_bricks/ctm/fine_borderless_bricks_pillar/0	chipped:block/borderless_bricks/ctm/fine_borderless_bricks_pillar/1	chipped:block/borderless_bricks/ctm/common_textures/3	chipped:block/borderless_bricks/ctm/fine_borderless_bricks_pillar/3	cb7746b32e6a850b223d5e861a907b28c2660ab8605b8ca2f654e4686f6b6fec
chipped:fine_bricks_pillar	pillar	chipped:block/fine_bricks_pillar	minecraft:block/cube_column	chipped:block/bricks/fine_bricks_pillar	chipped:block/bricks/ctm/fine_bricks_pillar/0	chipped:block/bricks/ctm/fine_bricks_pillar/1	chipped:block/bricks/ctm/common_textures/2	chipped:block/bricks/ctm/fine_bricks_pillar/3	6bb6138701936a9fda1554981cc428b5f1cc1b29a941b9a504848c141506291c
chipped:fine_calcite_pillar	pillar	chipped:block/fine_calcite_pillar	minecraft:block/cube_column	chipped:block/calcite/fine_calcite_pillar	chipped:block/calcite/ctm/fine_calcite_pillar/0	chipped:block/calcite/ctm/fine_calcite_pillar/1	chipped:block/calcite/ctm/common_textures/3	chipped:block/calcite/ctm/fine_calcite_pillar/3	bb60b6394df75339f0defc9d427967f88cd04cb8c4d5e0336e007bcbff240fcd
chipped:fine_clay_pillar	pillar	chipped:block/fine_clay_pillar	minecraft:block/cube_column	chipped:block/clay/fine_clay_pillar	chipped:block/clay/ctm/fine_clay_pillar/0	chipped:block/clay/ctm/fine_clay_pillar/1	chipped:block/clay/ctm/common_textures/3	chipped:block/clay/ctm/fine_clay_pillar/3	173339c0deb81cfcc1f5115c2f2923d39ae99dacff848ef0278d53950a426fbc
chipped:fine_coal_block_pillar	pillar	chipped:block/fine_coal_block_pillar	minecraft:block/cube_column	chipped:block/coal_block/fine_coal_block_pillar	chipped:block/coal_block/ctm/fine_coal_block_pillar/0	chipped:block/coal_block/ctm/fine_coal_block_pillar/1	chipped:block/coal_block/ctm/common_textures/3	chipped:block/coal_block/ctm/fine_coal_block_pillar/3	638db75a172bef5dc877fd726b1b6285bec5e991f4b92192543bf2fba16a3dfb
chipped:fine_cobblestone_pillar	pillar	chipped:block/fine_cobblestone_pillar	minecraft:block/cube_column	chipped:block/cobblestone/fine_cobblestone_pillar	chipped:block/cobblestone/ctm/fine_cobblestone_pillar/0	chipped:block/cobblestone/ctm/fine_cobblestone_pillar/1	chipped:block/cobblestone/ctm/common_textures/3	chipped:block/cobblestone/ctm/fine_cobblestone_pillar/3	3224765c20fbc9762b2fc9fa31ecc7819dff1252fc4cadc5d1e5c37413079f66
chipped:fine_crying_obsidian_pillar	pillar	chipped:block/fine_crying_obsidian_pillar	minecraft:block/cube_column	chipped:block/crying_obsidian/fine_crying_obsidian_pillar	chipped:block/crying_obsidian/ctm/fine_crying_obsidian_pillar/0	chipped:block/crying_obsidian/ctm/fine_crying_obsidian_pillar/1	chipped:block/crying_obsidian/ctm/common_textures/2	chipped:block/crying_obsidian/ctm/fine_crying_obsidian_pillar/3	cf6a3ffd613af73f47376f453e30427583561d2dbc58dcce9c0f3b216b63a055
chipped:fine_dark_prismarine_pillar	pillar	chipped:block/fine_dark_prismarine_pillar	minecraft:block/cube_column	chipped:block/dark_prismarine/fine_dark_prismarine_pillar	chipped:block/dark_prismarine/ctm/fine_dark_prismarine_pillar/0	chipped:block/dark_prismarine/ctm/fine_dark_prismarine_pillar/1	chipped:block/dark_prismarine/ctm/common_textures/3	chipped:block/dark_prismarine/ctm/fine_dark_prismarine_pillar/3	fa34631c52d9d37e8ed8db20334eee7d1e1310edf8b545d9f7965574a2982cbe
chipped:fine_deepslate_pillar	pillar	chipped:block/fine_deepslate_pillar	minecraft:block/cube_column	chipped:block/deepslate/fine_deepslate_pillar	chipped:block/deepslate/ctm/fine_deepslate_pillar/0	chipped:block/deepslate/ctm/fine_deepslate_pillar/1	chipped:block/deepslate/ctm/common_textures/3	chipped:block/deepslate/ctm/fine_deepslate_pillar/3	e4665389a4ca9d98d7c61d4def52f804506aa0dd7d42e72f91234b14bd9f3d3e
chipped:fine_diorite_pillar	pillar	chipped:block/fine_diorite_pillar	minecraft:block/cube_column	chipped:block/diorite/fine_diorite_pillar	chipped:block/diorite/ctm/fine_diorite_pillar/0	chipped:block/diorite/ctm/fine_diorite_pillar/1	chipped:block/diorite/ctm/common_textures/3	chipped:block/diorite/ctm/fine_diorite_pillar/3	4b43ac1683a1b88d05f318ba02288605f32b58c98187e11915b4fa9a9fdfcb22
chipped:fine_dirt_pillar	pillar	chipped:block/fine_dirt_pillar	minecraft:block/cube_column	chipped:block/dirt/fine_dirt_pillar	chipped:block/dirt/ctm/fine_dirt_pillar/0	chipped:block/dirt/ctm/fine_dirt_pillar/1	chipped:block/dirt/ctm/fine_dirt_pillar/2	chipped:block/dirt/ctm/fine_dirt_pillar/3	8acb908f881ea9bb4ce6a4273361129a81f9d3378f5355a4ef34346326536ad8
chipped:fine_dripstone_block_pillar	pillar	chipped:block/fine_dripstone_block_pillar	minecraft:block/cube_column	chipped:block/dripstone_block/fine_dripstone_block_pillar	chipped:block/dripstone_block/ctm/fine_dripstone_block_pillar/0	chipped:block/dripstone_block/ctm/fine_dripstone_block_pillar/1	chipped:block/dripstone_block/ctm/common_textures/3	chipped:block/dripstone_block/ctm/fine_dripstone_block_pillar/3	a063a6d4035cb0861f2de4efada857cb2b68947e32fdc21e3d2d179ce0b504b3
chipped:fine_end_stone_pillar	pillar	chipped:block/fine_end_stone_pillar	minecraft:block/cube_column	chipped:block/end_stone/fine_end_stone_pillar	chipped:block/end_stone/ctm/fine_end_stone_pillar/0	chipped:block/end_stone/ctm/fine_end_stone_pillar/1	chipped:block/end_stone/ctm/common_textures/3	chipped:block/end_stone/ctm/fine_end_stone_pillar/3	894f716e124ee49e4a2c7169c3cdb1bbea051d4f4f79b88409472b040e45c61b
chipped:fine_gilded_blackstone_pillar	pillar	chipped:block/fine_gilded_blackstone_pillar	minecraft:block/cube_column	chipped:block/gilded_blackstone/fine_gilded_blackstone_pillar	chipped:block/gilded_blackstone/ctm/fine_gilded_blackstone_pillar/0	chipped:block/gilded_blackstone/ctm/fine_gilded_blackstone_pillar/1	chipped:block/gilded_blackstone/ctm/common_textures/2	chipped:block/gilded_blackstone/ctm/fine_gilded_blackstone_pillar/3	a11aee6aadd8fd0271f27625024dce6f3ebd1f2d01f7ea4c92b2bc072e51081e
chipped:fine_granite_pillar	pillar	chipped:block/fine_granite_pillar	minecraft:block/cube_column	chipped:block/granite/fine_granite_pillar	chipped:block/granite/ctm/fine_granite_pillar/0	chipped:block/granite/ctm/fine_granite_pillar/1	chipped:block/granite/ctm/common_textures/3	chipped:block/granite/ctm/fine_granite_pillar/3	1e14943a8cb27e351824e9faf48d3c48455545242eee91606bc47e28c5522492
chipped:fine_ice_pillar	pillar	chipped:block/fine_ice_pillar	minecraft:block/cube_column	chipped:block/ice/fine_ice_pillar	chipped:block/ice/ctm/fine_ice_pillar/0	chipped:block/ice/ctm/fine_ice_pillar/1	chipped:block/ice/ctm/common_textures/3	chipped:block/ice/ctm/fine_ice_pillar/3	79126770540d0fde96f2798a6b5f545e47a0d1c9163610afc5fdc59a03220151
chipped:fine_lapis_block_pillar	pillar	chipped:block/fine_lapis_block_pillar	minecraft:block/cube_column	chipped:block/lapis_block/fine_lapis_block_pillar	chipped:block/lapis_block/ctm/fine_lapis_block_pillar/0	chipped:block/lapis_block/ctm/fine_lapis_block_pillar/1	chipped:block/lapis_block/ctm/common_textures/3	chipped:block/lapis_block/ctm/fine_lapis_block_pillar/3	bbaeae100dd55efe1ce4f5987895af39504f676f95b1bb1dc538a5ed3174f7a0
chipped:fine_lodestone_pillar	pillar	chipped:block/fine_lodestone_pillar	minecraft:block/cube_column	chipped:block/lodestone/fine_lodestone_pillar	chipped:block/lodestone/ctm/fine_lodestone_pillar/0	chipped:block/lodestone/ctm/fine_lodestone_pillar/1	chipped:block/lodestone/ctm/common_textures/3	chipped:block/lodestone/ctm/fine_lodestone_pillar/3	5aaeb31b1453404a4835e7047fe065cf1aefd89fefb767242126588560378365
chipped:fine_magma_block_pillar	pillar	chipped:block/fine_magma_block_pillar	minecraft:block/cube_column	chipped:block/magma_block/fine_magma_block_pillar	chipped:block/magma_block/ctm/fine_magma_block_pillar/0	chipped:block/magma_block/ctm/fine_magma_block_pillar/1	chipped:block/magma_block/ctm/common_textures/2	chipped:block/magma_block/ctm/fine_magma_block_pillar/3	f9be9803262e8d67c4edb3f89b7cce4b926582c41b2c3cc65f46e46e0c355992
chipped:fine_mossy_cobblestone_pillar	pillar	chipped:block/fine_mossy_cobblestone_pillar	minecraft:block/cube_column	chipped:block/mossy_cobblestone/fine_mossy_cobblestone_pillar	chipped:block/mossy_cobblestone/ctm/fine_mossy_cobblestone_pillar/0	chipped:block/mossy_cobblestone/ctm/fine_mossy_cobblestone_pillar/1	chipped:block/mossy_cobblestone/ctm/common_textures/3	chipped:block/mossy_cobblestone/ctm/fine_mossy_cobblestone_pillar/3	3efeecf21b8d22183fd2e7ecd4b6c419e7ef0aae0b318256168ebe8c4b3809c5
chipped:fine_mossy_stone_bricks_pillar	pillar	chipped:block/fine_mossy_stone_bricks_pillar	minecraft:block/cube_column	chipped:block/mossy_stone_bricks/fine_mossy_stone_bricks_pillar	chipped:block/mossy_stone_bricks/ctm/fine_mossy_stone_bricks_pillar/0	chipped:block/mossy_stone_bricks/ctm/fine_mossy_stone_bricks_pillar/1	chipped:block/mossy_stone_bricks/ctm/common_textures/3	chipped:block/mossy_stone_bricks/ctm/fine_mossy_stone_bricks_pillar/3	bef3ded8116b12a62dc926dce414b32e0227f7b866598acf3c76def98cfd0774
chipped:fine_mud_bricks_pillar	pillar	chipped:block/fine_mud_bricks_pillar	minecraft:block/cube_column	chipped:block/mud_bricks/fine_mud_bricks_pillar	chipped:block/mud_bricks/ctm/fine_mud_bricks_pillar/0	chipped:block/mud_bricks/ctm/fine_mud_bricks_pillar/1	chipped:block/mud_bricks/ctm/common_textures/1	chipped:block/mud_bricks/ctm/fine_mud_bricks_pillar/3	272dacb1531cd62635a825cc1a3ca846e1c7952e71fe1270e276f50a09dbb81d
chipped:fine_mud_pillar	pillar	chipped:block/fine_mud_pillar	minecraft:block/cube_column	chipped:block/mud/fine_mud_pillar	chipped:block/mud/ctm/fine_mud_pillar/0	chipped:block/mud/ctm/fine_mud_pillar/1	chipped:block/mud/ctm/common_textures/1	chipped:block/mud/ctm/fine_mud_pillar/3	62b0c597fab9ed8cf9c23e433e83653e1d67dc335f86343b4ad798dcfb491f48
chipped:fine_nether_bricks_pillar	pillar	chipped:block/fine_nether_bricks_pillar	minecraft:block/cube_column	chipped:block/nether_bricks/fine_nether_bricks_pillar	chipped:block/nether_bricks/ctm/fine_nether_bricks_pillar/0	chipped:block/nether_bricks/ctm/fine_nether_bricks_pillar/1	chipped:block/nether_bricks/ctm/common_textures/3	chipped:block/nether_bricks/ctm/fine_nether_bricks_pillar/3	6a0dcb550921d46be44c5c7c50bf337ea47c220e57eb35c64ac9e61d55e70f4b
chipped:fine_netherrack_pillar	pillar	chipped:block/fine_netherrack_pillar	minecraft:block/cube_column	chipped:block/netherrack/fine_netherrack_pillar	chipped:block/netherrack/ctm/fine_netherrack_pillar/0	chipped:block/netherrack/ctm/fine_netherrack_pillar/1	chipped:block/netherrack/ctm/common_textures/3	chipped:block/netherrack/ctm/fine_netherrack_pillar/3	f4df7afdda05f7718712eacc07db6106d952b506e4b5ddb05269c2bfb409de7e
chipped:fine_obsidian_pillar	pillar	chipped:block/fine_obsidian_pillar	minecraft:block/cube_column	chipped:block/obsidian/fine_obsidian_pillar	chipped:block/obsidian/ctm/fine_obsidian_pillar/0	chipped:block/obsidian/ctm/fine_obsidian_pillar/1	chipped:block/obsidian/ctm/common_textures/3	chipped:block/obsidian/ctm/fine_obsidian_pillar/3	dce18b6f9b768de6731252fc6cef8f5e9e5e5920ef74635710681dbfcda05a19
chipped:fine_packed_ice_pillar	pillar	chipped:block/fine_packed_ice_pillar	minecraft:block/cube_column	chipped:block/packed_ice/fine_packed_ice_pillar	chipped:block/packed_ice/ctm/fine_packed_ice_pillar/0	chipped:block/packed_ice/ctm/fine_packed_ice_pillar/1	chipped:block/packed_ice/ctm/common_textures/3	chipped:block/packed_ice/ctm/fine_packed_ice_pillar/3	5b7a170c4dc2526f26604f80f8e30fb482f5d00429aa33b2f10a4114202d1ce7
chipped:fine_packed_mud_pillar	pillar	chipped:block/fine_packed_mud_pillar	minecraft:block/cube_column	chipped:block/packed_mud/fine_packed_mud_pillar	chipped:block/packed_mud/ctm/fine_packed_mud_pillar/0	chipped:block/packed_mud/ctm/fine_packed_mud_pillar/1	chipped:block/packed_mud/ctm/common_textures/1	chipped:block/packed_mud/ctm/fine_packed_mud_pillar/3	4dce9ba64ab8c7956c0ce6402125fba7c9f989ff39194065e2abce3376712c3b
chipped:fine_prismarine_pillar	pillar	chipped:block/fine_prismarine_pillar	minecraft:block/cube_column	chipped:block/prismarine/fine_prismarine_pillar	chipped:block/prismarine/ctm/fine_prismarine_pillar/0	chipped:block/prismarine/ctm/fine_prismarine_pillar/1	chipped:block/prismarine/ctm/common_textures/3	chipped:block/prismarine/ctm/fine_prismarine_pillar/3	4672e4c2afd69eb5be2cae670a163a931fd349b9da61895838d32ab21c1b9492
chipped:fine_purpur_block_pillar	pillar	chipped:block/fine_purpur_block_pillar	minecraft:block/cube_column	chipped:block/purpur_block/fine_purpur_block_pillar	chipped:block/purpur_block/ctm/fine_purpur_block_pillar/0	chipped:block/purpur_block/ctm/fine_purpur_block_pillar/1	chipped:block/purpur_block/ctm/common_textures/3	chipped:block/purpur_block/ctm/fine_purpur_block_pillar/3	1e90bfb9331c9835dcaed849db8277844b79952c8b807d4a27d604a1df2eb48f
chipped:fine_quartz_block_pillar	pillar	chipped:block/fine_quartz_block_pillar	minecraft:block/cube_column	chipped:block/quartz_block/fine_quartz_block_pillar	chipped:block/quartz_block/ctm/fine_quartz_block_pillar/0	chipped:block/quartz_block/ctm/fine_quartz_block_pillar/1	chipped:block/quartz_block/ctm/common_textures/3	chipped:block/quartz_block/ctm/fine_quartz_block_pillar/3	7495d1c2c5168283d8f8af03f09321d9ab16d19857f77ae302e830eb37475529
chipped:fine_raw_copper_block_pillar	pillar	chipped:block/fine_raw_copper_block_pillar	minecraft:block/cube_column	chipped:block/raw_copper_block/fine_raw_copper_block_pillar	chipped:block/raw_copper_block/ctm/fine_raw_copper_block_pillar/0	chipped:block/raw_copper_block/ctm/fine_raw_copper_block_pillar/1	chipped:block/raw_copper_block/ctm/fine_raw_copper_block_pillar/2	chipped:block/raw_copper_block/ctm/fine_raw_copper_block_pillar/3	c1b1ae09c1fa36f2ce71be3c6e70c1366c141e7d3a225f61df4793f7469c164a
chipped:fine_raw_gold_block_pillar	pillar	chipped:block/fine_raw_gold_block_pillar	minecraft:block/cube_column	chipped:block/raw_gold_block/fine_raw_gold_block_pillar	chipped:block/raw_gold_block/ctm/fine_raw_gold_block_pillar/0	chipped:block/raw_gold_block/ctm/fine_raw_gold_block_pillar/1	chipped:block/raw_gold_block/ctm/common_textures/3	chipped:block/raw_gold_block/ctm/fine_raw_gold_block_pillar/3	a214bcdadd31e7a7ae366885a338c86a63ea049b664ac304f55c301bebcc0765
chipped:fine_raw_iron_block_pillar	pillar	chipped:block/fine_raw_iron_block_pillar	minecraft:block/cube_column	chipped:block/raw_iron_block/fine_raw_iron_block_pillar	chipped:block/raw_iron_block/ctm/fine_raw_iron_block_pillar/0	chipped:block/raw_iron_block/ctm/fine_raw_iron_block_pillar/1	chipped:block/raw_iron_block/ctm/common_textures/3	chipped:block/raw_iron_block/ctm/fine_raw_iron_block_pillar/3	628d3c938863a8d76514dbd24133d19681489abaabe4a39785af39ddf5db077f
chipped:fine_red_nether_bricks_pillar	pillar	chipped:block/fine_red_nether_bricks_pillar	minecraft:block/cube_column	chipped:block/red_nether_bricks/fine_red_nether_bricks_pillar	chipped:block/red_nether_bricks/ctm/fine_red_nether_bricks_pillar/0	chipped:block/red_nether_bricks/ctm/fine_red_nether_bricks_pillar/1	chipped:block/red_nether_bricks/ctm/common_textures/3	chipped:block/red_nether_bricks/ctm/fine_red_nether_bricks_pillar/3	6302cd38abfba56204bbc6ecc9df03b477daad0bf60ea6921fa5b62a9a1b21e9
chipped:fine_red_sandstone_pillar	pillar	chipped:block/fine_red_sandstone_pillar	minecraft:block/cube_column	chipped:block/red_sandstone/fine_red_sandstone_pillar	chipped:block/red_sandstone/ctm/fine_red_sandstone_pillar/0	chipped:block/red_sandstone/ctm/fine_red_sandstone_pillar/1	chipped:block/red_sandstone/ctm/common_textures/3	chipped:block/red_sandstone/ctm/fine_red_sandstone_pillar/3	cde7ac095503e92d1058ccb40cf6869b1858cd64aa575514a77b87961df19dcc
chipped:fine_redstone_block_pillar	pillar	chipped:block/fine_redstone_block_pillar	minecraft:block/cube_column	chipped:block/redstone_block/fine_redstone_block_pillar	chipped:block/redstone_block/ctm/fine_redstone_block_pillar/0	chipped:block/redstone_block/ctm/fine_redstone_block_pillar/1	chipped:block/redstone_block/ctm/common_textures/3	chipped:block/redstone_block/ctm/fine_redstone_block_pillar/3	9717d823e20f48aebea5408aaf0bba3549a4c6039736e4d900eef89708de9d3f
chipped:fine_sandstone_pillar	pillar	chipped:block/fine_sandstone_pillar	minecraft:block/cube_column	chipped:block/sandstone/fine_sandstone_pillar	chipped:block/sandstone/ctm/fine_sandstone_pillar/0	chipped:block/sandstone/ctm/fine_sandstone_pillar/1	chipped:block/sandstone/ctm/common_textures/3	chipped:block/sandstone/ctm/fine_sandstone_pillar/3	d8db8625f9c567123d6c59281eb3ee6d1638596904c6f2628b2d312c0a5f7f46
chipped:fine_smooth_stone_pillar	pillar	chipped:block/fine_smooth_stone_pillar	minecraft:block/cube_column	chipped:block/smooth_stone/fine_smooth_stone_pillar	chipped:block/smooth_stone/ctm/fine_smooth_stone_pillar/0	chipped:block/smooth_stone/ctm/fine_smooth_stone_pillar/1	chipped:block/smooth_stone/ctm/fine_smooth_stone_pillar/2	chipped:block/smooth_stone/ctm/fine_smooth_stone_pillar/3	1bc4e5080bd748358c832d15f61406e38d6cbf3a09cb07b0faae538a7e08294e
chipped:fine_snow_block_pillar	pillar	chipped:block/fine_snow_block_pillar	minecraft:block/cube_column	chipped:block/snow_block/fine_snow_block_pillar	chipped:block/snow_block/ctm/fine_snow_block_pillar/0	chipped:block/snow_block/ctm/fine_snow_block_pillar/1	chipped:block/snow_block/ctm/common_textures/3	chipped:block/snow_block/ctm/fine_snow_block_pillar/3	012c2340d52614b70acbeab3cec6dbd77a8052ef4d298947097a7f11448fcd8f
chipped:fine_stone_pillar	pillar	chipped:block/fine_stone_pillar	minecraft:block/cube_column	chipped:block/stone/fine_stone_pillar	chipped:block/stone/ctm/fine_stone_pillar/0	chipped:block/stone/ctm/fine_stone_pillar/1	chipped:block/stone/ctm/common_textures/3	chipped:block/stone/ctm/fine_stone_pillar/3	57b4d96cfe2bf61db47a3700ad7b3bed19253e42f39ea4cef5bbeb965e1a446e
chipped:fine_tuff_pillar	pillar	chipped:block/fine_tuff_pillar	minecraft:block/cube_column	chipped:block/tuff/fine_tuff_pillar	chipped:block/tuff/ctm/fine_tuff_pillar/0	chipped:block/tuff/ctm/fine_tuff_pillar/1	chipped:block/tuff/ctm/common_textures/3	chipped:block/tuff/ctm/fine_tuff_pillar/3	b7317d445d6ba6882260fb06d722d7ab695078e7d4e292921a5bd6b3ea808864
chipped:framed_acacia_planks	ctm	chipped:block/framed_acacia_planks	minecraft:block/cube_all	chipped:block/acacia_planks/framed_acacia_planks	chipped:block/acacia_planks/ctm/framed_acacia_planks_ctm/0	chipped:block/acacia_planks/ctm/framed_acacia_planks_ctm/3	chipped:block/acacia_planks/ctm/framed_acacia_planks_ctm/1	chipped:block/acacia_planks/ctm/framed_acacia_planks_ctm/2	1113949df2b514f381002fa117901ce20bd3b7bd1bbdb5ccb4938df069dbe2f1
chipped:framed_bamboo_planks	ctm	chipped:block/framed_bamboo_planks	minecraft:block/cube_all	chipped:block/bamboo_planks/framed_bamboo_planks	chipped:block/bamboo_planks/ctm/common_textures/0	chipped:block/bamboo_planks/ctm/framed_bamboo_planks_ctm/3	chipped:block/bamboo_planks/ctm/common_textures/5	chipped:block/bamboo_planks/ctm/common_textures/6	9b93dca165203728c478a56d20f8688b0a9be92ffd7daba9a637e59b4d98320c
chipped:framed_birch_planks	ctm	chipped:block/framed_birch_planks	minecraft:block/cube_all	chipped:block/birch_planks/framed_birch_planks	chipped:block/birch_planks/ctm/framed_birch_planks_ctm/0	chipped:block/birch_planks/ctm/framed_birch_planks_ctm/3	chipped:block/birch_planks/ctm/framed_birch_planks_ctm/1	chipped:block/birch_planks/ctm/framed_birch_planks_ctm/2	c874f88c8fa4ad4ace90d6e6bc413ea13c36b16b51124a6a2075666ae523b207
chipped:framed_cherry_planks	ctm	chipped:block/framed_cherry_planks	minecraft:block/cube_all	chipped:block/cherry_planks/framed_cherry_planks	chipped:block/cherry_planks/ctm/framed_cherry_planks_ctm/0	chipped:block/cherry_planks/ctm/framed_cherry_planks_ctm/3	chipped:block/cherry_planks/ctm/framed_cherry_planks_ctm/1	chipped:block/cherry_planks/ctm/framed_cherry_planks_ctm/2	040f497fbefd255bc2f82a1ab0e4526231d8c8700a9f0d4b7932ded84a7b17ed
chipped:framed_crimson_planks	ctm	chipped:block/framed_crimson_planks	minecraft:block/cube_all	chipped:block/crimson_planks/framed_crimson_planks	chipped:block/crimson_planks/ctm/framed_crimson_planks_ctm/0	chipped:block/crimson_planks/ctm/framed_crimson_planks_ctm/3	chipped:block/crimson_planks/ctm/framed_crimson_planks_ctm/1	chipped:block/crimson_planks/ctm/framed_crimson_planks_ctm/2	158ab1d9889571e3e436ba477f23ba7add6e08153bc678983dcce190daf33aef
chipped:framed_dark_oak_planks	ctm	chipped:block/framed_dark_oak_planks	minecraft:block/cube_all	chipped:block/dark_oak_planks/framed_dark_oak_planks	chipped:block/dark_oak_planks/ctm/framed_dark_oak_planks_ctm/0	chipped:block/dark_oak_planks/ctm/framed_dark_oak_planks_ctm/3	chipped:block/dark_oak_planks/ctm/framed_dark_oak_planks_ctm/1	chipped:block/dark_oak_planks/ctm/framed_dark_oak_planks_ctm/2	19dece892db0348133a0cc24e5e305a34de46bd2c3ef9093bccb38dad8c54958
chipped:framed_jungle_planks	ctm	chipped:block/framed_jungle_planks	minecraft:block/cube_all	chipped:block/jungle_planks/framed_jungle_planks	chipped:block/jungle_planks/ctm/framed_jungle_planks_ctm/0	chipped:block/jungle_planks/ctm/framed_jungle_planks_ctm/3	chipped:block/jungle_planks/ctm/framed_jungle_planks_ctm/1	chipped:block/jungle_planks/ctm/framed_jungle_planks_ctm/2	1eb2589f4cf3956efd6cb49110ff44912d93f8e6986e3b7eb3e2919e6d0e1cfb
chipped:framed_mangrove_planks	ctm	chipped:block/framed_mangrove_planks	minecraft:block/cube_all	chipped:block/mangrove_planks/framed_mangrove_planks	chipped:block/mangrove_planks/ctm/framed_mangrove_planks_ctm/0	chipped:block/mangrove_planks/ctm/framed_mangrove_planks_ctm/3	chipped:block/mangrove_planks/ctm/framed_mangrove_planks_ctm/1	chipped:block/mangrove_planks/ctm/framed_mangrove_planks_ctm/2	17ada98bb14c2c32f7f266e8650f1153f130d32d34880c076aab1bab59947416
chipped:framed_oak_planks	ctm	chipped:block/framed_oak_planks	minecraft:block/cube_all	chipped:block/oak_planks/framed_oak_planks	chipped:block/oak_planks/ctm/framed_oak_planks_ctm/0	chipped:block/oak_planks/ctm/framed_oak_planks_ctm/3	chipped:block/oak_planks/ctm/framed_oak_planks_ctm/1	chipped:block/oak_planks/ctm/framed_oak_planks_ctm/2	2ea15756dcb7a9dfabc0e614287ae5d27329bf75b1ef85b546eb53ba51166e28
chipped:framed_spruce_planks	ctm	chipped:block/framed_spruce_planks	minecraft:block/cube_all	chipped:block/spruce_planks/framed_spruce_planks	chipped:block/spruce_planks/ctm/framed_spruce_planks_ctm/0	chipped:block/spruce_planks/ctm/framed_spruce_planks_ctm/3	chipped:block/spruce_planks/ctm/framed_spruce_planks_ctm/1	chipped:block/spruce_planks/ctm/framed_spruce_planks_ctm/2	87e03c2db031f93bdc81984febd24f14954b280d17e7f1510c74f2412b3cfeb5
chipped:framed_warped_planks	ctm	chipped:block/framed_warped_planks	minecraft:block/cube_all	chipped:block/warped_planks/framed_warped_planks	chipped:block/warped_planks/ctm/framed_warped_planks_ctm/0	chipped:block/warped_planks/ctm/framed_warped_planks_ctm/3	chipped:block/warped_planks/ctm/framed_warped_planks_ctm/1	chipped:block/warped_planks/ctm/framed_warped_planks_ctm/2	e050e168794d053fbe2be53c6b1833d8eba1d296ea79c989e77ac8cc7d096017
chipped:granite_prismarine	ctm	chipped:block/granite_prismarine	minecraft:block/cube_all	chipped:block/prismarine/granite_prismarine	chipped:block/prismarine/ctm/granite_prismarine_ctm/0	chipped:block/prismarine/ctm/granite_prismarine_ctm/3	chipped:block/prismarine/ctm/granite_prismarine_ctm/1	chipped:block/prismarine/ctm/granite_prismarine_ctm/2	db99bc327aef4a2478382a0241c48e8c5e50b98c031ca1eb786f5bd4aefc55b0
chipped:gray_concrete_panel	ctm	chipped:block/gray_concrete_panel	minecraft:block/cube_all	chipped:block/gray_concrete/gray_concrete_panel	chipped:block/gray_concrete/ctm/common_textures/0	chipped:block/gray_concrete/ctm/gray_concrete_panel_ctm/3	chipped:block/gray_concrete/ctm/gray_concrete_panel_ctm/1	chipped:block/gray_concrete/ctm/gray_concrete_panel_ctm/2	313b049142614b1ccd9fba4ad455b0cfe2d7e563b16aa36ca8d5872f3f257252
chipped:gray_concrete_pillar	pillar	chipped:block/gray_concrete_pillar	minecraft:block/cube_column	chipped:block/gray_concrete/gray_concrete_pillar	chipped:block/gray_concrete/ctm/gray_concrete_pillar/0	chipped:block/gray_concrete/ctm/gray_concrete_pillar/1	chipped:block/gray_concrete/ctm/common_textures/1	chipped:block/gray_concrete/ctm/gray_concrete_pillar/3	06eba55088f16282b7ea722cf067753b746ab5643cacbdc7c6079cba6d5104a1
chipped:gray_terracotta_column	pillar	chipped:block/gray_terracotta_column	minecraft:block/cube_column	chipped:block/gray_terracotta/gray_terracotta_column	chipped:block/gray_terracotta/ctm/gray_terracotta_column/0	chipped:block/gray_terracotta/ctm/gray_terracotta_column/1	chipped:block/gray_terracotta/ctm/gray_terracotta_column/2	chipped:block/gray_terracotta/ctm/gray_terracotta_column/3	e4a8adca5b0600189fd6560c1b2570b2925d4017e451707d5da5ab7fad693c3b
chipped:gray_terracotta_pillar	pillar	chipped:block/gray_terracotta_pillar	minecraft:block/cube_column	chipped:block/gray_terracotta/gray_terracotta_pillar	chipped:block/gray_terracotta/ctm/gray_terracotta_pillar/0	chipped:block/gray_terracotta/ctm/gray_terracotta_pillar/1	chipped:block/gray_terracotta/ctm/gray_terracotta_pillar/2	chipped:block/gray_terracotta/ctm/gray_terracotta_pillar/3	d36bb9809b479dbac1f4532da59ea2bab72f122d94700c8c3d282fdab6116e14
chipped:green_concrete_panel	ctm	chipped:block/green_concrete_panel	minecraft:block/cube_all	chipped:block/green_concrete/green_concrete_panel	chipped:block/green_concrete/ctm/common_textures/0	chipped:block/green_concrete/ctm/green_concrete_panel_ctm/3	chipped:block/green_concrete/ctm/green_concrete_panel_ctm/1	chipped:block/green_concrete/ctm/green_concrete_panel_ctm/2	f1d2b5ba6e599fc8226de67aa5fc573accc013c9bc2e48e6ea4ee67e3a23e886
chipped:green_concrete_pillar	pillar	chipped:block/green_concrete_pillar	minecraft:block/cube_column	chipped:block/green_concrete/green_concrete_pillar	chipped:block/green_concrete/ctm/green_concrete_pillar/0	chipped:block/green_concrete/ctm/green_concrete_pillar/1	chipped:block/green_concrete/ctm/common_textures/1	chipped:block/green_concrete/ctm/green_concrete_pillar/3	7e5d2a8b2a0577df3a8dd5e860f97d43e791bc75e0b52cae47b38f55091dcb65
chipped:green_terracotta_column	pillar	chipped:block/green_terracotta_column	minecraft:block/cube_column	chipped:block/green_terracotta/green_terracotta_column	chipped:block/green_terracotta/ctm/green_terracotta_column/0	chipped:block/green_terracotta/ctm/green_terracotta_column/1	chipped:block/green_terracotta/ctm/green_terracotta_column/2	chipped:block/green_terracotta/ctm/green_terracotta_column/3	2195c8029ad16d57083cd780d5adb3aee27dca183398a93c6de160700a96062b
chipped:green_terracotta_pillar	pillar	chipped:block/green_terracotta_pillar	minecraft:block/cube_column	chipped:block/green_terracotta/green_terracotta_pillar	chipped:block/green_terracotta/ctm/green_terracotta_pillar/0	chipped:block/green_terracotta/ctm/green_terracotta_pillar/1	chipped:block/green_terracotta/ctm/green_terracotta_pillar/2	chipped:block/green_terracotta/ctm/green_terracotta_pillar/3	e70eb69f002e2058772b62170ec9325453d7e09b7070e90a90aba7568ade0487
chipped:grill_black_concrete	ctm	chipped:block/grill_black_concrete	minecraft:block/cube_all	chipped:block/black_concrete/grill_black_concrete	chipped:block/black_concrete/ctm/grill_black_concrete_ctm/0	chipped:block/black_concrete/ctm/grill_black_concrete_ctm/3	chipped:block/black_concrete/ctm/grill_black_concrete_ctm/1	chipped:block/black_concrete/ctm/grill_black_concrete_ctm/2	f595ca5a1931d4225c033462e16bbd0a4b3120d8edd04d65ed36ffe861e55a37
chipped:grill_blue_concrete	ctm	chipped:block/grill_blue_concrete	minecraft:block/cube_all	chipped:block/blue_concrete/grill_blue_concrete	chipped:block/blue_concrete/ctm/grill_blue_concrete_ctm/0	chipped:block/blue_concrete/ctm/grill_blue_concrete_ctm/3	chipped:block/blue_concrete/ctm/grill_blue_concrete_ctm/1	chipped:block/blue_concrete/ctm/grill_blue_concrete_ctm/2	db449f6e3ec2405e486fddc77d1c8da619fe632e9658fc82662412f2a28d743b
chipped:grill_brown_concrete	ctm	chipped:block/grill_brown_concrete	minecraft:block/cube_all	chipped:block/brown_concrete/grill_brown_concrete	chipped:block/brown_concrete/ctm/grill_brown_concrete_ctm/0	chipped:block/brown_concrete/ctm/grill_brown_concrete_ctm/3	chipped:block/brown_concrete/ctm/grill_brown_concrete_ctm/1	chipped:block/brown_concrete/ctm/grill_brown_concrete_ctm/2	f1376ffedc5c1587c6bfbd3ec32014e262624848f9fd4547b4e2452acbb9b317
chipped:grill_cyan_concrete	ctm	chipped:block/grill_cyan_concrete	minecraft:block/cube_all	chipped:block/cyan_concrete/grill_cyan_concrete	chipped:block/cyan_concrete/ctm/grill_cyan_concrete_ctm/0	chipped:block/cyan_concrete/ctm/grill_cyan_concrete_ctm/3	chipped:block/cyan_concrete/ctm/grill_cyan_concrete_ctm/1	chipped:block/cyan_concrete/ctm/grill_cyan_concrete_ctm/2	805d1b5ef62e3b97305c27a91e000a46288b67d00c03dbcabe19b63c7a39c972
chipped:grill_gray_concrete	ctm	chipped:block/grill_gray_concrete	minecraft:block/cube_all	chipped:block/gray_concrete/grill_gray_concrete	chipped:block/gray_concrete/ctm/grill_gray_concrete_ctm/0	chipped:block/gray_concrete/ctm/grill_gray_concrete_ctm/3	chipped:block/gray_concrete/ctm/grill_gray_concrete_ctm/1	chipped:block/gray_concrete/ctm/grill_gray_concrete_ctm/2	931d8041fe55ced5c6e39b7349aec78e329a0e327763c1e10711bd7a094be0dd
chipped:grill_green_concrete	ctm	chipped:block/grill_green_concrete	minecraft:block/cube_all	chipped:block/green_concrete/grill_green_concrete	chipped:block/green_concrete/ctm/grill_green_concrete_ctm/0	chipped:block/green_concrete/ctm/grill_green_concrete_ctm/3	chipped:block/green_concrete/ctm/grill_green_concrete_ctm/1	chipped:block/green_concrete/ctm/grill_green_concrete_ctm/2	6a981c29724ca219e687b03461f95dfa30daa3ea2bd987c0e460fc7deb94b012
chipped:grill_light_blue_concrete	ctm	chipped:block/grill_light_blue_concrete	minecraft:block/cube_all	chipped:block/light_blue_concrete/grill_light_blue_concrete	chipped:block/light_blue_concrete/ctm/grill_light_blue_concrete_ctm/0	chipped:block/light_blue_concrete/ctm/grill_light_blue_concrete_ctm/3	chipped:block/light_blue_concrete/ctm/grill_light_blue_concrete_ctm/1	chipped:block/light_blue_concrete/ctm/grill_light_blue_concrete_ctm/2	fd67693ba97cc23f091a6336556f6ae90d545983ff3aa66cee518de16a04dcc6
chipped:grill_light_gray_concrete	ctm	chipped:block/grill_light_gray_concrete	minecraft:block/cube_all	chipped:block/light_gray_concrete/grill_light_gray_concrete	chipped:block/light_gray_concrete/ctm/grill_light_gray_concrete_ctm/0	chipped:block/light_gray_concrete/ctm/grill_light_gray_concrete_ctm/3	chipped:block/light_gray_concrete/ctm/grill_light_gray_concrete_ctm/1	chipped:block/light_gray_concrete/ctm/grill_light_gray_concrete_ctm/2	30ff3d258d8bb352c701a25ff9ac6bd24e03edb3205cbdee2e5c0610c541fa49
chipped:grill_lime_concrete	ctm	chipped:block/grill_lime_concrete	minecraft:block/cube_all	chipped:block/lime_concrete/grill_lime_concrete	chipped:block/lime_concrete/ctm/grill_lime_concrete_ctm/0	chipped:block/lime_concrete/ctm/grill_lime_concrete_ctm/3	chipped:block/lime_concrete/ctm/grill_lime_concrete_ctm/1	chipped:block/lime_concrete/ctm/grill_lime_concrete_ctm/2	ae7765e8bf327c6d1a83165663c952a01a076536f70d5bf3c272c074b5ba005e
chipped:grill_magenta_concrete	ctm	chipped:block/grill_magenta_concrete	minecraft:block/cube_all	chipped:block/magenta_concrete/grill_magenta_concrete	chipped:block/magenta_concrete/ctm/grill_magenta_concrete_ctm/0	chipped:block/magenta_concrete/ctm/grill_magenta_concrete_ctm/3	chipped:block/magenta_concrete/ctm/grill_magenta_concrete_ctm/1	chipped:block/magenta_concrete/ctm/grill_magenta_concrete_ctm/2	7827d035007fd031df54a2a53f0507f012e9947a512c0455533c9740edf475e0
chipped:grill_orange_concrete	ctm	chipped:block/grill_orange_concrete	minecraft:block/cube_all	chipped:block/orange_concrete/grill_orange_concrete	chipped:block/orange_concrete/ctm/grill_orange_concrete_ctm/0	chipped:block/orange_concrete/ctm/grill_orange_concrete_ctm/3	chipped:block/orange_concrete/ctm/grill_orange_concrete_ctm/1	chipped:block/orange_concrete/ctm/grill_orange_concrete_ctm/2	fec96bb36d55f9c7461d51296703622d71f435da73d7435e078ce7a537a4b06a
chipped:grill_pink_concrete	ctm	chipped:block/grill_pink_concrete	minecraft:block/cube_all	chipped:block/pink_concrete/grill_pink_concrete	chipped:block/pink_concrete/ctm/grill_pink_concrete_ctm/0	chipped:block/pink_concrete/ctm/grill_pink_concrete_ctm/3	chipped:block/pink_concrete/ctm/grill_pink_concrete_ctm/1	chipped:block/pink_concrete/ctm/grill_pink_concrete_ctm/2	ff5e742414653f7c461c8d452d0089fc59ab6c93ea0ddb779567ec8790722de4
chipped:grill_purple_concrete	ctm	chipped:block/grill_purple_concrete	minecraft:block/cube_all	chipped:block/purple_concrete/grill_purple_concrete	chipped:block/purple_concrete/ctm/grill_purple_concrete_ctm/0	chipped:block/purple_concrete/ctm/grill_purple_concrete_ctm/3	chipped:block/purple_concrete/ctm/grill_purple_concrete_ctm/1	chipped:block/purple_concrete/ctm/grill_purple_concrete_ctm/2	3a37a33c57a2947618310c6d033e38f12659389a3be066ed5680da548fd04c6c
chipped:grill_red_concrete	ctm	chipped:block/grill_red_concrete	minecraft:block/cube_all	chipped:block/red_concrete/grill_red_concrete	chipped:block/red_concrete/ctm/grill_red_concrete_ctm/0	chipped:block/red_concrete/ctm/grill_red_concrete_ctm/3	chipped:block/red_concrete/ctm/grill_red_concrete_ctm/1	chipped:block/red_concrete/ctm/grill_red_concrete_ctm/2	f217bced8ce7ca401f485d006886a18c01654861f07fc3b531457a3cfef6a9aa
chipped:grill_white_concrete	ctm	chipped:block/grill_white_concrete	minecraft:block/cube_all	chipped:block/white_concrete/grill_white_concrete	chipped:block/white_concrete/ctm/grill_white_concrete_ctm/0	chipped:block/white_concrete/ctm/grill_white_concrete_ctm/3	chipped:block/white_concrete/ctm/grill_white_concrete_ctm/1	chipped:block/white_concrete/ctm/grill_white_concrete_ctm/2	5cfdf70aa0c9f222e6675be027e539199cde9e0afe311955781208a69783cd67
chipped:grill_yellow_concrete	ctm	chipped:block/grill_yellow_concrete	minecraft:block/cube_all	chipped:block/yellow_concrete/grill_yellow_concrete	chipped:block/yellow_concrete/ctm/grill_yellow_concrete_ctm/0	chipped:block/yellow_concrete/ctm/grill_yellow_concrete_ctm/3	chipped:block/yellow_concrete/ctm/grill_yellow_concrete_ctm/1	chipped:block/yellow_concrete/ctm/grill_yellow_concrete_ctm/2	1056f1ec9a8e46cd161873a9436610f09a4c4c7397e901963741c7345afad7b0
chipped:hard_mud	ctm	chipped:block/hard_mud	minecraft:block/cube_all	chipped:block/mud/hard_mud	chipped:block/mud/ctm/hard_mud_ctm/0	chipped:block/mud/ctm/hard_mud_ctm/3	chipped:block/mud/ctm/hard_mud_ctm/1	chipped:block/mud/ctm/hard_mud_ctm/2	b5a80758b32ab230fe5e2b1aaba237fb5e82ab483f7f970371b11eec2e2db7a1
chipped:hard_mud_bricks	ctm	chipped:block/hard_mud_bricks	minecraft:block/cube_all	chipped:block/mud_bricks/hard_mud_bricks	chipped:block/mud_bricks/ctm/hard_mud_bricks_ctm/0	chipped:block/mud_bricks/ctm/hard_mud_bricks_ctm/3	chipped:block/mud_bricks/ctm/hard_mud_bricks_ctm/1	chipped:block/mud_bricks/ctm/hard_mud_bricks_ctm/2	be23bd4d978b264d23e7f21eeb54302025702e84de6601454c5066bf23b0b48a
chipped:hard_packed_mud	ctm	chipped:block/hard_packed_mud	minecraft:block/cube_all	chipped:block/packed_mud/hard_packed_mud	chipped:block/packed_mud/ctm/hard_packed_mud_ctm/0	chipped:block/packed_mud/ctm/hard_packed_mud_ctm/3	chipped:block/packed_mud/ctm/hard_packed_mud_ctm/1	chipped:block/packed_mud/ctm/hard_packed_mud_ctm/2	22995665cc6fc76a3e2cf89a7e1e05f461a6584da92fc2415a8995541bd75b1a
chipped:harsh_quilted_black_carpet	carpet_ctm	chipped:block/harsh_quilted_black_carpet	minecraft:block/carpet	chipped:block/black_wool/harsh_quilted_black_wool	chipped:block/black_wool/ctm/harsh_quilted_black_wool_ctm/0	chipped:block/black_wool/ctm/harsh_quilted_black_wool_ctm/3	chipped:block/black_wool/ctm/harsh_quilted_black_wool_ctm/1	chipped:block/black_wool/ctm/harsh_quilted_black_wool_ctm/2	4660d1cfd10e8c143712f9236293f1feea88d473b4517fc873722c7f0f9b8817
chipped:harsh_quilted_black_wool	ctm	chipped:block/harsh_quilted_black_wool	minecraft:block/cube_all	chipped:block/black_wool/harsh_quilted_black_wool	chipped:block/black_wool/ctm/harsh_quilted_black_wool_ctm/0	chipped:block/black_wool/ctm/harsh_quilted_black_wool_ctm/3	chipped:block/black_wool/ctm/harsh_quilted_black_wool_ctm/1	chipped:block/black_wool/ctm/harsh_quilted_black_wool_ctm/2	542ca2a25a161002f3ca2a2f391a0598f8652fe62d3ed30fc19ec9edfaa2e358
chipped:harsh_quilted_blue_carpet	carpet_ctm	chipped:block/harsh_quilted_blue_carpet	minecraft:block/carpet	chipped:block/blue_wool/harsh_quilted_blue_wool	chipped:block/blue_wool/ctm/harsh_quilted_blue_wool_ctm/0	chipped:block/blue_wool/ctm/harsh_quilted_blue_wool_ctm/3	chipped:block/blue_wool/ctm/harsh_quilted_blue_wool_ctm/1	chipped:block/blue_wool/ctm/harsh_quilted_blue_wool_ctm/2	6b82219a9a96f66ef4ccca2ceafe1c413a394600d54e81e5fc8555992dd29980
chipped:harsh_quilted_blue_wool	ctm	chipped:block/harsh_quilted_blue_wool	minecraft:block/cube_all	chipped:block/blue_wool/harsh_quilted_blue_wool	chipped:block/blue_wool/ctm/harsh_quilted_blue_wool_ctm/0	chipped:block/blue_wool/ctm/harsh_quilted_blue_wool_ctm/3	chipped:block/blue_wool/ctm/harsh_quilted_blue_wool_ctm/1	chipped:block/blue_wool/ctm/harsh_quilted_blue_wool_ctm/2	6631360028485daf140d82d18ca15afa3790a74bb152c183c899775894e197e5
chipped:harsh_quilted_brown_carpet	carpet_ctm	chipped:block/harsh_quilted_brown_carpet	minecraft:block/carpet	chipped:block/brown_wool/harsh_quilted_brown_wool	chipped:block/brown_wool/ctm/harsh_quilted_brown_wool_ctm/0	chipped:block/brown_wool/ctm/harsh_quilted_brown_wool_ctm/3	chipped:block/brown_wool/ctm/harsh_quilted_brown_wool_ctm/1	chipped:block/brown_wool/ctm/harsh_quilted_brown_wool_ctm/2	5655b234eec05ec34a84dc15a532f4ff92d219c390d5d4479747d12ff2dc7897
chipped:harsh_quilted_brown_wool	ctm	chipped:block/harsh_quilted_brown_wool	minecraft:block/cube_all	chipped:block/brown_wool/harsh_quilted_brown_wool	chipped:block/brown_wool/ctm/harsh_quilted_brown_wool_ctm/0	chipped:block/brown_wool/ctm/harsh_quilted_brown_wool_ctm/3	chipped:block/brown_wool/ctm/harsh_quilted_brown_wool_ctm/1	chipped:block/brown_wool/ctm/harsh_quilted_brown_wool_ctm/2	5c215ce61e462c3d76e1b6226b78c15cf466b4ba76dc7ce5a80551a078d358ab
chipped:harsh_quilted_cyan_carpet	carpet_ctm	chipped:block/harsh_quilted_cyan_carpet	minecraft:block/carpet	chipped:block/cyan_wool/harsh_quilted_cyan_wool	chipped:block/cyan_wool/ctm/harsh_quilted_cyan_wool_ctm/0	chipped:block/cyan_wool/ctm/harsh_quilted_cyan_wool_ctm/3	chipped:block/cyan_wool/ctm/harsh_quilted_cyan_wool_ctm/1	chipped:block/cyan_wool/ctm/harsh_quilted_cyan_wool_ctm/2	4880e11f744f3ff9b64703ac735caf482bc555ac7776eb2eec231389326da591
chipped:harsh_quilted_cyan_wool	ctm	chipped:block/harsh_quilted_cyan_wool	minecraft:block/cube_all	chipped:block/cyan_wool/harsh_quilted_cyan_wool	chipped:block/cyan_wool/ctm/harsh_quilted_cyan_wool_ctm/0	chipped:block/cyan_wool/ctm/harsh_quilted_cyan_wool_ctm/3	chipped:block/cyan_wool/ctm/harsh_quilted_cyan_wool_ctm/1	chipped:block/cyan_wool/ctm/harsh_quilted_cyan_wool_ctm/2	ca0d01ccf37eb8a03ea5089d34fac0d155cb61721bdcb4c8add3f5cd2b3d58be
chipped:harsh_quilted_gray_carpet	carpet_ctm	chipped:block/harsh_quilted_gray_carpet	minecraft:block/carpet	chipped:block/gray_wool/harsh_quilted_gray_wool	chipped:block/gray_wool/ctm/harsh_quilted_gray_wool_ctm/0	chipped:block/gray_wool/ctm/harsh_quilted_gray_wool_ctm/3	chipped:block/gray_wool/ctm/harsh_quilted_gray_wool_ctm/1	chipped:block/gray_wool/ctm/harsh_quilted_gray_wool_ctm/2	88dcd5414326d55e675fd66e401bbd05954ec87a714291a2cebe2f9e497d28cc
chipped:harsh_quilted_gray_wool	ctm	chipped:block/harsh_quilted_gray_wool	minecraft:block/cube_all	chipped:block/gray_wool/harsh_quilted_gray_wool	chipped:block/gray_wool/ctm/harsh_quilted_gray_wool_ctm/0	chipped:block/gray_wool/ctm/harsh_quilted_gray_wool_ctm/3	chipped:block/gray_wool/ctm/harsh_quilted_gray_wool_ctm/1	chipped:block/gray_wool/ctm/harsh_quilted_gray_wool_ctm/2	80c930e3524b0f73756a0a26827344ddb7568ba25d0c42bb9150a34e39a71d6e
chipped:harsh_quilted_green_carpet	carpet_ctm	chipped:block/harsh_quilted_green_carpet	minecraft:block/carpet	chipped:block/green_wool/harsh_quilted_green_wool	chipped:block/green_wool/ctm/harsh_quilted_green_wool_ctm/0	chipped:block/green_wool/ctm/harsh_quilted_green_wool_ctm/3	chipped:block/green_wool/ctm/harsh_quilted_green_wool_ctm/1	chipped:block/green_wool/ctm/harsh_quilted_green_wool_ctm/2	5a252f13617ef41f5efa230ec1abe547300a1996287b3617b6161ef519b046d6
chipped:harsh_quilted_green_wool	ctm	chipped:block/harsh_quilted_green_wool	minecraft:block/cube_all	chipped:block/green_wool/harsh_quilted_green_wool	chipped:block/green_wool/ctm/harsh_quilted_green_wool_ctm/0	chipped:block/green_wool/ctm/harsh_quilted_green_wool_ctm/3	chipped:block/green_wool/ctm/harsh_quilted_green_wool_ctm/1	chipped:block/green_wool/ctm/harsh_quilted_green_wool_ctm/2	5bc496892e1fac5a6d4eb9f04f6246b20764532c18e995065a92343cf706199d
chipped:harsh_quilted_light_blue_carpet	carpet_ctm	chipped:block/harsh_quilted_light_blue_carpet	minecraft:block/carpet	chipped:block/light_blue_wool/harsh_quilted_light_blue_wool	chipped:block/light_blue_wool/ctm/harsh_quilted_light_blue_wool_ctm/0	chipped:block/light_blue_wool/ctm/harsh_quilted_light_blue_wool_ctm/3	chipped:block/light_blue_wool/ctm/harsh_quilted_light_blue_wool_ctm/1	chipped:block/light_blue_wool/ctm/harsh_quilted_light_blue_wool_ctm/2	7abf8b2231e6ed26c394c70b442e28f2486278a132dc22d1bbb4709d01a6d035
chipped:harsh_quilted_light_blue_wool	ctm	chipped:block/harsh_quilted_light_blue_wool	minecraft:block/cube_all	chipped:block/light_blue_wool/harsh_quilted_light_blue_wool	chipped:block/light_blue_wool/ctm/harsh_quilted_light_blue_wool_ctm/0	chipped:block/light_blue_wool/ctm/harsh_quilted_light_blue_wool_ctm/3	chipped:block/light_blue_wool/ctm/harsh_quilted_light_blue_wool_ctm/1	chipped:block/light_blue_wool/ctm/harsh_quilted_light_blue_wool_ctm/2	8f2f6b65717a13e2c883c411eebaec7602bde2a1266f3dfaa73ae26c6c2b03eb
chipped:harsh_quilted_light_gray_carpet	carpet_ctm	chipped:block/harsh_quilted_light_gray_carpet	minecraft:block/carpet	chipped:block/light_gray_wool/harsh_quilted_light_gray_wool	chipped:block/light_gray_wool/ctm/harsh_quilted_light_gray_wool_ctm/0	chipped:block/light_gray_wool/ctm/harsh_quilted_light_gray_wool_ctm/3	chipped:block/light_gray_wool/ctm/harsh_quilted_light_gray_wool_ctm/1	chipped:block/light_gray_wool/ctm/harsh_quilted_light_gray_wool_ctm/2	c44d48088b7ea295e6bc3482c5ec1dc908a4429ff77e3f98584dac47c561a92b
chipped:harsh_quilted_light_gray_wool	ctm	chipped:block/harsh_quilted_light_gray_wool	minecraft:block/cube_all	chipped:block/light_gray_wool/harsh_quilted_light_gray_wool	chipped:block/light_gray_wool/ctm/harsh_quilted_light_gray_wool_ctm/0	chipped:block/light_gray_wool/ctm/harsh_quilted_light_gray_wool_ctm/3	chipped:block/light_gray_wool/ctm/harsh_quilted_light_gray_wool_ctm/1	chipped:block/light_gray_wool/ctm/harsh_quilted_light_gray_wool_ctm/2	b325abd2c4d991f050e8e81cd1f90d7242e62c36a7d2c5f2d6996289a4b60f1c
chipped:harsh_quilted_lime_carpet	carpet_ctm	chipped:block/harsh_quilted_lime_carpet	minecraft:block/carpet	chipped:block/lime_wool/harsh_quilted_lime_wool	chipped:block/lime_wool/ctm/harsh_quilted_lime_wool_ctm/0	chipped:block/lime_wool/ctm/harsh_quilted_lime_wool_ctm/3	chipped:block/lime_wool/ctm/harsh_quilted_lime_wool_ctm/1	chipped:block/lime_wool/ctm/harsh_quilted_lime_wool_ctm/2	3d902613103b4c61b4667ee6e0fadf7dc80879bcc535adc152fbefbf3b919652
chipped:harsh_quilted_lime_wool	ctm	chipped:block/harsh_quilted_lime_wool	minecraft:block/cube_all	chipped:block/lime_wool/harsh_quilted_lime_wool	chipped:block/lime_wool/ctm/harsh_quilted_lime_wool_ctm/0	chipped:block/lime_wool/ctm/harsh_quilted_lime_wool_ctm/3	chipped:block/lime_wool/ctm/harsh_quilted_lime_wool_ctm/1	chipped:block/lime_wool/ctm/harsh_quilted_lime_wool_ctm/2	59247662555c0076483c82f453152123de2a6df366a56d62a144f5e71544dead
chipped:harsh_quilted_magenta_carpet	carpet_ctm	chipped:block/harsh_quilted_magenta_carpet	minecraft:block/carpet	chipped:block/magenta_wool/harsh_quilted_magenta_wool	chipped:block/magenta_wool/ctm/harsh_quilted_magenta_wool_ctm/0	chipped:block/magenta_wool/ctm/harsh_quilted_magenta_wool_ctm/3	chipped:block/magenta_wool/ctm/harsh_quilted_magenta_wool_ctm/1	chipped:block/magenta_wool/ctm/harsh_quilted_magenta_wool_ctm/2	2d2814e3a8d8da30a289d0829933d1ca355947eed1f341833e7667a18f654c90
chipped:harsh_quilted_magenta_wool	ctm	chipped:block/harsh_quilted_magenta_wool	minecraft:block/cube_all	chipped:block/magenta_wool/harsh_quilted_magenta_wool	chipped:block/magenta_wool/ctm/harsh_quilted_magenta_wool_ctm/0	chipped:block/magenta_wool/ctm/harsh_quilted_magenta_wool_ctm/3	chipped:block/magenta_wool/ctm/harsh_quilted_magenta_wool_ctm/1	chipped:block/magenta_wool/ctm/harsh_quilted_magenta_wool_ctm/2	082190fa466d44f72fe3a740c55a18268c232aa30243c8e607e36bb40eabebaf
chipped:harsh_quilted_orange_carpet	carpet_ctm	chipped:block/harsh_quilted_orange_carpet	minecraft:block/carpet	chipped:block/orange_wool/harsh_quilted_orange_wool	chipped:block/orange_wool/ctm/harsh_quilted_orange_wool_ctm/0	chipped:block/orange_wool/ctm/harsh_quilted_orange_wool_ctm/3	chipped:block/orange_wool/ctm/harsh_quilted_orange_wool_ctm/1	chipped:block/orange_wool/ctm/harsh_quilted_orange_wool_ctm/2	c3ca7b07f8f97891b07c6890eca1f8c5baebe0e664a40a9fa391cbb75a900cbd
chipped:harsh_quilted_orange_wool	ctm	chipped:block/harsh_quilted_orange_wool	minecraft:block/cube_all	chipped:block/orange_wool/harsh_quilted_orange_wool	chipped:block/orange_wool/ctm/harsh_quilted_orange_wool_ctm/0	chipped:block/orange_wool/ctm/harsh_quilted_orange_wool_ctm/3	chipped:block/orange_wool/ctm/harsh_quilted_orange_wool_ctm/1	chipped:block/orange_wool/ctm/harsh_quilted_orange_wool_ctm/2	fbe77b3854ca0b1452afe431aba445a018ee93b6b9b1893fe329aa571c511cac
chipped:harsh_quilted_pink_carpet	carpet_ctm	chipped:block/harsh_quilted_pink_carpet	minecraft:block/carpet	chipped:block/pink_wool/harsh_quilted_pink_wool	chipped:block/pink_wool/ctm/harsh_quilted_pink_wool_ctm/0	chipped:block/pink_wool/ctm/harsh_quilted_pink_wool_ctm/3	chipped:block/pink_wool/ctm/harsh_quilted_pink_wool_ctm/1	chipped:block/pink_wool/ctm/harsh_quilted_pink_wool_ctm/2	beec7ab651016eb25ba92fa53f885095b05ab5c92e7c8c0ca4c485ca6dc01934
chipped:harsh_quilted_pink_wool	ctm	chipped:block/harsh_quilted_pink_wool	minecraft:block/cube_all	chipped:block/pink_wool/harsh_quilted_pink_wool	chipped:block/pink_wool/ctm/harsh_quilted_pink_wool_ctm/0	chipped:block/pink_wool/ctm/harsh_quilted_pink_wool_ctm/3	chipped:block/pink_wool/ctm/harsh_quilted_pink_wool_ctm/1	chipped:block/pink_wool/ctm/harsh_quilted_pink_wool_ctm/2	87f447ba130a1010e97de306514d0026e791062d24c6190e679c5758ed803eb7
chipped:harsh_quilted_purple_carpet	carpet_ctm	chipped:block/harsh_quilted_purple_carpet	minecraft:block/carpet	chipped:block/purple_wool/harsh_quilted_purple_wool	chipped:block/purple_wool/ctm/harsh_quilted_purple_wool_ctm/0	chipped:block/purple_wool/ctm/harsh_quilted_purple_wool_ctm/3	chipped:block/purple_wool/ctm/harsh_quilted_purple_wool_ctm/1	chipped:block/purple_wool/ctm/harsh_quilted_purple_wool_ctm/2	d6966428535eb987fee2481d52e044b088cc9e6ddc7b15e41ec5478c711d53ca
chipped:harsh_quilted_purple_wool	ctm	chipped:block/harsh_quilted_purple_wool	minecraft:block/cube_all	chipped:block/purple_wool/harsh_quilted_purple_wool	chipped:block/purple_wool/ctm/harsh_quilted_purple_wool_ctm/0	chipped:block/purple_wool/ctm/harsh_quilted_purple_wool_ctm/3	chipped:block/purple_wool/ctm/harsh_quilted_purple_wool_ctm/1	chipped:block/purple_wool/ctm/harsh_quilted_purple_wool_ctm/2	d3f04a39b53b7e70623d8de6e1095c3fce3ca59c9c3b9dfe00e0df55f4e9c6fc
chipped:harsh_quilted_red_carpet	carpet_ctm	chipped:block/harsh_quilted_red_carpet	minecraft:block/carpet	chipped:block/red_wool/harsh_quilted_red_wool	chipped:block/red_wool/ctm/harsh_quilted_red_wool_ctm/0	chipped:block/red_wool/ctm/harsh_quilted_red_wool_ctm/3	chipped:block/red_wool/ctm/harsh_quilted_red_wool_ctm/1	chipped:block/red_wool/ctm/harsh_quilted_red_wool_ctm/2	c2badce0d6c5a609ae81672d7297f2e15d6e1c4d960fe93f51ae1528873dffee
chipped:harsh_quilted_red_wool	ctm	chipped:block/harsh_quilted_red_wool	minecraft:block/cube_all	chipped:block/red_wool/harsh_quilted_red_wool	chipped:block/red_wool/ctm/harsh_quilted_red_wool_ctm/0	chipped:block/red_wool/ctm/harsh_quilted_red_wool_ctm/3	chipped:block/red_wool/ctm/harsh_quilted_red_wool_ctm/1	chipped:block/red_wool/ctm/harsh_quilted_red_wool_ctm/2	60c683ff965a0ec48ece4d8c21583a98c64f8f4d43560c3f1caf79221d5b2d7e
chipped:harsh_quilted_white_carpet	carpet_ctm	chipped:block/harsh_quilted_white_carpet	minecraft:block/carpet	chipped:block/white_wool/harsh_quilted_white_wool	chipped:block/white_wool/ctm/harsh_quilted_white_wool_ctm/0	chipped:block/white_wool/ctm/harsh_quilted_white_wool_ctm/3	chipped:block/white_wool/ctm/harsh_quilted_white_wool_ctm/1	chipped:block/white_wool/ctm/harsh_quilted_white_wool_ctm/2	40ff4f625711d823ffa70355015459116b37fbb7d8e99786e62fcc74c9dd0a78
chipped:harsh_quilted_white_wool	ctm	chipped:block/harsh_quilted_white_wool	minecraft:block/cube_all	chipped:block/white_wool/harsh_quilted_white_wool	chipped:block/white_wool/ctm/harsh_quilted_white_wool_ctm/0	chipped:block/white_wool/ctm/harsh_quilted_white_wool_ctm/3	chipped:block/white_wool/ctm/harsh_quilted_white_wool_ctm/1	chipped:block/white_wool/ctm/harsh_quilted_white_wool_ctm/2	badfbf55e702ab383e8196531d551d73af9b4d04b04fab25590e525b7214c5cd
chipped:harsh_quilted_yellow_carpet	carpet_ctm	chipped:block/harsh_quilted_yellow_carpet	minecraft:block/carpet	chipped:block/yellow_wool/harsh_quilted_yellow_wool	chipped:block/yellow_wool/ctm/harsh_quilted_yellow_wool_ctm/0	chipped:block/yellow_wool/ctm/common_textures/1	chipped:block/yellow_wool/ctm/common_textures/1	chipped:block/yellow_wool/ctm/common_textures/1	042163798db2942650c972d2f63f39af1c02bc3d3d1ced733cb445e097165dac
chipped:harsh_quilted_yellow_wool	ctm	chipped:block/harsh_quilted_yellow_wool	minecraft:block/cube_all	chipped:block/yellow_wool/harsh_quilted_yellow_wool	chipped:block/yellow_wool/ctm/harsh_quilted_yellow_wool_ctm/0	chipped:block/yellow_wool/ctm/common_textures/1	chipped:block/yellow_wool/ctm/common_textures/1	chipped:block/yellow_wool/ctm/common_textures/1	f91d3ee2eee1ca6e95b374b3f75f75d239d69008e2aae030e9ef06a9e9c85058
chipped:hexagonical_black_terracotta	ctm	chipped:block/hexagonical_black_terracotta	minecraft:block/cube_all	chipped:block/black_terracotta/hexagonical_black_terracotta	chipped:block/black_terracotta/ctm/hexagonical_black_terracotta_ctm/0	chipped:block/black_terracotta/ctm/hexagonical_black_terracotta_ctm/3	chipped:block/black_terracotta/ctm/hexagonical_black_terracotta_ctm/1	chipped:block/black_terracotta/ctm/hexagonical_black_terracotta_ctm/2	e706c5c9f005edc74d02fe74b03fd7cc12f402f1b5f2df5511f1452cb82462c6
chipped:hexagonical_blue_terracotta	ctm	chipped:block/hexagonical_blue_terracotta	minecraft:block/cube_all	chipped:block/blue_terracotta/hexagonical_blue_terracotta	chipped:block/blue_terracotta/ctm/hexagonical_blue_terracotta_ctm/0	chipped:block/blue_terracotta/ctm/hexagonical_blue_terracotta_ctm/3	chipped:block/blue_terracotta/ctm/hexagonical_blue_terracotta_ctm/1	chipped:block/blue_terracotta/ctm/hexagonical_blue_terracotta_ctm/2	fb037961f46b85a5d810cbc0aecadff53755173c88dc868c8c561c97f2ae43ed
chipped:hexagonical_brown_terracotta	ctm	chipped:block/hexagonical_brown_terracotta	minecraft:block/cube_all	chipped:block/brown_terracotta/hexagonical_brown_terracotta	chipped:block/brown_terracotta/ctm/hexagonical_brown_terracotta_ctm/0	chipped:block/brown_terracotta/ctm/hexagonical_brown_terracotta_ctm/3	chipped:block/brown_terracotta/ctm/hexagonical_brown_terracotta_ctm/1	chipped:block/brown_terracotta/ctm/hexagonical_brown_terracotta_ctm/2	4c6eed5a512974236cae044e3a4bf8886a24e6f84eacf2bd498d34ec5193a151
chipped:hexagonical_cyan_terracotta	ctm	chipped:block/hexagonical_cyan_terracotta	minecraft:block/cube_all	chipped:block/cyan_terracotta/hexagonical_cyan_terracotta	chipped:block/cyan_terracotta/ctm/hexagonical_cyan_terracotta_ctm/0	chipped:block/cyan_terracotta/ctm/hexagonical_cyan_terracotta_ctm/3	chipped:block/cyan_terracotta/ctm/hexagonical_cyan_terracotta_ctm/1	chipped:block/cyan_terracotta/ctm/hexagonical_cyan_terracotta_ctm/2	44242ba9f9411830089758a61382779d1bec331577729ba338a2fab4f78ac4c9
chipped:hexagonical_gray_terracotta	ctm	chipped:block/hexagonical_gray_terracotta	minecraft:block/cube_all	chipped:block/gray_terracotta/hexagonical_gray_terracotta	chipped:block/gray_terracotta/ctm/hexagonical_gray_terracotta_ctm/0	chipped:block/gray_terracotta/ctm/hexagonical_gray_terracotta_ctm/3	chipped:block/gray_terracotta/ctm/hexagonical_gray_terracotta_ctm/1	chipped:block/gray_terracotta/ctm/hexagonical_gray_terracotta_ctm/2	95601f8700d05d2f05af6c896b9553fb521f5908176e48161eb588924885c6d2
chipped:hexagonical_green_terracotta	ctm	chipped:block/hexagonical_green_terracotta	minecraft:block/cube_all	chipped:block/green_terracotta/hexagonical_green_terracotta	chipped:block/green_terracotta/ctm/hexagonical_green_terracotta_ctm/0	chipped:block/green_terracotta/ctm/hexagonical_green_terracotta_ctm/3	chipped:block/green_terracotta/ctm/hexagonical_green_terracotta_ctm/1	chipped:block/green_terracotta/ctm/hexagonical_green_terracotta_ctm/2	bac896c28ae44018eb85fe3e49b86a4903403ed252dc8db89531fb0d453af8cc
chipped:hexagonical_light_blue_terracotta	ctm	chipped:block/hexagonical_light_blue_terracotta	minecraft:block/cube_all	chipped:block/light_blue_terracotta/hexagonical_light_blue_terracotta	chipped:block/light_blue_terracotta/ctm/hexagonical_light_blue_terracotta_ctm/0	chipped:block/light_blue_terracotta/ctm/hexagonical_light_blue_terracotta_ctm/3	chipped:block/light_blue_terracotta/ctm/hexagonical_light_blue_terracotta_ctm/1	chipped:block/light_blue_terracotta/ctm/hexagonical_light_blue_terracotta_ctm/2	4e7acc99fb98eb796a28e2496848b3c3a05708dc0f7336dbd02045f8d0085f41
chipped:hexagonical_light_gray_terracotta	ctm	chipped:block/hexagonical_light_gray_terracotta	minecraft:block/cube_all	chipped:block/light_gray_terracotta/hexagonical_light_gray_terracotta	chipped:block/light_gray_terracotta/ctm/hexagonical_light_gray_terracotta_ctm/0	chipped:block/light_gray_terracotta/ctm/hexagonical_light_gray_terracotta_ctm/3	chipped:block/light_gray_terracotta/ctm/hexagonical_light_gray_terracotta_ctm/1	chipped:block/light_gray_terracotta/ctm/hexagonical_light_gray_terracotta_ctm/2	0bef0b7b236567737726d66cadfc6b2357c230a019eca6f30cc7c2e79af11bba
chipped:hexagonical_lime_terracotta	ctm	chipped:block/hexagonical_lime_terracotta	minecraft:block/cube_all	chipped:block/lime_terracotta/hexagonical_lime_terracotta	chipped:block/lime_terracotta/ctm/hexagonical_lime_terracotta_ctm/0	chipped:block/lime_terracotta/ctm/hexagonical_lime_terracotta_ctm/3	chipped:block/lime_terracotta/ctm/hexagonical_lime_terracotta_ctm/1	chipped:block/lime_terracotta/ctm/hexagonical_lime_terracotta_ctm/2	09d0934c807e4ef154febc1f14311f898ed2fc43862b5de6512ab8f9f42e5c65
chipped:hexagonical_magenta_terracotta	ctm	chipped:block/hexagonical_magenta_terracotta	minecraft:block/cube_all	chipped:block/magenta_terracotta/hexagonical_magenta_terracotta	chipped:block/magenta_terracotta/ctm/hexagonical_magenta_terracotta_ctm/0	chipped:block/magenta_terracotta/ctm/hexagonical_magenta_terracotta_ctm/3	chipped:block/magenta_terracotta/ctm/hexagonical_magenta_terracotta_ctm/1	chipped:block/magenta_terracotta/ctm/hexagonical_magenta_terracotta_ctm/2	eedb97bd10819175878058d15ca8d3b4d351a47c001ea11bcf9b8c7e02f32604
chipped:hexagonical_orange_terracotta	ctm	chipped:block/hexagonical_orange_terracotta	minecraft:block/cube_all	chipped:block/orange_terracotta/hexagonical_orange_terracotta	chipped:block/orange_terracotta/ctm/hexagonical_orange_terracotta_ctm/0	chipped:block/orange_terracotta/ctm/hexagonical_orange_terracotta_ctm/3	chipped:block/orange_terracotta/ctm/hexagonical_orange_terracotta_ctm/1	chipped:block/orange_terracotta/ctm/hexagonical_orange_terracotta_ctm/2	172f8027c8b5ae7950b2c8dd8130927051ee71d31149e5cab7ebb284b842d175
chipped:hexagonical_pink_terracotta	ctm	chipped:block/hexagonical_pink_terracotta	minecraft:block/cube_all	chipped:block/pink_terracotta/hexagonical_pink_terracotta	chipped:block/pink_terracotta/ctm/hexagonical_pink_terracotta_ctm/0	chipped:block/pink_terracotta/ctm/hexagonical_pink_terracotta_ctm/3	chipped:block/pink_terracotta/ctm/hexagonical_pink_terracotta_ctm/1	chipped:block/pink_terracotta/ctm/hexagonical_pink_terracotta_ctm/2	f92abc3836d8c68133e7e368e63e713eb68a2a07374cbb142dc26b4fa353e40a
chipped:hexagonical_purple_terracotta	ctm	chipped:block/hexagonical_purple_terracotta	minecraft:block/cube_all	chipped:block/purple_terracotta/hexagonical_purple_terracotta	chipped:block/purple_terracotta/ctm/hexagonical_purple_terracotta_ctm/0	chipped:block/purple_terracotta/ctm/hexagonical_purple_terracotta_ctm/3	chipped:block/purple_terracotta/ctm/hexagonical_purple_terracotta_ctm/1	chipped:block/purple_terracotta/ctm/hexagonical_purple_terracotta_ctm/2	17f07068835fa99a1034f64abc809cf391e6e362dabb163e2d29f7ea1cf9e24a
chipped:hexagonical_red_terracotta	ctm	chipped:block/hexagonical_red_terracotta	minecraft:block/cube_all	chipped:block/red_terracotta/hexagonical_red_terracotta	chipped:block/red_terracotta/ctm/hexagonical_red_terracotta_ctm/0	chipped:block/red_terracotta/ctm/hexagonical_red_terracotta_ctm/3	chipped:block/red_terracotta/ctm/hexagonical_red_terracotta_ctm/1	chipped:block/red_terracotta/ctm/hexagonical_red_terracotta_ctm/2	63ccf923ffe413da884b545705ddbccf758cd5acc50ab97fe6a56cf04d15844d
chipped:hexagonical_terracotta	ctm	chipped:block/hexagonical_terracotta	minecraft:block/cube_all	chipped:block/terracotta/hexagonical_terracotta	chipped:block/terracotta/ctm/hexagonical_terracotta_ctm/0	chipped:block/terracotta/ctm/hexagonical_terracotta_ctm/3	chipped:block/terracotta/ctm/hexagonical_terracotta_ctm/1	chipped:block/terracotta/ctm/hexagonical_terracotta_ctm/2	0c487254ee329e8e4262705977f0c51b9b0d45f4d9fa32520a13627c6ca058ab
chipped:hexagonical_white_terracotta	ctm	chipped:block/hexagonical_white_terracotta	minecraft:block/cube_all	chipped:block/white_terracotta/hexagonical_white_terracotta	chipped:block/white_terracotta/ctm/hexagonical_white_terracotta_ctm/0	chipped:block/white_terracotta/ctm/hexagonical_white_terracotta_ctm/3	chipped:block/white_terracotta/ctm/hexagonical_white_terracotta_ctm/1	chipped:block/white_terracotta/ctm/hexagonical_white_terracotta_ctm/2	ea6d5affbcf074644ed344210d61707a572cb0672ca2690c04ab385f9b2d7bfd
chipped:hexagonical_yellow_terracotta	ctm	chipped:block/hexagonical_yellow_terracotta	minecraft:block/cube_all	chipped:block/yellow_terracotta/hexagonical_yellow_terracotta	chipped:block/yellow_terracotta/ctm/hexagonical_yellow_terracotta_ctm/0	chipped:block/yellow_terracotta/ctm/hexagonical_yellow_terracotta_ctm/3	chipped:block/yellow_terracotta/ctm/hexagonical_yellow_terracotta_ctm/1	chipped:block/yellow_terracotta/ctm/hexagonical_yellow_terracotta_ctm/2	f4826a00d6d1b46ee085a4eed981f5474b6745f03cd9d9387c41a319d71f4596
chipped:inscribed_black_terracotta	giant	chipped:block/inscribed_black_terracotta	minecraft:block/cube_all	chipped:block/black_terracotta/inscribed_black_terracotta	chipped:block/black_terracotta/ctm/inscribed_black_terracotta/0	chipped:block/black_terracotta/ctm/inscribed_black_terracotta/1	chipped:block/black_terracotta/ctm/inscribed_black_terracotta/2	chipped:block/black_terracotta/ctm/inscribed_black_terracotta/3	a966d1edbba89e9b6d9250fd03670c893bee5d0c512460848a3d4cc025a10fd6
chipped:inscribed_blue_terracotta	giant	chipped:block/inscribed_blue_terracotta	minecraft:block/cube_all	chipped:block/blue_terracotta/inscribed_blue_terracotta	chipped:block/blue_terracotta/ctm/inscribed_blue_terracotta/0	chipped:block/blue_terracotta/ctm/inscribed_blue_terracotta/1	chipped:block/blue_terracotta/ctm/inscribed_blue_terracotta/2	chipped:block/blue_terracotta/ctm/inscribed_blue_terracotta/3	c95bdc50fcd3de67514a25e71d548476c6d20aabfdb2973ebd3d2aaf42b86aa1
chipped:inscribed_brown_terracotta	giant	chipped:block/inscribed_brown_terracotta	minecraft:block/cube_all	chipped:block/brown_terracotta/inscribed_brown_terracotta	chipped:block/brown_terracotta/ctm/inscribed_brown_terracotta/0	chipped:block/brown_terracotta/ctm/inscribed_brown_terracotta/1	chipped:block/brown_terracotta/ctm/inscribed_brown_terracotta/2	chipped:block/brown_terracotta/ctm/inscribed_brown_terracotta/3	21d919408e28f4294c54e5e16644d3d760ca1319377d283d108938864e853f6c
chipped:inscribed_cyan_terracotta	giant	chipped:block/inscribed_cyan_terracotta	minecraft:block/cube_all	chipped:block/cyan_terracotta/inscribed_cyan_terracotta	chipped:block/cyan_terracotta/ctm/inscribed_cyan_terracotta/0	chipped:block/cyan_terracotta/ctm/inscribed_cyan_terracotta/1	chipped:block/cyan_terracotta/ctm/inscribed_cyan_terracotta/2	chipped:block/cyan_terracotta/ctm/inscribed_cyan_terracotta/3	681e4860d2fd22d5ffba4c53082380ce9861695e77319f7852aca64d9a257e02
chipped:inscribed_gray_terracotta	giant	chipped:block/inscribed_gray_terracotta	minecraft:block/cube_all	chipped:block/gray_terracotta/inscribed_gray_terracotta	chipped:block/gray_terracotta/ctm/inscribed_gray_terracotta/0	chipped:block/gray_terracotta/ctm/inscribed_gray_terracotta/1	chipped:block/gray_terracotta/ctm/inscribed_gray_terracotta/2	chipped:block/gray_terracotta/ctm/inscribed_gray_terracotta/3	5001b42675ca2b6bea8fe8d3bd45b458f6a1e0b47b4bed49d77d78b417e4c760
chipped:inscribed_green_terracotta	giant	chipped:block/inscribed_green_terracotta	minecraft:block/cube_all	chipped:block/green_terracotta/inscribed_green_terracotta	chipped:block/green_terracotta/ctm/inscribed_green_terracotta/0	chipped:block/green_terracotta/ctm/inscribed_green_terracotta/1	chipped:block/green_terracotta/ctm/inscribed_green_terracotta/2	chipped:block/green_terracotta/ctm/inscribed_green_terracotta/3	e537d861132c7895567c8007efbc74e0c2f795be0f60ae014c0866748d77ab26
chipped:inscribed_light_blue_terracotta	giant	chipped:block/inscribed_light_blue_terracotta	minecraft:block/cube_all	chipped:block/light_blue_terracotta/inscribed_light_blue_terracotta	chipped:block/light_blue_terracotta/ctm/inscribed_light_blue_terracotta/0	chipped:block/light_blue_terracotta/ctm/inscribed_light_blue_terracotta/1	chipped:block/light_blue_terracotta/ctm/inscribed_light_blue_terracotta/2	chipped:block/light_blue_terracotta/ctm/inscribed_light_blue_terracotta/3	cfca042e7cd97c8ba86e00f05928188cdcee66d11f15400618843078bfb17dff
chipped:inscribed_light_gray_terracotta	giant	chipped:block/inscribed_light_gray_terracotta	minecraft:block/cube_all	chipped:block/light_gray_terracotta/inscribed_light_gray_terracotta	chipped:block/light_gray_terracotta/ctm/inscribed_light_gray_terracotta/0	chipped:block/light_gray_terracotta/ctm/inscribed_light_gray_terracotta/1	chipped:block/light_gray_terracotta/ctm/inscribed_light_gray_terracotta/2	chipped:block/light_gray_terracotta/ctm/inscribed_light_gray_terracotta/3	c54b1f9a28f8f9a9f0dc236ef44dd72abd2d10134d2489f66b9d311fb9617fcd
chipped:inscribed_lime_terracotta	giant	chipped:block/inscribed_lime_terracotta	minecraft:block/cube_all	chipped:block/lime_terracotta/inscribed_lime_terracotta	chipped:block/lime_terracotta/ctm/inscribed_lime_terracotta/0	chipped:block/lime_terracotta/ctm/inscribed_lime_terracotta/1	chipped:block/lime_terracotta/ctm/inscribed_lime_terracotta/2	chipped:block/lime_terracotta/ctm/inscribed_lime_terracotta/3	68352b068d383eceaf9bb241a36393afd8884c7ac1d208ae03a297cf5d7d0ab7
chipped:inscribed_magenta_terracotta	giant	chipped:block/inscribed_magenta_terracotta	minecraft:block/cube_all	chipped:block/magenta_terracotta/inscribed_magenta_terracotta	chipped:block/magenta_terracotta/ctm/inscribed_magenta_terracotta/0	chipped:block/magenta_terracotta/ctm/inscribed_magenta_terracotta/1	chipped:block/magenta_terracotta/ctm/inscribed_magenta_terracotta/2	chipped:block/magenta_terracotta/ctm/inscribed_magenta_terracotta/3	e14a39856c2ecba382b6066a5b79e88f08f9e2b93ba1e94dff170e17f6633d8e
chipped:inscribed_orange_terracotta	giant	chipped:block/inscribed_orange_terracotta	minecraft:block/cube_all	chipped:block/orange_terracotta/inscribed_orange_terracotta	chipped:block/orange_terracotta/ctm/inscribed_orange_terracotta/0	chipped:block/orange_terracotta/ctm/inscribed_orange_terracotta/1	chipped:block/orange_terracotta/ctm/inscribed_orange_terracotta/2	chipped:block/orange_terracotta/ctm/inscribed_orange_terracotta/3	2a87b44bfdb4a4f7e098225af38cc6db9888d1191867b2eb11ae34e33ac580f3
chipped:inscribed_pink_terracotta	giant	chipped:block/inscribed_pink_terracotta	minecraft:block/cube_all	chipped:block/pink_terracotta/inscribed_pink_terracotta	chipped:block/pink_terracotta/ctm/inscribed_pink_terracotta/0	chipped:block/pink_terracotta/ctm/inscribed_pink_terracotta/1	chipped:block/pink_terracotta/ctm/inscribed_pink_terracotta/2	chipped:block/pink_terracotta/ctm/inscribed_pink_terracotta/3	3b95bb184f24be28fde7abe0150696bc79e6aa678c749b5ec8ada34a8d12e6fb
chipped:inscribed_purple_terracotta	giant	chipped:block/inscribed_purple_terracotta	minecraft:block/cube_all	chipped:block/purple_terracotta/inscribed_purple_terracotta	chipped:block/purple_terracotta/ctm/inscribed_purple_terracotta/0	chipped:block/purple_terracotta/ctm/inscribed_purple_terracotta/1	chipped:block/purple_terracotta/ctm/inscribed_purple_terracotta/2	chipped:block/purple_terracotta/ctm/inscribed_purple_terracotta/3	30d982d24b8f97db6b72db0d2124556ea8820bc795641d809d3eebf840cc7a28
chipped:inscribed_red_terracotta	giant	chipped:block/inscribed_red_terracotta	minecraft:block/cube_all	chipped:block/red_terracotta/inscribed_red_terracotta	chipped:block/red_terracotta/ctm/inscribed_red_terracotta/0	chipped:block/red_terracotta/ctm/inscribed_red_terracotta/1	chipped:block/red_terracotta/ctm/inscribed_red_terracotta/2	chipped:block/red_terracotta/ctm/inscribed_red_terracotta/3	588ece4745939ff774ac9c14987ee516b45ed2e477fa2b0e3f25938c15f14a27
chipped:inscribed_terracotta	giant	chipped:block/inscribed_terracotta	minecraft:block/cube_all	chipped:block/terracotta/inscribed_terracotta	chipped:block/terracotta/ctm/inscribed_terracotta/0	chipped:block/terracotta/ctm/inscribed_terracotta/1	chipped:block/terracotta/ctm/inscribed_terracotta/2	chipped:block/terracotta/ctm/inscribed_terracotta/3	3727ad6ab63c347de28a883b5452bbb21836a8cf9d41da35d28476aa582909a0
chipped:inscribed_white_terracotta	giant	chipped:block/inscribed_white_terracotta	minecraft:block/cube_all	chipped:block/white_terracotta/inscribed_white_terracotta	chipped:block/white_terracotta/ctm/inscribed_white_terracotta/0	chipped:block/white_terracotta/ctm/inscribed_white_terracotta/1	chipped:block/white_terracotta/ctm/inscribed_white_terracotta/2	chipped:block/white_terracotta/ctm/inscribed_white_terracotta/3	74699e2222b172d249564b9dcb5147d521fa226bbc011747bd16cc20d1a4cf95
chipped:inscribed_yellow_terracotta	giant	chipped:block/inscribed_yellow_terracotta	minecraft:block/cube_all	chipped:block/yellow_terracotta/inscribed_yellow_terracotta	chipped:block/yellow_terracotta/ctm/inscribed_yellow_terracotta/0	chipped:block/yellow_terracotta/ctm/inscribed_yellow_terracotta/1	chipped:block/yellow_terracotta/ctm/inscribed_yellow_terracotta/2	chipped:block/yellow_terracotta/ctm/inscribed_yellow_terracotta/3	a45cde2880b597bc8ee5672ab073ddf3e3ab41f723e5f7fafdc640a1e75615e6
chipped:jungle_planks_panel	ctm	chipped:block/jungle_planks_panel	minecraft:block/cube_all	chipped:block/jungle_planks/jungle_planks_panel	chipped:block/jungle_planks/ctm/jungle_planks_panel_ctm/0	chipped:block/jungle_planks/ctm/jungle_planks_panel_ctm/3	chipped:block/jungle_planks/ctm/jungle_planks_panel_ctm/1	chipped:block/jungle_planks/ctm/jungle_planks_panel_ctm/2	0f693835147b2706dc20e8bbdbe11b53144c6f0f03e4db410ec5aa4776ebd99b
chipped:large_mud_bricks_sigil	giant	chipped:block/large_mud_bricks_sigil	minecraft:block/cube_all	chipped:block/mud_bricks/large_mud_bricks_sigil	chipped:block/mud_bricks/ctm/large_mud_bricks_sigil/0	chipped:block/mud_bricks/ctm/large_mud_bricks_sigil/1	chipped:block/mud_bricks/ctm/large_mud_bricks_sigil/2	chipped:block/mud_bricks/ctm/large_mud_bricks_sigil/3	af90fc7dacf8198064b542c9a25a67eebe1435f62175002921c2f258bcb1a91e
chipped:large_mud_sigil	giant	chipped:block/large_mud_sigil	minecraft:block/cube_all	chipped:block/mud/large_mud_sigil	chipped:block/mud/ctm/large_mud_sigil/0	chipped:block/mud/ctm/large_mud_sigil/1	chipped:block/mud/ctm/large_mud_sigil/2	chipped:block/mud/ctm/large_mud_sigil/3	60525e438a7f0947949db8212f799603e7183f6ba37b9b620ab47c7b7cdcd4f1
chipped:large_packed_mud_sigil	giant	chipped:block/large_packed_mud_sigil	minecraft:block/cube_all	chipped:block/packed_mud/large_packed_mud_sigil	chipped:block/packed_mud/ctm/large_packed_mud_sigil/0	chipped:block/packed_mud/ctm/large_packed_mud_sigil/1	chipped:block/packed_mud/ctm/large_packed_mud_sigil/2	chipped:block/packed_mud/ctm/large_packed_mud_sigil/3	c9e7da7bb8f3f635c9c07f21c89496501f3996ff83a684e997ccc329a0bffffc
chipped:light_blue_concrete_panel	ctm	chipped:block/light_blue_concrete_panel	minecraft:block/cube_all	chipped:block/light_blue_concrete/light_blue_concrete_panel	chipped:block/light_blue_concrete/ctm/common_textures/0	chipped:block/light_blue_concrete/ctm/light_blue_concrete_panel_ctm/3	chipped:block/light_blue_concrete/ctm/light_blue_concrete_panel_ctm/1	chipped:block/light_blue_concrete/ctm/light_blue_concrete_panel_ctm/2	bcce9553cce0f45e37dd3ba154347768acca4c6ba63765624d55d09b3a8e44b5
chipped:light_blue_concrete_pillar	pillar	chipped:block/light_blue_concrete_pillar	minecraft:block/cube_column	chipped:block/light_blue_concrete/light_blue_concrete_pillar	chipped:block/light_blue_concrete/ctm/light_blue_concrete_pillar/0	chipped:block/light_blue_concrete/ctm/light_blue_concrete_pillar/1	chipped:block/light_blue_concrete/ctm/common_textures/1	chipped:block/light_blue_concrete/ctm/light_blue_concrete_pillar/3	7a445b556a68a2f02e0ef012402bddea75e1a6c4ed02c7563c3531fad7d0afd6
chipped:light_blue_terracotta_column	pillar	chipped:block/light_blue_terracotta_column	minecraft:block/cube_column	chipped:block/light_blue_terracotta/light_blue_terracotta_column	chipped:block/light_blue_terracotta/ctm/light_blue_terracotta_column/0	chipped:block/light_blue_terracotta/ctm/light_blue_terracotta_column/1	chipped:block/light_blue_terracotta/ctm/light_blue_terracotta_column/2	chipped:block/light_blue_terracotta/ctm/light_blue_terracotta_column/3	e0f847158c026498b0d37442480f0498d8bb5e3b31cdfb9c2cf044382eca6ab1
chipped:light_blue_terracotta_pillar	pillar	chipped:block/light_blue_terracotta_pillar	minecraft:block/cube_column	chipped:block/light_blue_terracotta/light_blue_terracotta_pillar	chipped:block/light_blue_terracotta/ctm/light_blue_terracotta_pillar/0	chipped:block/light_blue_terracotta/ctm/light_blue_terracotta_pillar/1	chipped:block/light_blue_terracotta/ctm/light_blue_terracotta_pillar/2	chipped:block/light_blue_terracotta/ctm/light_blue_terracotta_pillar/3	cc8df6b216cf3912c9e6fa437a92f1e75a23616d3e46d0a9e0507e6e99d90ee6
chipped:light_gray_concrete_panel	ctm	chipped:block/light_gray_concrete_panel	minecraft:block/cube_all	chipped:block/light_gray_concrete/light_gray_concrete_panel	chipped:block/light_gray_concrete/ctm/common_textures/0	chipped:block/light_gray_concrete/ctm/light_gray_concrete_panel_ctm/3	chipped:block/light_gray_concrete/ctm/light_gray_concrete_panel_ctm/1	chipped:block/light_gray_concrete/ctm/light_gray_concrete_panel_ctm/2	b11329d9ecbcd20474a517dccade7c0eef6209eb1f32427541a888227c05d421
chipped:light_gray_concrete_pillar	pillar	chipped:block/light_gray_concrete_pillar	minecraft:block/cube_column	chipped:block/light_gray_concrete/light_gray_concrete_pillar	chipped:block/light_gray_concrete/ctm/light_gray_concrete_pillar/0	chipped:block/light_gray_concrete/ctm/light_gray_concrete_pillar/1	chipped:block/light_gray_concrete/ctm/common_textures/1	chipped:block/light_gray_concrete/ctm/light_gray_concrete_pillar/3	da0a0c7881a7fa796657da000f5061cec05c1521a8204dced1ba94f77bb31e15
chipped:light_gray_terracotta_column	pillar	chipped:block/light_gray_terracotta_column	minecraft:block/cube_column	chipped:block/light_gray_terracotta/light_gray_terracotta_column	chipped:block/light_gray_terracotta/ctm/light_gray_terracotta_column/0	chipped:block/light_gray_terracotta/ctm/light_gray_terracotta_column/1	chipped:block/light_gray_terracotta/ctm/light_gray_terracotta_column/2	chipped:block/light_gray_terracotta/ctm/light_gray_terracotta_column/3	61181bcb529d473d4e39a5ddebab2e3a81994af5df6898cc6026a5e454d79425
chipped:light_gray_terracotta_pillar	pillar	chipped:block/light_gray_terracotta_pillar	minecraft:block/cube_column	chipped:block/light_gray_terracotta/light_gray_terracotta_pillar	chipped:block/light_gray_terracotta/ctm/light_gray_terracotta_pillar/0	chipped:block/light_gray_terracotta/ctm/light_gray_terracotta_pillar/1	chipped:block/light_gray_terracotta/ctm/light_gray_terracotta_pillar/2	chipped:block/light_gray_terracotta/ctm/light_gray_terracotta_pillar/3	49f9745c1d47825984fabcb1f76c6283070994d208a57c30fe3dac3a19d88803
chipped:lime_concrete_panel	ctm	chipped:block/lime_concrete_panel	minecraft:block/cube_all	chipped:block/lime_concrete/lime_concrete_panel	chipped:block/lime_concrete/ctm/common_textures/0	chipped:block/lime_concrete/ctm/lime_concrete_panel_ctm/3	chipped:block/lime_concrete/ctm/lime_concrete_panel_ctm/1	chipped:block/lime_concrete/ctm/lime_concrete_panel_ctm/2	1b2292cbfcbf3f18b64e588b2ad87ae54782906c2751c13522dee4cdafb6371d
chipped:lime_concrete_pillar	pillar	chipped:block/lime_concrete_pillar	minecraft:block/cube_column	chipped:block/lime_concrete/lime_concrete_pillar	chipped:block/lime_concrete/ctm/lime_concrete_pillar/0	chipped:block/lime_concrete/ctm/lime_concrete_pillar/1	chipped:block/lime_concrete/ctm/common_textures/1	chipped:block/lime_concrete/ctm/lime_concrete_pillar/3	99d06ad5cec37f3d36ca19310362e45287314a9d9a7da7c50df72f17b8d1d2b7
chipped:lime_terracotta_column	pillar	chipped:block/lime_terracotta_column	minecraft:block/cube_column	chipped:block/lime_terracotta/lime_terracotta_column	chipped:block/lime_terracotta/ctm/lime_terracotta_column/0	chipped:block/lime_terracotta/ctm/lime_terracotta_column/1	chipped:block/lime_terracotta/ctm/lime_terracotta_column/2	chipped:block/lime_terracotta/ctm/lime_terracotta_column/3	4e49ae3b80ab85b7e3d65f143ec938f04462ff2deea8c98392aed875e7e53a28
chipped:lime_terracotta_pillar	pillar	chipped:block/lime_terracotta_pillar	minecraft:block/cube_column	chipped:block/lime_terracotta/lime_terracotta_pillar	chipped:block/lime_terracotta/ctm/lime_terracotta_pillar/0	chipped:block/lime_terracotta/ctm/lime_terracotta_pillar/1	chipped:block/lime_terracotta/ctm/lime_terracotta_pillar/2	chipped:block/lime_terracotta/ctm/lime_terracotta_pillar/3	161a70693692ac2d97d7f70295d656ec4c6ce6a52ebef3ded2d04f7d848b8794
chipped:loreful_mud	giant	chipped:block/loreful_mud	minecraft:block/cube_all	chipped:block/mud/loreful_mud	chipped:block/mud/ctm/loreful_mud/0	chipped:block/mud/ctm/loreful_mud/1	chipped:block/mud/ctm/loreful_mud/2	chipped:block/mud/ctm/loreful_mud/3	012056720b1d9dfea0e537e12644d807bb44656fd14aece12dd234f4f574e660
chipped:loreful_mud_bricks	giant	chipped:block/loreful_mud_bricks	minecraft:block/cube_all	chipped:block/mud_bricks/loreful_mud_bricks	chipped:block/mud_bricks/ctm/loreful_mud_bricks/0	chipped:block/mud_bricks/ctm/loreful_mud_bricks/1	chipped:block/mud_bricks/ctm/loreful_mud_bricks/2	chipped:block/mud_bricks/ctm/loreful_mud_bricks/3	adc2562930734fdfd574d580783e317659755998847375956e6f10df1dbb50a7
chipped:loreful_packed_mud	giant	chipped:block/loreful_packed_mud	minecraft:block/cube_all	chipped:block/packed_mud/loreful_packed_mud	chipped:block/packed_mud/ctm/loreful_packed_mud/0	chipped:block/packed_mud/ctm/loreful_packed_mud/1	chipped:block/packed_mud/ctm/loreful_packed_mud/2	chipped:block/packed_mud/ctm/loreful_packed_mud/3	a75504fe6b15ae25694e61d4f7dc019e40d1ae618ec4c18c0477da26025d0b24
chipped:magenta_concrete_panel	ctm	chipped:block/magenta_concrete_panel	minecraft:block/cube_all	chipped:block/magenta_concrete/magenta_concrete_panel	chipped:block/magenta_concrete/ctm/common_textures/0	chipped:block/magenta_concrete/ctm/magenta_concrete_panel_ctm/3	chipped:block/magenta_concrete/ctm/magenta_concrete_panel_ctm/1	chipped:block/magenta_concrete/ctm/magenta_concrete_panel_ctm/2	29df7da73910d8347ad05538464e34acdd8caf347c9a557be54e7e1531e85604
chipped:magenta_concrete_pillar	pillar	chipped:block/magenta_concrete_pillar	minecraft:block/cube_column	chipped:block/magenta_concrete/magenta_concrete_pillar	chipped:block/magenta_concrete/ctm/magenta_concrete_pillar/0	chipped:block/magenta_concrete/ctm/magenta_concrete_pillar/1	chipped:block/magenta_concrete/ctm/common_textures/1	chipped:block/magenta_concrete/ctm/magenta_concrete_pillar/3	951e74b37f68bee59c1079c38dff812ae4a7692dd1cc5c067f9561244a1c4852
chipped:magenta_terracotta_column	pillar	chipped:block/magenta_terracotta_column	minecraft:block/cube_column	chipped:block/magenta_terracotta/magenta_terracotta_column	chipped:block/magenta_terracotta/ctm/magenta_terracotta_column/0	chipped:block/magenta_terracotta/ctm/magenta_terracotta_column/1	chipped:block/magenta_terracotta/ctm/magenta_terracotta_column/2	chipped:block/magenta_terracotta/ctm/magenta_terracotta_column/3	f64afcaf303ac0a515be9d5406bd8813b6b0823ee15fd4b219bf9e7307a520e3
chipped:magenta_terracotta_pillar	pillar	chipped:block/magenta_terracotta_pillar	minecraft:block/cube_column	chipped:block/magenta_terracotta/magenta_terracotta_pillar	chipped:block/magenta_terracotta/ctm/magenta_terracotta_pillar/0	chipped:block/magenta_terracotta/ctm/magenta_terracotta_pillar/1	chipped:block/magenta_terracotta/ctm/magenta_terracotta_pillar/2	chipped:block/magenta_terracotta/ctm/magenta_terracotta_pillar/3	89540b906eb43911df62cf5c87e089cc1aa2baba2e0c3468df41fedd1fd73a5b
chipped:mangrove_planks_panel	ctm	chipped:block/mangrove_planks_panel	minecraft:block/cube_all	chipped:block/mangrove_planks/mangrove_planks_panel	chipped:block/mangrove_planks/ctm/common_textures/0	chipped:block/mangrove_planks/ctm/mangrove_planks_panel_ctm/3	chipped:block/mangrove_planks/ctm/mangrove_planks_panel_ctm/1	chipped:block/mangrove_planks/ctm/mangrove_planks_panel_ctm/2	fa39d74665088e7db4ff71de29ed5218db568c875f036e25a9835ada3f3de5df
chipped:massive_amethyst_block_bricks	giant	chipped:block/massive_amethyst_block_bricks	minecraft:block/cube_all	chipped:block/amethyst_block/massive_amethyst_block_bricks	chipped:block/amethyst_block/ctm/massive_amethyst_block_bricks/0	chipped:block/amethyst_block/ctm/massive_amethyst_block_bricks/1	chipped:block/amethyst_block/ctm/massive_amethyst_block_bricks/2	chipped:block/amethyst_block/ctm/massive_amethyst_block_bricks/3	117c446077fb55aa7d24ac94f16daf4ed17526e02edf3994156a18c7fd7b0a83
chipped:massive_ancient_debris_bricks	giant	chipped:block/massive_ancient_debris_bricks	minecraft:block/cube_all	chipped:block/ancient_debris/massive_ancient_debris_bricks	chipped:block/ancient_debris/ctm/massive_ancient_debris_bricks/0	chipped:block/ancient_debris/ctm/massive_ancient_debris_bricks/1	chipped:block/ancient_debris/ctm/massive_ancient_debris_bricks/2	chipped:block/ancient_debris/ctm/massive_ancient_debris_bricks/3	a5a559874f4115d310e9f172dd5260eae26d29d1e4e042220842553482e35ae3
chipped:massive_andesite_bricks	giant	chipped:block/massive_andesite_bricks	minecraft:block/cube_all	chipped:block/andesite/massive_andesite_bricks	chipped:block/andesite/ctm/massive_andesite_bricks/0	chipped:block/andesite/ctm/massive_andesite_bricks/1	chipped:block/andesite/ctm/massive_andesite_bricks/2	chipped:block/andesite/ctm/massive_andesite_bricks/3	9a5c6ba2bdb880f446ea233743dd4af50cb4777561e9a2e573d771bd2ea4ff88
chipped:massive_basalt_bricks	giant	chipped:block/massive_basalt_bricks	minecraft:block/cube_all	chipped:block/basalt/massive_basalt_bricks	chipped:block/basalt/ctm/massive_basalt_bricks/0	chipped:block/basalt/ctm/massive_basalt_bricks/1	chipped:block/basalt/ctm/massive_basalt_bricks/2	chipped:block/basalt/ctm/massive_basalt_bricks/3	5307314cc527cb90e02baff6918306a61fdd362fa086435539a9b78e0471e7f0
chipped:massive_blackstone_bricks	giant	chipped:block/massive_blackstone_bricks	minecraft:block/cube_all	chipped:block/blackstone/massive_blackstone_bricks	chipped:block/blackstone/ctm/massive_blackstone_bricks/0	chipped:block/blackstone/ctm/massive_blackstone_bricks/1	chipped:block/blackstone/ctm/massive_blackstone_bricks/2	chipped:block/blackstone/ctm/massive_blackstone_bricks/3	2ca079a5920a6110d30595fd7627ac07bfe6f3fa823aea4fbcd0208a165fb49a
chipped:massive_blue_ice_bricks	giant	chipped:block/massive_blue_ice_bricks	minecraft:block/cube_all	chipped:block/blue_ice/massive_blue_ice_bricks	chipped:block/blue_ice/ctm/massive_blue_ice_bricks/0	chipped:block/blue_ice/ctm/massive_blue_ice_bricks/1	chipped:block/blue_ice/ctm/massive_blue_ice_bricks/2	chipped:block/blue_ice/ctm/massive_blue_ice_bricks/3	e93f05e8cb2c83ffd2f7e490d4a0dde5dc64049a7f4598d80a5815bde2ea9deb
chipped:massive_borderless_bricks_bricks	giant	chipped:block/massive_borderless_bricks_bricks	minecraft:block/cube_all	chipped:block/borderless_bricks/massive_borderless_bricks_bricks	chipped:block/borderless_bricks/ctm/massive_borderless_bricks_bricks/0	chipped:block/borderless_bricks/ctm/massive_borderless_bricks_bricks/1	chipped:block/borderless_bricks/ctm/massive_borderless_bricks_bricks/2	chipped:block/borderless_bricks/ctm/massive_borderless_bricks_bricks/3	96a6c23f784f906d2e31d65fcfe90bceabfd2d11fb669a0bc48ec30285ec017e
chipped:massive_bricks_bricks	giant	chipped:block/massive_bricks_bricks	minecraft:block/cube_all	chipped:block/bricks/massive_bricks_bricks	chipped:block/bricks/ctm/massive_bricks_bricks/0	chipped:block/bricks/ctm/massive_bricks_bricks/1	chipped:block/bricks/ctm/massive_bricks_bricks/2	chipped:block/bricks/ctm/massive_bricks_bricks/3	19ab8154d7ed2e4f4e7a0405fa401bb7365d72ec92c5342accd3057d449477c8
chipped:massive_calcite_bricks	giant	chipped:block/massive_calcite_bricks	minecraft:block/cube_all	chipped:block/calcite/massive_calcite_bricks	chipped:block/calcite/ctm/massive_calcite_bricks/0	chipped:block/calcite/ctm/massive_calcite_bricks/1	chipped:block/calcite/ctm/massive_calcite_bricks/2	chipped:block/calcite/ctm/massive_calcite_bricks/3	c98b651aac2b4f1fe053ed5de2e8e7f80f88bc1c80326367910945cbb53cd121
chipped:massive_clay_bricks	giant	chipped:block/massive_clay_bricks	minecraft:block/cube_all	chipped:block/clay/massive_clay_bricks	chipped:block/clay/ctm/massive_clay_bricks/0	chipped:block/clay/ctm/massive_clay_bricks/1	chipped:block/clay/ctm/massive_clay_bricks/2	chipped:block/clay/ctm/massive_clay_bricks/3	f516be9ff0bd36a40b92c10474e834ba36f315b96824aee74fbff11c5c3f84e1
chipped:massive_coal_block_bricks	giant	chipped:block/massive_coal_block_bricks	minecraft:block/cube_all	chipped:block/coal_block/massive_coal_block_bricks	chipped:block/coal_block/ctm/massive_coal_block_bricks/0	chipped:block/coal_block/ctm/massive_coal_block_bricks/1	chipped:block/coal_block/ctm/massive_coal_block_bricks/2	chipped:block/coal_block/ctm/massive_coal_block_bricks/3	7f83343edab327318e8f00c08f79314438038733cd8ed673616a55975aeb5d69
chipped:massive_cobblestone_bricks	giant	chipped:block/massive_cobblestone_bricks	minecraft:block/cube_all	chipped:block/cobblestone/massive_cobblestone_bricks	chipped:block/cobblestone/ctm/massive_cobblestone_bricks/0	chipped:block/cobblestone/ctm/massive_cobblestone_bricks/1	chipped:block/cobblestone/ctm/massive_cobblestone_bricks/2	chipped:block/cobblestone/ctm/massive_cobblestone_bricks/3	1b5eae71025e599ad328d93da3acabff21220cc453315dc1f20c1b16c7c99250
chipped:massive_crying_obsidian_bricks	giant	chipped:block/massive_crying_obsidian_bricks	minecraft:block/cube_all	chipped:block/crying_obsidian/massive_crying_obsidian_bricks	chipped:block/crying_obsidian/ctm/massive_crying_obsidian_bricks/0	chipped:block/crying_obsidian/ctm/massive_crying_obsidian_bricks/1	chipped:block/crying_obsidian/ctm/massive_crying_obsidian_bricks/2	chipped:block/crying_obsidian/ctm/massive_crying_obsidian_bricks/3	d7d6d80c9013803396381c135c60aa05ca1b2ea6d3b21ea7d3f82c64c1935cc9
chipped:massive_dark_prismarine_bricks	giant	chipped:block/massive_dark_prismarine_bricks	minecraft:block/cube_all	chipped:block/dark_prismarine/massive_dark_prismarine_bricks	chipped:block/dark_prismarine/ctm/massive_dark_prismarine_bricks/0	chipped:block/dark_prismarine/ctm/massive_dark_prismarine_bricks/1	chipped:block/dark_prismarine/ctm/massive_dark_prismarine_bricks/2	chipped:block/dark_prismarine/ctm/massive_dark_prismarine_bricks/3	117af489716456973aa1be68650812be6d053912d30b5ab27b96b397307365d6
chipped:massive_deepslate_bricks	giant	chipped:block/massive_deepslate_bricks	minecraft:block/cube_all	chipped:block/deepslate/massive_deepslate_bricks	chipped:block/deepslate/ctm/massive_deepslate_bricks/0	chipped:block/deepslate/ctm/massive_deepslate_bricks/1	chipped:block/deepslate/ctm/massive_deepslate_bricks/2	chipped:block/deepslate/ctm/massive_deepslate_bricks/3	79ff6cb4f258071eb71490df99069c96e56faa9b8612f285fdc32187152a74d0
chipped:massive_diorite_bricks	giant	chipped:block/massive_diorite_bricks	minecraft:block/cube_all	chipped:block/diorite/massive_diorite_bricks	chipped:block/diorite/ctm/massive_diorite_bricks/0	chipped:block/diorite/ctm/massive_diorite_bricks/1	chipped:block/diorite/ctm/massive_diorite_bricks/2	chipped:block/diorite/ctm/massive_diorite_bricks/3	5bf976031ca0d3bd79644d9da0396ce8dce8d583daed5b3edee465754c745766
chipped:massive_dirt_bricks	giant	chipped:block/massive_dirt_bricks	minecraft:block/cube_all	chipped:block/dirt/massive_dirt_bricks	chipped:block/dirt/ctm/massive_dirt_bricks/0	chipped:block/dirt/ctm/massive_dirt_bricks/1	chipped:block/dirt/ctm/massive_dirt_bricks/2	chipped:block/dirt/ctm/massive_dirt_bricks/3	a73be18884021572c93082292179e21988877fffc375d7ee656f7fdab73ea49a
chipped:massive_dripstone_block_bricks	giant	chipped:block/massive_dripstone_block_bricks	minecraft:block/cube_all	chipped:block/dripstone_block/massive_dripstone_block_bricks	chipped:block/dripstone_block/ctm/massive_dripstone_block_bricks/0	chipped:block/dripstone_block/ctm/massive_dripstone_block_bricks/1	chipped:block/dripstone_block/ctm/massive_dripstone_block_bricks/2	chipped:block/dripstone_block/ctm/massive_dripstone_block_bricks/3	e6cd19dbf2580efc2438fd396ac742b71c0caafe3481d856753df1d84f0237e9
chipped:massive_end_stone_bricks	giant	chipped:block/massive_end_stone_bricks	minecraft:block/cube_all	chipped:block/end_stone/massive_end_stone_bricks	chipped:block/end_stone/ctm/massive_end_stone_bricks/0	chipped:block/end_stone/ctm/massive_end_stone_bricks/1	chipped:block/end_stone/ctm/massive_end_stone_bricks/2	chipped:block/end_stone/ctm/massive_end_stone_bricks/3	84684d1587f2e06882f05a7b13919c5ccb3200f1e6292011003387c1d3985067
chipped:massive_gilded_blackstone_bricks	giant	chipped:block/massive_gilded_blackstone_bricks	minecraft:block/cube_all	chipped:block/gilded_blackstone/massive_gilded_blackstone_bricks	chipped:block/gilded_blackstone/ctm/massive_gilded_blackstone_bricks/0	chipped:block/gilded_blackstone/ctm/massive_gilded_blackstone_bricks/1	chipped:block/gilded_blackstone/ctm/massive_gilded_blackstone_bricks/2	chipped:block/gilded_blackstone/ctm/massive_gilded_blackstone_bricks/3	aae4ba257324cfa419a2fda21cbd52638ba94d701b79173816924cd92db69b57
chipped:massive_granite_bricks	giant	chipped:block/massive_granite_bricks	minecraft:block/cube_all	chipped:block/granite/massive_granite_bricks	chipped:block/granite/ctm/massive_granite_bricks/0	chipped:block/granite/ctm/massive_granite_bricks/1	chipped:block/granite/ctm/massive_granite_bricks/2	chipped:block/granite/ctm/massive_granite_bricks/3	79aa1551f686b5fdfe01e97f569110151941526f727ec6ca489c462981061036
chipped:massive_ice_bricks	giant	chipped:block/massive_ice_bricks	minecraft:block/cube_all	chipped:block/ice/massive_ice_bricks	chipped:block/ice/ctm/massive_ice_bricks/0	chipped:block/ice/ctm/massive_ice_bricks/1	chipped:block/ice/ctm/massive_ice_bricks/2	chipped:block/ice/ctm/massive_ice_bricks/3	e6dad2666ad61d2d9bae7292e061026e6f101897f4177a4f789d9744c5373be6
chipped:massive_lapis_block_bricks	giant	chipped:block/massive_lapis_block_bricks	minecraft:block/cube_all	chipped:block/lapis_block/massive_lapis_block_bricks	chipped:block/lapis_block/ctm/massive_lapis_block_bricks/0	chipped:block/lapis_block/ctm/massive_lapis_block_bricks/1	chipped:block/lapis_block/ctm/massive_lapis_block_bricks/2	chipped:block/lapis_block/ctm/massive_lapis_block_bricks/3	06f70790a2e0f9f1f54cb20a161b4e3d3edf085f63acc6bcc426c3e53425ff5a
chipped:massive_lodestone_bricks	giant	chipped:block/massive_lodestone_bricks	minecraft:block/cube_all	chipped:block/lodestone/massive_lodestone_bricks	chipped:block/lodestone/ctm/massive_lodestone_bricks/0	chipped:block/lodestone/ctm/massive_lodestone_bricks/1	chipped:block/lodestone/ctm/massive_lodestone_bricks/2	chipped:block/lodestone/ctm/massive_lodestone_bricks/3	b64036d9f7f5eb4fb01ef58aafd82bd63b87cec0df49f90f785d3afa94b913af
chipped:massive_magma_block_bricks	giant	chipped:block/massive_magma_block_bricks	minecraft:block/cube_all	chipped:block/magma_block/massive_magma_block_bricks	chipped:block/magma_block/ctm/massive_magma_block_bricks/0	chipped:block/magma_block/ctm/massive_magma_block_bricks/1	chipped:block/magma_block/ctm/massive_magma_block_bricks/2	chipped:block/magma_block/ctm/massive_magma_block_bricks/3	3b87b5cd03638beb119b09b9797a271b0e3e6045b318dacdf960678d9929fb9b
chipped:massive_mossy_cobblestone_bricks	giant	chipped:block/massive_mossy_cobblestone_bricks	minecraft:block/cube_all	chipped:block/mossy_cobblestone/massive_mossy_cobblestone_bricks	chipped:block/mossy_cobblestone/ctm/massive_mossy_cobblestone_bricks/0	chipped:block/mossy_cobblestone/ctm/massive_mossy_cobblestone_bricks/1	chipped:block/mossy_cobblestone/ctm/massive_mossy_cobblestone_bricks/2	chipped:block/mossy_cobblestone/ctm/massive_mossy_cobblestone_bricks/3	b8e8c0bb2cbeea3438ab619899ce218b595ae8a15c7043f6dd4be7a3a3fb6667
chipped:massive_mossy_stone_bricks_bricks	giant	chipped:block/massive_mossy_stone_bricks_bricks	minecraft:block/cube_all	chipped:block/mossy_stone_bricks/massive_mossy_stone_bricks_bricks	chipped:block/mossy_stone_bricks/ctm/massive_mossy_stone_bricks_bricks/0	chipped:block/mossy_stone_bricks/ctm/massive_mossy_stone_bricks_bricks/1	chipped:block/mossy_stone_bricks/ctm/massive_mossy_stone_bricks_bricks/2	chipped:block/mossy_stone_bricks/ctm/massive_mossy_stone_bricks_bricks/3	0461787f660824b5f6a76f207328f8ebbde85e7ec8563149f35d8bea73fa5885
chipped:massive_mud_bricks	giant	chipped:block/massive_mud_bricks	minecraft:block/cube_all	chipped:block/mud/massive_mud_bricks	chipped:block/mud/ctm/massive_mud_bricks/0	chipped:block/mud/ctm/massive_mud_bricks/1	chipped:block/mud/ctm/massive_mud_bricks/2	chipped:block/mud/ctm/massive_mud_bricks/3	6cd1097d85b31c5f6bcc6f420c757e111c1da9023364c8c5a619ae00bd96c9a9
chipped:massive_mud_bricks_bricks	giant	chipped:block/massive_mud_bricks_bricks	minecraft:block/cube_all	chipped:block/mud_bricks/massive_mud_bricks_bricks	chipped:block/mud_bricks/ctm/massive_mud_bricks_bricks/0	chipped:block/mud_bricks/ctm/massive_mud_bricks_bricks/1	chipped:block/mud_bricks/ctm/massive_mud_bricks_bricks/2	chipped:block/mud_bricks/ctm/massive_mud_bricks_bricks/3	c6a4ee11a8117d37a4e33c2672a319cc30df646ed2378a39c005ca96ee58f05a
chipped:massive_nether_bricks_bricks	giant	chipped:block/massive_nether_bricks_bricks	minecraft:block/cube_all	chipped:block/nether_bricks/massive_nether_bricks_bricks	chipped:block/nether_bricks/ctm/massive_nether_bricks_bricks/0	chipped:block/nether_bricks/ctm/massive_nether_bricks_bricks/1	chipped:block/nether_bricks/ctm/massive_nether_bricks_bricks/2	chipped:block/nether_bricks/ctm/massive_nether_bricks_bricks/3	c71c3c6895342192005a4b5388b8d140478bc6a7056d7328ccbdac56dfd6fb23
chipped:massive_netherrack_bricks	giant	chipped:block/massive_netherrack_bricks	minecraft:block/cube_all	chipped:block/netherrack/massive_netherrack_bricks	chipped:block/netherrack/ctm/massive_netherrack_bricks/0	chipped:block/netherrack/ctm/massive_netherrack_bricks/1	chipped:block/netherrack/ctm/massive_netherrack_bricks/2	chipped:block/netherrack/ctm/massive_netherrack_bricks/3	63c1d0e9ed4811b58d838af939321a1a21a19d327141e724ac762c7cd91d34e3
chipped:massive_obsidian_bricks	giant	chipped:block/massive_obsidian_bricks	minecraft:block/cube_all	chipped:block/obsidian/massive_obsidian_bricks	chipped:block/obsidian/ctm/massive_obsidian_bricks/0	chipped:block/obsidian/ctm/massive_obsidian_bricks/1	chipped:block/obsidian/ctm/massive_obsidian_bricks/2	chipped:block/obsidian/ctm/massive_obsidian_bricks/3	56c630c94a3c905ef4b564e125e7622d12c91c8ef4506bdda3c4f665b4d4ccb7
chipped:massive_packed_ice_bricks	giant	chipped:block/massive_packed_ice_bricks	minecraft:block/cube_all	chipped:block/packed_ice/massive_packed_ice_bricks	chipped:block/packed_ice/ctm/massive_packed_ice_bricks/0	chipped:block/packed_ice/ctm/massive_packed_ice_bricks/1	chipped:block/packed_ice/ctm/massive_packed_ice_bricks/2	chipped:block/packed_ice/ctm/massive_packed_ice_bricks/3	8ffe7e229fd13388d8708a789ad51884a60e4d174f14a2169673bd9da7ebc66e
chipped:massive_packed_mud_bricks	giant	chipped:block/massive_packed_mud_bricks	minecraft:block/cube_all	chipped:block/packed_mud/massive_packed_mud_bricks	chipped:block/packed_mud/ctm/massive_packed_mud_bricks/0	chipped:block/packed_mud/ctm/massive_packed_mud_bricks/1	chipped:block/packed_mud/ctm/massive_packed_mud_bricks/2	chipped:block/packed_mud/ctm/massive_packed_mud_bricks/3	694a4c1e397270e978cf308118c24391b060b7cdfc1633ee551683089c538e48
chipped:massive_prismarine_bricks	giant	chipped:block/massive_prismarine_bricks	minecraft:block/cube_all	chipped:block/prismarine/massive_prismarine_bricks	chipped:block/prismarine/ctm/massive_prismarine_bricks/0	chipped:block/prismarine/ctm/massive_prismarine_bricks/1	chipped:block/prismarine/ctm/massive_prismarine_bricks/2	chipped:block/prismarine/ctm/massive_prismarine_bricks/3	55f3a26af9d74b095d74481bfa38fa21c54c9f321dde1f8c7a37a74ae62908c6
chipped:massive_purpur_block_bricks	giant	chipped:block/massive_purpur_block_bricks	minecraft:block/cube_all	chipped:block/purpur_block/massive_purpur_block_bricks	chipped:block/purpur_block/ctm/massive_purpur_block_bricks/0	chipped:block/purpur_block/ctm/massive_purpur_block_bricks/1	chipped:block/purpur_block/ctm/massive_purpur_block_bricks/2	chipped:block/purpur_block/ctm/massive_purpur_block_bricks/3	92fb3e5b0bad7c2f0e0244e2f12f22e282cab1b94fa5286d6993a61e988de884
chipped:massive_quartz_block_bricks	giant	chipped:block/massive_quartz_block_bricks	minecraft:block/cube_all	chipped:block/quartz_block/massive_quartz_block_bricks	chipped:block/quartz_block/ctm/massive_quartz_block_bricks/0	chipped:block/quartz_block/ctm/massive_quartz_block_bricks/1	chipped:block/quartz_block/ctm/massive_quartz_block_bricks/2	chipped:block/quartz_block/ctm/massive_quartz_block_bricks/3	aae6a3aec0feba43ca46990ceed894e2dc42000577533da409df494c31d7634c
chipped:massive_raw_copper_block_bricks	giant	chipped:block/massive_raw_copper_block_bricks	minecraft:block/cube_all	chipped:block/raw_copper_block/massive_raw_copper_block_bricks	chipped:block/raw_copper_block/ctm/massive_raw_copper_block_bricks/0	chipped:block/raw_copper_block/ctm/massive_raw_copper_block_bricks/1	chipped:block/raw_copper_block/ctm/massive_raw_copper_block_bricks/2	chipped:block/raw_copper_block/ctm/massive_raw_copper_block_bricks/3	ffd32be8b78a703b67ab6820fec62a08cf74dda7256035a686d9f39d2057e0cd
chipped:massive_raw_gold_block_bricks	giant	chipped:block/massive_raw_gold_block_bricks	minecraft:block/cube_all	chipped:block/raw_gold_block/massive_raw_gold_block_bricks	chipped:block/raw_gold_block/ctm/massive_raw_gold_block_bricks/0	chipped:block/raw_gold_block/ctm/massive_raw_gold_block_bricks/1	chipped:block/raw_gold_block/ctm/massive_raw_gold_block_bricks/2	chipped:block/raw_gold_block/ctm/massive_raw_gold_block_bricks/3	ea39ee68c3b7b17acf01b7aa4e77c06938c119f19bd73bc5c4df4d971bf35e18
chipped:massive_raw_iron_block_bricks	giant	chipped:block/massive_raw_iron_block_bricks	minecraft:block/cube_all	chipped:block/raw_iron_block/massive_raw_iron_block_bricks	chipped:block/raw_iron_block/ctm/massive_raw_iron_block_bricks/0	chipped:block/raw_iron_block/ctm/massive_raw_iron_block_bricks/1	chipped:block/raw_iron_block/ctm/massive_raw_iron_block_bricks/2	chipped:block/raw_iron_block/ctm/massive_raw_iron_block_bricks/3	458ebbdb690bdf919558c1523d3dfa62ed181326ca3405347bad9c1ab404d888
chipped:massive_red_nether_bricks_bricks	giant	chipped:block/massive_red_nether_bricks_bricks	minecraft:block/cube_all	chipped:block/red_nether_bricks/massive_red_nether_bricks_bricks	chipped:block/red_nether_bricks/ctm/massive_red_nether_bricks_bricks/0	chipped:block/red_nether_bricks/ctm/massive_red_nether_bricks_bricks/1	chipped:block/red_nether_bricks/ctm/massive_red_nether_bricks_bricks/2	chipped:block/red_nether_bricks/ctm/massive_red_nether_bricks_bricks/3	1a0de4aa6929dc5202f7f1279d11b2de02aef55be4a8719e8260131ea1560c3b
chipped:massive_red_sandstone_bricks	giant	chipped:block/massive_red_sandstone_bricks	minecraft:block/cube_all	chipped:block/red_sandstone/massive_red_sandstone_bricks	chipped:block/red_sandstone/ctm/massive_red_sandstone_bricks/0	chipped:block/red_sandstone/ctm/massive_red_sandstone_bricks/1	chipped:block/red_sandstone/ctm/massive_red_sandstone_bricks/2	chipped:block/red_sandstone/ctm/massive_red_sandstone_bricks/3	6b6ed26d0c77266e9301b8d2702b642ceb27ff755fb5fca43419433175ab607e
chipped:massive_redstone_block_bricks	giant	chipped:block/massive_redstone_block_bricks	minecraft:block/cube_all	chipped:block/redstone_block/massive_redstone_block_bricks	chipped:block/redstone_block/ctm/massive_redstone_block_bricks/0	chipped:block/redstone_block/ctm/massive_redstone_block_bricks/1	chipped:block/redstone_block/ctm/massive_redstone_block_bricks/2	chipped:block/redstone_block/ctm/massive_redstone_block_bricks/3	7cf39f9405b47e99a755c45e998398722e2b7f179ecad3cd56d281c91bc419bd
chipped:massive_sandstone_bricks	giant	chipped:block/massive_sandstone_bricks	minecraft:block/cube_all	chipped:block/sandstone/massive_sandstone_bricks	chipped:block/sandstone/ctm/massive_sandstone_bricks/0	chipped:block/sandstone/ctm/massive_sandstone_bricks/1	chipped:block/sandstone/ctm/massive_sandstone_bricks/2	chipped:block/sandstone/ctm/massive_sandstone_bricks/3	d29b401cf996df6a1ef04e6beef70c9d82b13a5508d79987c8ed68af59d51b82
chipped:massive_smooth_stone_bricks	giant	chipped:block/massive_smooth_stone_bricks	minecraft:block/cube_all	chipped:block/smooth_stone/massive_smooth_stone_bricks	chipped:block/smooth_stone/ctm/massive_smooth_stone_bricks/0	chipped:block/smooth_stone/ctm/massive_smooth_stone_bricks/1	chipped:block/smooth_stone/ctm/massive_smooth_stone_bricks/2	chipped:block/smooth_stone/ctm/massive_smooth_stone_bricks/3	d749232910043ebdf7a211b0756a3abb5b7fa40c4a1a6ce47b449c1227362315
chipped:massive_snow_block_bricks	giant	chipped:block/massive_snow_block_bricks	minecraft:block/cube_all	chipped:block/snow_block/massive_snow_block_bricks	chipped:block/snow_block/ctm/massive_snow_block_bricks/0	chipped:block/snow_block/ctm/massive_snow_block_bricks/1	chipped:block/snow_block/ctm/massive_snow_block_bricks/2	chipped:block/snow_block/ctm/massive_snow_block_bricks/3	deab25a1f868580875c58f721f5a84b6ae27118ad3d5aef7ff8e496be5a37235
chipped:massive_stone_bricks	giant	chipped:block/massive_stone_bricks	minecraft:block/cube_all	chipped:block/stone/massive_stone_bricks	chipped:block/stone/ctm/massive_stone_bricks/0	chipped:block/stone/ctm/massive_stone_bricks/1	chipped:block/stone/ctm/massive_stone_bricks/2	chipped:block/stone/ctm/massive_stone_bricks/3	2efc5d31a92cd32939f85ad548900ea777955e111d1440d792ca5f41f652ea1e
chipped:massive_tuff_bricks	giant	chipped:block/massive_tuff_bricks	minecraft:block/cube_all	chipped:block/tuff/massive_tuff_bricks	chipped:block/tuff/ctm/massive_tuff_bricks/0	chipped:block/tuff/ctm/massive_tuff_bricks/1	chipped:block/tuff/ctm/massive_tuff_bricks/2	chipped:block/tuff/ctm/massive_tuff_bricks/3	69a2a741eeddcb87ed5b7ca0c66bd33dcf751d6935fc0fe9b174c145746f034a
chipped:natural_acacia_planks	ctm	chipped:block/natural_acacia_planks	minecraft:block/cube_all	chipped:block/acacia_planks/natural_acacia_planks	chipped:block/acacia_planks/ctm/natural_acacia_planks_ctm/0	chipped:block/acacia_planks/ctm/natural_acacia_planks_ctm/3	chipped:block/acacia_planks/ctm/natural_acacia_planks_ctm/1	chipped:block/acacia_planks/ctm/natural_acacia_planks_ctm/2	1b7e47bac82c172cba45fc10a584bb57acfbc685de61af7fd56760bf3a616dab
chipped:natural_bamboo_planks	ctm	chipped:block/natural_bamboo_planks	minecraft:block/cube_all	chipped:block/bamboo_planks/natural_bamboo_planks	chipped:block/bamboo_planks/ctm/common_textures/1	chipped:block/bamboo_planks/ctm/natural_bamboo_planks_ctm/3	chipped:block/bamboo_planks/ctm/common_textures/5	chipped:block/bamboo_planks/ctm/common_textures/6	b8eeb86ce2c0549217aac4d21eeed071ad04144ff84cdcb42859acac2c83dd57
chipped:natural_birch_planks	ctm	chipped:block/natural_birch_planks	minecraft:block/cube_all	chipped:block/birch_planks/natural_birch_planks	chipped:block/birch_planks/ctm/natural_birch_planks_ctm/0	chipped:block/birch_planks/ctm/natural_birch_planks_ctm/3	chipped:block/birch_planks/ctm/natural_birch_planks_ctm/1	chipped:block/birch_planks/ctm/natural_birch_planks_ctm/2	8e1256216d308ed86e53d872e80f49e932e8f86dc55823174c292a886bcef920
chipped:natural_cherry_planks	ctm	chipped:block/natural_cherry_planks	minecraft:block/cube_all	chipped:block/cherry_planks/natural_cherry_planks	chipped:block/cherry_planks/ctm/natural_cherry_planks_ctm/0	chipped:block/cherry_planks/ctm/natural_cherry_planks_ctm/3	chipped:block/cherry_planks/ctm/natural_cherry_planks_ctm/1	chipped:block/cherry_planks/ctm/natural_cherry_planks_ctm/2	d51e68e26c93b732cd9444be6fc20ba6acc3f57a7025e6d7d4a78855910f4172
chipped:natural_crimson_planks	ctm	chipped:block/natural_crimson_planks	minecraft:block/cube_all	chipped:block/crimson_planks/natural_crimson_planks	chipped:block/crimson_planks/ctm/natural_crimson_planks_ctm/0	chipped:block/crimson_planks/ctm/natural_crimson_planks_ctm/3	chipped:block/crimson_planks/ctm/natural_crimson_planks_ctm/1	chipped:block/crimson_planks/ctm/natural_crimson_planks_ctm/2	00244f8789de319e2fbea436caf69aaaf48e1c27c0811a60504af43b5928fd30
chipped:natural_dark_oak_planks	ctm	chipped:block/natural_dark_oak_planks	minecraft:block/cube_all	chipped:block/dark_oak_planks/natural_dark_oak_planks	chipped:block/dark_oak_planks/ctm/natural_dark_oak_planks_ctm/0	chipped:block/dark_oak_planks/ctm/natural_dark_oak_planks_ctm/3	chipped:block/dark_oak_planks/ctm/natural_dark_oak_planks_ctm/1	chipped:block/dark_oak_planks/ctm/natural_dark_oak_planks_ctm/2	146344fac02ef2d084d6b25977ee83909d8579e04f8ce50ff186b4b37fb0b860
chipped:natural_jungle_planks	ctm	chipped:block/natural_jungle_planks	minecraft:block/cube_all	chipped:block/jungle_planks/natural_jungle_planks	chipped:block/jungle_planks/ctm/natural_jungle_planks_ctm/0	chipped:block/jungle_planks/ctm/natural_jungle_planks_ctm/3	chipped:block/jungle_planks/ctm/natural_jungle_planks_ctm/1	chipped:block/jungle_planks/ctm/natural_jungle_planks_ctm/2	0ffaedfe3d289631c0dcc65581a8b96ce4bd6b21a018b1ab6ce4ef352f11b95b
chipped:natural_mangrove_planks	ctm	chipped:block/natural_mangrove_planks	minecraft:block/cube_all	chipped:block/mangrove_planks/natural_mangrove_planks	chipped:block/mangrove_planks/ctm/natural_mangrove_planks_ctm/0	chipped:block/mangrove_planks/ctm/natural_mangrove_planks_ctm/3	chipped:block/mangrove_planks/ctm/natural_mangrove_planks_ctm/1	chipped:block/mangrove_planks/ctm/natural_mangrove_planks_ctm/2	d36790309e0d3eb2cc31b606d113f0341d9acdc402bc0b0f1beed5e0aabfa734
chipped:natural_oak_planks	ctm	chipped:block/natural_oak_planks	minecraft:block/cube_all	chipped:block/oak_planks/natural_oak_planks	chipped:block/oak_planks/ctm/natural_oak_planks_ctm/0	chipped:block/oak_planks/ctm/natural_oak_planks_ctm/3	chipped:block/oak_planks/ctm/natural_oak_planks_ctm/1	chipped:block/oak_planks/ctm/natural_oak_planks_ctm/2	b038c459d270a6bc3ecfe46fbf0e1be4a610c0918adc25e6a9c63185c891cd69
chipped:natural_spruce_planks	ctm	chipped:block/natural_spruce_planks	minecraft:block/cube_all	chipped:block/spruce_planks/natural_spruce_planks	chipped:block/spruce_planks/ctm/natural_spruce_planks_ctm/0	chipped:block/spruce_planks/ctm/natural_spruce_planks_ctm/3	chipped:block/spruce_planks/ctm/natural_spruce_planks_ctm/1	chipped:block/spruce_planks/ctm/natural_spruce_planks_ctm/2	2e59ad87f2cc0eeffbecbad3805c59c011e9524865f93959434305f52058bbc6
chipped:natural_warped_planks	ctm	chipped:block/natural_warped_planks	minecraft:block/cube_all	chipped:block/warped_planks/natural_warped_planks	chipped:block/warped_planks/ctm/natural_warped_planks_ctm/0	chipped:block/warped_planks/ctm/natural_warped_planks_ctm/3	chipped:block/warped_planks/ctm/natural_warped_planks_ctm/1	chipped:block/warped_planks/ctm/natural_warped_planks_ctm/2	18ab5dee6a3e5b68feacd3b352b9df0deb7319c0dda237ffad921cc8ac6a958c
chipped:oak_bared_glass	ctm	chipped:block/oak_bared_glass	minecraft:block/cube_all	chipped:block/glass/oak_bared_glass	chipped:block/glass/ctm/oak_bared_glass_ctm/0	chipped:block/glass/ctm/oak_bared_glass_ctm/3	chipped:block/glass/ctm/oak_bared_glass_ctm/1	chipped:block/glass/ctm/oak_bared_glass_ctm/2	843cc5b1fa88d4fe0675bee1fea6f69c65779112e560c4639dd648c47913cea4
chipped:oak_bared_glass_pane	pane_ctm	chipped:block/oak_bared_glass_pane	minecraft:block/cube_all	chipped:block/glass/oak_bared_glass	chipped:block/glass/ctm/oak_bared_glass_ctm/0	chipped:block/glass/ctm/oak_bared_glass_ctm/3	chipped:block/glass/ctm/oak_bared_glass_ctm/1	chipped:block/glass/ctm/oak_bared_glass_ctm/2	843cc5b1fa88d4fe0675bee1fea6f69c65779112e560c4639dd648c47913cea4
chipped:oak_bordered_glass	ctm	chipped:block/oak_bordered_glass	minecraft:block/cube_all	chipped:block/glass/oak_bordered_glass	chipped:block/glass/ctm/oak_bordered_glass_ctm/0	chipped:block/glass/ctm/oak_bordered_glass_ctm/3	chipped:block/glass/ctm/oak_bordered_glass_ctm/1	chipped:block/glass/ctm/oak_bordered_glass_ctm/2	195880f2123fa8dcfd5b22d6d5a7abc2e9cd8a9fe34ead789a32e72e23273812
chipped:oak_bordered_glass_pane	pane_ctm	chipped:block/oak_bordered_glass_pane	minecraft:block/cube_all	chipped:block/glass/oak_bordered_glass	chipped:block/glass/ctm/oak_bordered_glass_ctm/0	chipped:block/glass/ctm/oak_bordered_glass_ctm/3	chipped:block/glass/ctm/oak_bordered_glass_ctm/1	chipped:block/glass/ctm/oak_bordered_glass_ctm/2	195880f2123fa8dcfd5b22d6d5a7abc2e9cd8a9fe34ead789a32e72e23273812
chipped:oak_diamond_bordered_glass	ctm	chipped:block/oak_diamond_bordered_glass	minecraft:block/cube_all	chipped:block/glass/oak_diamond_bordered_glass	chipped:block/glass/ctm/oak_diamond_bordered_glass_ctm/0	chipped:block/glass/ctm/oak_diamond_bordered_glass_ctm/3	chipped:block/glass/ctm/oak_diamond_bordered_glass_ctm/1	chipped:block/glass/ctm/oak_diamond_bordered_glass_ctm/2	d6849e1af57657cdd8e8f81e36a54545800c02b202a4090a549a06c496c5b8e0
chipped:oak_diamond_bordered_glass_pane	pane_ctm	chipped:block/oak_diamond_bordered_glass_pane	minecraft:block/cube_all	chipped:block/glass/oak_diamond_bordered_glass	chipped:block/glass/ctm/oak_diamond_bordered_glass_ctm/0	chipped:block/glass/ctm/oak_diamond_bordered_glass_ctm/3	chipped:block/glass/ctm/oak_diamond_bordered_glass_ctm/1	chipped:block/glass/ctm/oak_diamond_bordered_glass_ctm/2	d6849e1af57657cdd8e8f81e36a54545800c02b202a4090a549a06c496c5b8e0
chipped:oak_horizontal_lined_glass	ctm	chipped:block/oak_horizontal_lined_glass	minecraft:block/cube_all	chipped:block/glass/oak_horizontal_lined_glass	chipped:block/glass/ctm/oak_horizontal_lined_glass_ctm/0	chipped:block/glass/ctm/oak_horizontal_lined_glass_ctm/3	chipped:block/glass/ctm/oak_horizontal_lined_glass_ctm/1	chipped:block/glass/ctm/oak_horizontal_lined_glass_ctm/2	f58cfab3e84b4eee3042d1778562f8c6e1a18b8151499d55ddf0453e812c668e
chipped:oak_horizontal_lined_glass_pane	pane_ctm	chipped:block/oak_horizontal_lined_glass_pane	minecraft:block/cube_all	chipped:block/glass/oak_horizontal_lined_glass	chipped:block/glass/ctm/oak_horizontal_lined_glass_ctm/0	chipped:block/glass/ctm/oak_horizontal_lined_glass_ctm/3	chipped:block/glass/ctm/oak_horizontal_lined_glass_ctm/1	chipped:block/glass/ctm/oak_horizontal_lined_glass_ctm/2	f58cfab3e84b4eee3042d1778562f8c6e1a18b8151499d55ddf0453e812c668e
chipped:oak_large_diamond_glass	ctm	chipped:block/oak_large_diamond_glass	minecraft:block/cube_all	chipped:block/glass/oak_large_diamond_glass	chipped:block/glass/ctm/oak_large_diamond_glass_ctm/0	chipped:block/glass/ctm/oak_large_diamond_glass_ctm/3	chipped:block/glass/ctm/oak_large_diamond_glass_ctm/1	chipped:block/glass/ctm/oak_large_diamond_glass_ctm/2	4131be79524d18c079ce537ee2c0941bad3db9cf7257a37f9fbf41773d136bab
chipped:oak_large_diamond_glass_pane	pane_ctm	chipped:block/oak_large_diamond_glass_pane	minecraft:block/cube_all	chipped:block/glass/oak_large_diamond_glass	chipped:block/glass/ctm/oak_large_diamond_glass_ctm/0	chipped:block/glass/ctm/oak_large_diamond_glass_ctm/3	chipped:block/glass/ctm/oak_large_diamond_glass_ctm/1	chipped:block/glass/ctm/oak_large_diamond_glass_ctm/2	4131be79524d18c079ce537ee2c0941bad3db9cf7257a37f9fbf41773d136bab
chipped:oak_line_bared_glass	ctm	chipped:block/oak_line_bared_glass	minecraft:block/cube_all	chipped:block/glass/oak_line_bared_glass	chipped:block/glass/ctm/oak_line_bared_glass_ctm/0	chipped:block/glass/ctm/oak_line_bared_glass_ctm/3	chipped:block/glass/ctm/oak_line_bared_glass_ctm/1	chipped:block/glass/ctm/oak_line_bared_glass_ctm/2	32ee3903f59fa7e310b8e94310ce1c34d4dd5d44b7384389c6c4a03e3842e839
chipped:oak_line_bared_glass_pane	pane_ctm	chipped:block/oak_line_bared_glass_pane	minecraft:block/cube_all	chipped:block/glass/oak_line_bared_glass	chipped:block/glass/ctm/oak_line_bared_glass_ctm/0	chipped:block/glass/ctm/oak_line_bared_glass_ctm/3	chipped:block/glass/ctm/oak_line_bared_glass_ctm/1	chipped:block/glass/ctm/oak_line_bared_glass_ctm/2	32ee3903f59fa7e310b8e94310ce1c34d4dd5d44b7384389c6c4a03e3842e839
chipped:oak_ornate_bared_glass	ctm	chipped:block/oak_ornate_bared_glass	minecraft:block/cube_all	chipped:block/glass/oak_ornate_bared_glass	chipped:block/glass/ctm/oak_ornate_bared_glass_ctm/0	chipped:block/glass/ctm/oak_ornate_bared_glass_ctm/3	chipped:block/glass/ctm/oak_ornate_bared_glass_ctm/1	chipped:block/glass/ctm/oak_ornate_bared_glass_ctm/2	ed5a303ed316f31ae466da9c602a7c1a6dcd5041cc722a495b00ed8b8869ff79
chipped:oak_ornate_bared_glass_pane	pane_ctm	chipped:block/oak_ornate_bared_glass_pane	minecraft:block/cube_all	chipped:block/glass/oak_ornate_bared_glass	chipped:block/glass/ctm/oak_ornate_bared_glass_ctm/0	chipped:block/glass/ctm/oak_ornate_bared_glass_ctm/3	chipped:block/glass/ctm/oak_ornate_bared_glass_ctm/1	chipped:block/glass/ctm/oak_ornate_bared_glass_ctm/2	ed5a303ed316f31ae466da9c602a7c1a6dcd5041cc722a495b00ed8b8869ff79
chipped:oak_planks_panel	ctm	chipped:block/oak_planks_panel	minecraft:block/cube_all	chipped:block/oak_planks/oak_planks_panel	chipped:block/oak_planks/ctm/oak_planks_panel_ctm/0	chipped:block/oak_planks/ctm/oak_planks_panel_ctm/3	chipped:block/oak_planks/ctm/oak_planks_panel_ctm/1	chipped:block/oak_planks/ctm/oak_planks_panel_ctm/2	3bcb0b2cc59f2651cd8bac139870bb03d1de606ff2a85d7f7beca0ef47e66f7d
chipped:oak_woven_glass	ctm	chipped:block/oak_woven_glass	minecraft:block/cube_all	chipped:block/glass/oak_woven_glass	chipped:block/glass/ctm/oak_woven_glass_ctm/0	chipped:block/glass/ctm/oak_woven_glass_ctm/3	chipped:block/glass/ctm/oak_woven_glass_ctm/1	chipped:block/glass/ctm/oak_woven_glass_ctm/2	73ae061a2b928d049d2f5bf54c70d9537ac149d298ba5b29edc50202dbdc9e99
chipped:oak_woven_glass_pane	pane_ctm	chipped:block/oak_woven_glass_pane	minecraft:block/cube_all	chipped:block/glass/oak_woven_glass	chipped:block/glass/ctm/oak_woven_glass_ctm/0	chipped:block/glass/ctm/oak_woven_glass_ctm/3	chipped:block/glass/ctm/oak_woven_glass_ctm/1	chipped:block/glass/ctm/oak_woven_glass_ctm/2	73ae061a2b928d049d2f5bf54c70d9537ac149d298ba5b29edc50202dbdc9e99
chipped:orange_concrete_panel	ctm	chipped:block/orange_concrete_panel	minecraft:block/cube_all	chipped:block/orange_concrete/orange_concrete_panel	chipped:block/orange_concrete/ctm/common_textures/0	chipped:block/orange_concrete/ctm/orange_concrete_panel_ctm/3	chipped:block/orange_concrete/ctm/orange_concrete_panel_ctm/1	chipped:block/orange_concrete/ctm/orange_concrete_panel_ctm/2	4e5eafa09a5e9da363cc2f5224ef34ed1804c9c1f911a95c3295ce63dac35b65
chipped:orange_concrete_pillar	pillar	chipped:block/orange_concrete_pillar	minecraft:block/cube_column	chipped:block/orange_concrete/orange_concrete_pillar	chipped:block/orange_concrete/ctm/orange_concrete_pillar/0	chipped:block/orange_concrete/ctm/orange_concrete_pillar/1	chipped:block/orange_concrete/ctm/common_textures/1	chipped:block/orange_concrete/ctm/orange_concrete_pillar/3	78defd4f2685ec5ac5ddf1fce868d0f0c1fda0dfe63da36684711cf110b271a4
chipped:orange_terracotta_column	pillar	chipped:block/orange_terracotta_column	minecraft:block/cube_column	chipped:block/orange_terracotta/orange_terracotta_column	chipped:block/orange_terracotta/ctm/orange_terracotta_column/0	chipped:block/orange_terracotta/ctm/orange_terracotta_column/1	chipped:block/orange_terracotta/ctm/orange_terracotta_column/2	chipped:block/orange_terracotta/ctm/orange_terracotta_column/3	5893f29d747111d68d2b8dfc19fd09a0cc263a0dde2f58eb23c3d6d95e4ac21b
chipped:orange_terracotta_pillar	pillar	chipped:block/orange_terracotta_pillar	minecraft:block/cube_column	chipped:block/orange_terracotta/orange_terracotta_pillar	chipped:block/orange_terracotta/ctm/orange_terracotta_pillar/0	chipped:block/orange_terracotta/ctm/orange_terracotta_pillar/1	chipped:block/orange_terracotta/ctm/orange_terracotta_pillar/2	chipped:block/orange_terracotta/ctm/orange_terracotta_pillar/3	6696412bbff1b0e772a9d04da7fb8720b90eef87283158ae1928eba78c2f1242
chipped:ornate_amethyst_block_pillar	pillar	chipped:block/ornate_amethyst_block_pillar	minecraft:block/cube_column	chipped:block/amethyst_block/ornate_amethyst_block_pillar	chipped:block/amethyst_block/ctm/ornate_amethyst_block_pillar/0	chipped:block/amethyst_block/ctm/ornate_amethyst_block_pillar/1	chipped:block/amethyst_block/ctm/common_textures/3	chipped:block/amethyst_block/ctm/ornate_amethyst_block_pillar/3	79d830c943608ac509898551b896828cfefe18bccea4ab66b6705f578fb39ea0
chipped:ornate_ancient_debris_pillar	pillar	chipped:block/ornate_ancient_debris_pillar	minecraft:block/cube_column	chipped:block/ancient_debris/ornate_ancient_debris_pillar	chipped:block/ancient_debris/ctm/ornate_ancient_debris_pillar/0	chipped:block/ancient_debris/ctm/ornate_ancient_debris_pillar/1	chipped:block/ancient_debris/ctm/common_textures/3	chipped:block/ancient_debris/ctm/ornate_ancient_debris_pillar/3	993330c5d62e1f717f038a51536717e58862501e117b748731877473805b5048
chipped:ornate_andesite_pillar	pillar	chipped:block/ornate_andesite_pillar	minecraft:block/cube_column	chipped:block/andesite/ornate_andesite_pillar	chipped:block/andesite/ctm/ornate_andesite_pillar/0	chipped:block/andesite/ctm/ornate_andesite_pillar/1	chipped:block/andesite/ctm/common_textures/3	chipped:block/andesite/ctm/ornate_andesite_pillar/3	ab0d0dd8166dc2e3105e2a4aadcc913a30620d738d9fe6d19a1d82b9cc7e5f9e
chipped:ornate_basalt_pillar	pillar	chipped:block/ornate_basalt_pillar	minecraft:block/cube_column	chipped:block/basalt/ornate_basalt_pillar	chipped:block/basalt/ctm/ornate_basalt_pillar/0	chipped:block/basalt/ctm/ornate_basalt_pillar/1	chipped:block/basalt/ctm/common_textures/2	chipped:block/basalt/ctm/ornate_basalt_pillar/3	dfed615c13dab3d3200c4c5ce1b4034bcbb7d1043a7ec7001d3b40185dad74eb
chipped:ornate_black_stained_glass	ctm	chipped:block/ornate_black_stained_glass	minecraft:block/cube_all	chipped:block/black_stained_glass/ornate_black_stained_glass	chipped:block/black_stained_glass/ctm/ornate_black_stained_glass_ctm/0	chipped:block/black_stained_glass/ctm/ornate_black_stained_glass_ctm/3	chipped:block/black_stained_glass/ctm/ornate_black_stained_glass_ctm/1	chipped:block/black_stained_glass/ctm/ornate_black_stained_glass_ctm/2	daccd2278cb5a06ff953e9c8ec700de999d8d8518c25b4b2c12131dca660f67d
chipped:ornate_black_stained_glass_pane	pane_ctm	chipped:block/ornate_black_stained_glass_pane	minecraft:block/cube_all	chipped:block/black_stained_glass/ornate_black_stained_glass	chipped:block/black_stained_glass/ctm/ornate_black_stained_glass_ctm/0	chipped:block/black_stained_glass/ctm/ornate_black_stained_glass_ctm/3	chipped:block/black_stained_glass/ctm/ornate_black_stained_glass_ctm/1	chipped:block/black_stained_glass/ctm/ornate_black_stained_glass_ctm/2	daccd2278cb5a06ff953e9c8ec700de999d8d8518c25b4b2c12131dca660f67d
chipped:ornate_blackstone_pillar	pillar	chipped:block/ornate_blackstone_pillar	minecraft:block/cube_column	chipped:block/blackstone/ornate_blackstone_pillar	chipped:block/blackstone/ctm/ornate_blackstone_pillar/0	chipped:block/blackstone/ctm/ornate_blackstone_pillar/1	chipped:block/blackstone/ctm/common_textures/2	chipped:block/blackstone/ctm/ornate_blackstone_pillar/3	a7f4aff4a4077f89795a8b56df33cf86740021da9e1dea7f0e2fc5472b1329c6
chipped:ornate_blue_ice_pillar	pillar	chipped:block/ornate_blue_ice_pillar	minecraft:block/cube_column	chipped:block/blue_ice/ornate_blue_ice_pillar	chipped:block/blue_ice/ctm/ornate_blue_ice_pillar/0	chipped:block/blue_ice/ctm/ornate_blue_ice_pillar/1	chipped:block/blue_ice/ctm/common_textures/3	chipped:block/blue_ice/ctm/ornate_blue_ice_pillar/3	75a64e7cbf95ae2533a03936df77576df220877e083286a8b901007cf3021a2d
chipped:ornate_blue_stained_glass	ctm	chipped:block/ornate_blue_stained_glass	minecraft:block/cube_all	chipped:block/blue_stained_glass/ornate_blue_stained_glass	chipped:block/blue_stained_glass/ctm/ornate_blue_stained_glass_ctm/0	chipped:block/blue_stained_glass/ctm/ornate_blue_stained_glass_ctm/3	chipped:block/blue_stained_glass/ctm/ornate_blue_stained_glass_ctm/1	chipped:block/blue_stained_glass/ctm/ornate_blue_stained_glass_ctm/2	9cecd3ca81c0333b7a03972b0cd49fb9cc23d2ef6a77bcb694adc0ead2d18345
chipped:ornate_blue_stained_glass_pane	pane_ctm	chipped:block/ornate_blue_stained_glass_pane	minecraft:block/cube_all	chipped:block/blue_stained_glass/ornate_blue_stained_glass	chipped:block/blue_stained_glass/ctm/ornate_blue_stained_glass_ctm/0	chipped:block/blue_stained_glass/ctm/ornate_blue_stained_glass_ctm/3	chipped:block/blue_stained_glass/ctm/ornate_blue_stained_glass_ctm/1	chipped:block/blue_stained_glass/ctm/ornate_blue_stained_glass_ctm/2	9cecd3ca81c0333b7a03972b0cd49fb9cc23d2ef6a77bcb694adc0ead2d18345
chipped:ornate_borderless_bricks_pillar	pillar	chipped:block/ornate_borderless_bricks_pillar	minecraft:block/cube_column	chipped:block/borderless_bricks/ornate_borderless_bricks_pillar	chipped:block/borderless_bricks/ctm/ornate_borderless_bricks_pillar/0	chipped:block/borderless_bricks/ctm/ornate_borderless_bricks_pillar/1	chipped:block/borderless_bricks/ctm/common_textures/3	chipped:block/borderless_bricks/ctm/ornate_borderless_bricks_pillar/3	2244c44e7143705b041543f59bc963ad897283c186d15111dd59513aa2d505d3
chipped:ornate_bricks_pillar	pillar	chipped:block/ornate_bricks_pillar	minecraft:block/cube_column	chipped:block/bricks/ornate_bricks_pillar	chipped:block/bricks/ctm/ornate_bricks_pillar/0	chipped:block/bricks/ctm/ornate_bricks_pillar/1	chipped:block/bricks/ctm/common_textures/2	chipped:block/bricks/ctm/ornate_bricks_pillar/3	750c9ae4454257b5163948a869f6e36d0051fb733e11431d87280c9a38de6a4c
chipped:ornate_brown_stained_glass	ctm	chipped:block/ornate_brown_stained_glass	minecraft:block/cube_all	chipped:block/brown_stained_glass/ornate_brown_stained_glass	chipped:block/brown_stained_glass/ctm/ornate_brown_stained_glass_ctm/0	chipped:block/brown_stained_glass/ctm/ornate_brown_stained_glass_ctm/3	chipped:block/brown_stained_glass/ctm/ornate_brown_stained_glass_ctm/1	chipped:block/brown_stained_glass/ctm/ornate_brown_stained_glass_ctm/2	505d744c9e2664bf55052f807717a4e9f643839ba032d0480252b9ceb4ee21a2
chipped:ornate_brown_stained_glass_pane	pane_ctm	chipped:block/ornate_brown_stained_glass_pane	minecraft:block/cube_all	chipped:block/brown_stained_glass/ornate_brown_stained_glass	chipped:block/brown_stained_glass/ctm/ornate_brown_stained_glass_ctm/0	chipped:block/brown_stained_glass/ctm/ornate_brown_stained_glass_ctm/3	chipped:block/brown_stained_glass/ctm/ornate_brown_stained_glass_ctm/1	chipped:block/brown_stained_glass/ctm/ornate_brown_stained_glass_ctm/2	505d744c9e2664bf55052f807717a4e9f643839ba032d0480252b9ceb4ee21a2
chipped:ornate_calcite_pillar	pillar	chipped:block/ornate_calcite_pillar	minecraft:block/cube_column	chipped:block/calcite/ornate_calcite_pillar	chipped:block/calcite/ctm/ornate_calcite_pillar/0	chipped:block/calcite/ctm/ornate_calcite_pillar/1	chipped:block/calcite/ctm/common_textures/3	chipped:block/calcite/ctm/ornate_calcite_pillar/3	138fe88c50937fb0aa83ba784048caab16998ef909783bf6761e590125a7bc3a
chipped:ornate_clay_pillar	pillar	chipped:block/ornate_clay_pillar	minecraft:block/cube_column	chipped:block/clay/ornate_clay_pillar	chipped:block/clay/ctm/ornate_clay_pillar/0	chipped:block/clay/ctm/ornate_clay_pillar/1	chipped:block/clay/ctm/common_textures/3	chipped:block/clay/ctm/ornate_clay_pillar/3	eb3cf1404fe440c649098c817e70e22a4ef21350f1a07989a6f9d9ff923652de
chipped:ornate_coal_block_pillar	pillar	chipped:block/ornate_coal_block_pillar	minecraft:block/cube_column	chipped:block/coal_block/ornate_coal_block_pillar	chipped:block/coal_block/ctm/ornate_coal_block_pillar/0	chipped:block/coal_block/ctm/ornate_coal_block_pillar/1	chipped:block/coal_block/ctm/common_textures/3	chipped:block/coal_block/ctm/ornate_coal_block_pillar/3	07f8e9efd681781b21db5e41690f1f96f0cfe35efa0880f417d76fc52d044afe
chipped:ornate_cobblestone_pillar	pillar	chipped:block/ornate_cobblestone_pillar	minecraft:block/cube_column	chipped:block/cobblestone/ornate_cobblestone_pillar	chipped:block/cobblestone/ctm/ornate_cobblestone_pillar/0	chipped:block/cobblestone/ctm/ornate_cobblestone_pillar/1	chipped:block/cobblestone/ctm/common_textures/3	chipped:block/cobblestone/ctm/ornate_cobblestone_pillar/3	f3d7dee56e6ee6226d7e00c78e848f67b1efc42c74fb14347e3d6d55eaf55e9a
chipped:ornate_crying_obsidian_pillar	pillar	chipped:block/ornate_crying_obsidian_pillar	minecraft:block/cube_column	chipped:block/crying_obsidian/ornate_crying_obsidian_pillar	chipped:block/crying_obsidian/ctm/ornate_crying_obsidian_pillar/0	chipped:block/crying_obsidian/ctm/ornate_crying_obsidian_pillar/1	chipped:block/crying_obsidian/ctm/common_textures/2	chipped:block/crying_obsidian/ctm/ornate_crying_obsidian_pillar/3	13a7aef76a0b258d5c81cfd4ef4c5965330017c64c9fca894c8f17a11e610d5f
chipped:ornate_cyan_stained_glass	ctm	chipped:block/ornate_cyan_stained_glass	minecraft:block/cube_all	chipped:block/cyan_stained_glass/ornate_cyan_stained_glass	chipped:block/cyan_stained_glass/ctm/ornate_cyan_stained_glass_ctm/0	chipped:block/cyan_stained_glass/ctm/ornate_cyan_stained_glass_ctm/3	chipped:block/cyan_stained_glass/ctm/ornate_cyan_stained_glass_ctm/1	chipped:block/cyan_stained_glass/ctm/ornate_cyan_stained_glass_ctm/2	aa1280d46385ab724fd20b40f28e6c484129998ac971db2e9089cf1787475ced
chipped:ornate_cyan_stained_glass_pane	pane_ctm	chipped:block/ornate_cyan_stained_glass_pane	minecraft:block/cube_all	chipped:block/cyan_stained_glass/ornate_cyan_stained_glass	chipped:block/cyan_stained_glass/ctm/ornate_cyan_stained_glass_ctm/0	chipped:block/cyan_stained_glass/ctm/ornate_cyan_stained_glass_ctm/3	chipped:block/cyan_stained_glass/ctm/ornate_cyan_stained_glass_ctm/1	chipped:block/cyan_stained_glass/ctm/ornate_cyan_stained_glass_ctm/2	aa1280d46385ab724fd20b40f28e6c484129998ac971db2e9089cf1787475ced
chipped:ornate_dark_prismarine_pillar	pillar	chipped:block/ornate_dark_prismarine_pillar	minecraft:block/cube_column	chipped:block/dark_prismarine/ornate_dark_prismarine_pillar	chipped:block/dark_prismarine/ctm/ornate_dark_prismarine_pillar/0	chipped:block/dark_prismarine/ctm/ornate_dark_prismarine_pillar/1	chipped:block/dark_prismarine/ctm/common_textures/3	chipped:block/dark_prismarine/ctm/ornate_dark_prismarine_pillar/3	6210cd0918e4a04b0dc74243c0a8dad9619da1ab9c4225f9e9241c7b9ddc315e
chipped:ornate_deepslate_pillar	pillar	chipped:block/ornate_deepslate_pillar	minecraft:block/cube_column	chipped:block/deepslate/ornate_deepslate_pillar	chipped:block/deepslate/ctm/ornate_deepslate_pillar/0	chipped:block/deepslate/ctm/ornate_deepslate_pillar/1	chipped:block/deepslate/ctm/common_textures/3	chipped:block/deepslate/ctm/ornate_deepslate_pillar/3	cd3fa0dff6ad9dc2578fb72b3accb75f657742bc8fa20fc41cc4b65ac14cf39f
chipped:ornate_diorite_pillar	pillar	chipped:block/ornate_diorite_pillar	minecraft:block/cube_column	chipped:block/diorite/ornate_diorite_pillar	chipped:block/diorite/ctm/ornate_diorite_pillar/0	chipped:block/diorite/ctm/ornate_diorite_pillar/1	chipped:block/diorite/ctm/common_textures/3	chipped:block/diorite/ctm/ornate_diorite_pillar/3	3f6eb914991529907b096ff0deba468550c6a9a16e40711bf4c427c0860266f8
chipped:ornate_dirt_pillar	pillar	chipped:block/ornate_dirt_pillar	minecraft:block/cube_column	chipped:block/dirt/ornate_dirt_pillar	chipped:block/dirt/ctm/ornate_dirt_pillar/0	chipped:block/dirt/ctm/ornate_dirt_pillar/1	chipped:block/dirt/ctm/ornate_dirt_pillar/2	chipped:block/dirt/ctm/ornate_dirt_pillar/3	0bd60daad3ebcb5fc4b16c17819693761fd8afca74cad16fca69995fea0de71d
chipped:ornate_dripstone_block_pillar	pillar	chipped:block/ornate_dripstone_block_pillar	minecraft:block/cube_column	chipped:block/dripstone_block/ornate_dripstone_block_pillar	chipped:block/dripstone_block/ctm/ornate_dripstone_block_pillar/0	chipped:block/dripstone_block/ctm/ornate_dripstone_block_pillar/1	chipped:block/dripstone_block/ctm/common_textures/3	chipped:block/dripstone_block/ctm/ornate_dripstone_block_pillar/3	5775642c39967ff63818db6b1a0c82a341b6ca895af273e092b12b34e38a5ff2
chipped:ornate_end_stone_pillar	pillar	chipped:block/ornate_end_stone_pillar	minecraft:block/cube_column	chipped:block/end_stone/ornate_end_stone_pillar	chipped:block/end_stone/ctm/ornate_end_stone_pillar/0	chipped:block/end_stone/ctm/ornate_end_stone_pillar/1	chipped:block/end_stone/ctm/common_textures/3	chipped:block/end_stone/ctm/ornate_end_stone_pillar/3	57d74c1cdd31ec316ce7d6db1354cee3554fea2cbdd1d17c1cfb44e69883a1ba
chipped:ornate_gilded_blackstone_pillar	pillar	chipped:block/ornate_gilded_blackstone_pillar	minecraft:block/cube_column	chipped:block/gilded_blackstone/ornate_gilded_blackstone_pillar	chipped:block/gilded_blackstone/ctm/ornate_gilded_blackstone_pillar/0	chipped:block/gilded_blackstone/ctm/ornate_gilded_blackstone_pillar/1	chipped:block/gilded_blackstone/ctm/common_textures/2	chipped:block/gilded_blackstone/ctm/ornate_gilded_blackstone_pillar/3	0821846c781fc6f7d3a39f5fec2c7489d514890f6b2d8e112100e4cd93e6b930
chipped:ornate_granite_pillar	pillar	chipped:block/ornate_granite_pillar	minecraft:block/cube_column	chipped:block/granite/ornate_granite_pillar	chipped:block/granite/ctm/ornate_granite_pillar/0	chipped:block/granite/ctm/ornate_granite_pillar/1	chipped:block/granite/ctm/common_textures/3	chipped:block/granite/ctm/ornate_granite_pillar/3	cd69c82c6959ea4ddc13089d1ab1afe72a729135e5d7dd1b115cb9f287f00059
chipped:ornate_gray_stained_glass	ctm	chipped:block/ornate_gray_stained_glass	minecraft:block/cube_all	chipped:block/gray_stained_glass/ornate_gray_stained_glass	chipped:block/gray_stained_glass/ctm/ornate_gray_stained_glass_ctm/0	chipped:block/gray_stained_glass/ctm/ornate_gray_stained_glass_ctm/3	chipped:block/gray_stained_glass/ctm/ornate_gray_stained_glass_ctm/1	chipped:block/gray_stained_glass/ctm/ornate_gray_stained_glass_ctm/2	e731b69720526f9000182858d5168d0a2ec90217778a8cd12dfb82481f346e27
chipped:ornate_gray_stained_glass_pane	pane_ctm	chipped:block/ornate_gray_stained_glass_pane	minecraft:block/cube_all	chipped:block/gray_stained_glass/ornate_gray_stained_glass	chipped:block/gray_stained_glass/ctm/ornate_gray_stained_glass_ctm/0	chipped:block/gray_stained_glass/ctm/ornate_gray_stained_glass_ctm/3	chipped:block/gray_stained_glass/ctm/ornate_gray_stained_glass_ctm/1	chipped:block/gray_stained_glass/ctm/ornate_gray_stained_glass_ctm/2	e731b69720526f9000182858d5168d0a2ec90217778a8cd12dfb82481f346e27
chipped:ornate_green_stained_glass	ctm	chipped:block/ornate_green_stained_glass	minecraft:block/cube_all	chipped:block/green_stained_glass/ornate_green_stained_glass	chipped:block/green_stained_glass/ctm/ornate_green_stained_glass_ctm/0	chipped:block/green_stained_glass/ctm/ornate_green_stained_glass_ctm/3	chipped:block/green_stained_glass/ctm/ornate_green_stained_glass_ctm/1	chipped:block/green_stained_glass/ctm/ornate_green_stained_glass_ctm/2	edaf096a58ec8294ab6b324045daa0eb6b68c7a8dd97c10e8bc2f49562b76a8f
chipped:ornate_green_stained_glass_pane	pane_ctm	chipped:block/ornate_green_stained_glass_pane	minecraft:block/cube_all	chipped:block/green_stained_glass/ornate_green_stained_glass	chipped:block/green_stained_glass/ctm/ornate_green_stained_glass_ctm/0	chipped:block/green_stained_glass/ctm/ornate_green_stained_glass_ctm/3	chipped:block/green_stained_glass/ctm/ornate_green_stained_glass_ctm/1	chipped:block/green_stained_glass/ctm/ornate_green_stained_glass_ctm/2	edaf096a58ec8294ab6b324045daa0eb6b68c7a8dd97c10e8bc2f49562b76a8f
chipped:ornate_ice_pillar	pillar	chipped:block/ornate_ice_pillar	minecraft:block/cube_column	chipped:block/ice/ornate_ice_pillar	chipped:block/ice/ctm/ornate_ice_pillar/0	chipped:block/ice/ctm/ornate_ice_pillar/1	chipped:block/ice/ctm/common_textures/3	chipped:block/ice/ctm/ornate_ice_pillar/3	7b8ee79df0c5c6709ac33f58df19e56f413f4e0367fa7c110c14e64c19f434da
chipped:ornate_lapis_block_pillar	pillar	chipped:block/ornate_lapis_block_pillar	minecraft:block/cube_column	chipped:block/lapis_block/ornate_lapis_block_pillar	chipped:block/lapis_block/ctm/ornate_lapis_block_pillar/0	chipped:block/lapis_block/ctm/ornate_lapis_block_pillar/1	chipped:block/lapis_block/ctm/common_textures/3	chipped:block/lapis_block/ctm/ornate_lapis_block_pillar/3	e1e3936c90aba899ae955561d55d4c1dcaf1115d9a31eb643e45a5b4526cdfee
chipped:ornate_leaded_glass	ctm	chipped:block/ornate_leaded_glass	minecraft:block/cube_all	chipped:block/glass/ornate_leaded_glass	chipped:block/glass/ctm/ornate_leaded_glass_ctm/0	chipped:block/glass/ctm/ornate_leaded_glass_ctm/3	chipped:block/glass/ctm/ornate_leaded_glass_ctm/1	chipped:block/glass/ctm/ornate_leaded_glass_ctm/2	a1e1d63216f5701ebe1e4f164a5730ec7039d36961fb5cede9b48caf20cce39c
chipped:ornate_leaded_glass_pane	pane_ctm	chipped:block/ornate_leaded_glass_pane	minecraft:block/cube_all	chipped:block/glass/ornate_leaded_glass	chipped:block/glass/ctm/ornate_leaded_glass_ctm/0	chipped:block/glass/ctm/ornate_leaded_glass_ctm/3	chipped:block/glass/ctm/ornate_leaded_glass_ctm/1	chipped:block/glass/ctm/ornate_leaded_glass_ctm/2	a1e1d63216f5701ebe1e4f164a5730ec7039d36961fb5cede9b48caf20cce39c
chipped:ornate_light_blue_stained_glass	ctm	chipped:block/ornate_light_blue_stained_glass	minecraft:block/cube_all	chipped:block/light_blue_stained_glass/ornate_light_blue_stained_glass	chipped:block/light_blue_stained_glass/ctm/ornate_light_blue_stained_glass_ctm/0	chipped:block/light_blue_stained_glass/ctm/ornate_light_blue_stained_glass_ctm/3	chipped:block/light_blue_stained_glass/ctm/ornate_light_blue_stained_glass_ctm/1	chipped:block/light_blue_stained_glass/ctm/ornate_light_blue_stained_glass_ctm/2	32653535921e3dc0c69b34ffbdc0bc451d548bf8aff6bf009d018809ac3f3f3a
chipped:ornate_light_blue_stained_glass_pane	pane_ctm	chipped:block/ornate_light_blue_stained_glass_pane	minecraft:block/cube_all	chipped:block/light_blue_stained_glass/ornate_light_blue_stained_glass	chipped:block/light_blue_stained_glass/ctm/ornate_light_blue_stained_glass_ctm/0	chipped:block/light_blue_stained_glass/ctm/ornate_light_blue_stained_glass_ctm/3	chipped:block/light_blue_stained_glass/ctm/ornate_light_blue_stained_glass_ctm/1	chipped:block/light_blue_stained_glass/ctm/ornate_light_blue_stained_glass_ctm/2	32653535921e3dc0c69b34ffbdc0bc451d548bf8aff6bf009d018809ac3f3f3a
chipped:ornate_light_gray_stained_glass	ctm	chipped:block/ornate_light_gray_stained_glass	minecraft:block/cube_all	chipped:block/light_gray_stained_glass/ornate_light_gray_stained_glass	chipped:block/light_gray_stained_glass/ctm/ornate_light_gray_stained_glass_ctm/0	chipped:block/light_gray_stained_glass/ctm/ornate_light_gray_stained_glass_ctm/3	chipped:block/light_gray_stained_glass/ctm/ornate_light_gray_stained_glass_ctm/1	chipped:block/light_gray_stained_glass/ctm/ornate_light_gray_stained_glass_ctm/2	42134ada6bd4c2d3fe591f1ba624fd9ccc9dc2e2b2c15520f91e220259d52e51
chipped:ornate_light_gray_stained_glass_pane	pane_ctm	chipped:block/ornate_light_gray_stained_glass_pane	minecraft:block/cube_all	chipped:block/light_gray_stained_glass/ornate_light_gray_stained_glass	chipped:block/light_gray_stained_glass/ctm/ornate_light_gray_stained_glass_ctm/0	chipped:block/light_gray_stained_glass/ctm/ornate_light_gray_stained_glass_ctm/3	chipped:block/light_gray_stained_glass/ctm/ornate_light_gray_stained_glass_ctm/1	chipped:block/light_gray_stained_glass/ctm/ornate_light_gray_stained_glass_ctm/2	42134ada6bd4c2d3fe591f1ba624fd9ccc9dc2e2b2c15520f91e220259d52e51
chipped:ornate_lime_stained_glass	ctm	chipped:block/ornate_lime_stained_glass	minecraft:block/cube_all	chipped:block/lime_stained_glass/ornate_lime_stained_glass	chipped:block/lime_stained_glass/ctm/ornate_lime_stained_glass_ctm/0	chipped:block/lime_stained_glass/ctm/ornate_lime_stained_glass_ctm/3	chipped:block/lime_stained_glass/ctm/ornate_lime_stained_glass_ctm/1	chipped:block/lime_stained_glass/ctm/ornate_lime_stained_glass_ctm/2	28350e3e00f2157118b8ff96937241a0c870eea707dfb816cbbc1ca243065a56
chipped:ornate_lime_stained_glass_pane	pane_ctm	chipped:block/ornate_lime_stained_glass_pane	minecraft:block/cube_all	chipped:block/lime_stained_glass/ornate_lime_stained_glass	chipped:block/lime_stained_glass/ctm/ornate_lime_stained_glass_ctm/0	chipped:block/lime_stained_glass/ctm/ornate_lime_stained_glass_ctm/3	chipped:block/lime_stained_glass/ctm/ornate_lime_stained_glass_ctm/1	chipped:block/lime_stained_glass/ctm/ornate_lime_stained_glass_ctm/2	28350e3e00f2157118b8ff96937241a0c870eea707dfb816cbbc1ca243065a56
chipped:ornate_lodestone_pillar	pillar	chipped:block/ornate_lodestone_pillar	minecraft:block/cube_column	chipped:block/lodestone/ornate_lodestone_pillar	chipped:block/lodestone/ctm/ornate_lodestone_pillar/0	chipped:block/lodestone/ctm/ornate_lodestone_pillar/1	chipped:block/lodestone/ctm/common_textures/3	chipped:block/lodestone/ctm/ornate_lodestone_pillar/3	90181c2291464193586a1cadec87f7a3311f7a8c4b8703dbdd61b80f354453ab
chipped:ornate_magenta_stained_glass	ctm	chipped:block/ornate_magenta_stained_glass	minecraft:block/cube_all	chipped:block/magenta_stained_glass/ornate_magenta_stained_glass	chipped:block/magenta_stained_glass/ctm/ornate_magenta_stained_glass_ctm/0	chipped:block/magenta_stained_glass/ctm/ornate_magenta_stained_glass_ctm/3	chipped:block/magenta_stained_glass/ctm/ornate_magenta_stained_glass_ctm/1	chipped:block/magenta_stained_glass/ctm/ornate_magenta_stained_glass_ctm/2	bf369ba2089e53e3a07d688cb85400e3367955d8032ef8a4079184b9421f41d8
chipped:ornate_magenta_stained_glass_pane	pane_ctm	chipped:block/ornate_magenta_stained_glass_pane	minecraft:block/cube_all	chipped:block/magenta_stained_glass/ornate_magenta_stained_glass	chipped:block/magenta_stained_glass/ctm/ornate_magenta_stained_glass_ctm/0	chipped:block/magenta_stained_glass/ctm/ornate_magenta_stained_glass_ctm/3	chipped:block/magenta_stained_glass/ctm/ornate_magenta_stained_glass_ctm/1	chipped:block/magenta_stained_glass/ctm/ornate_magenta_stained_glass_ctm/2	bf369ba2089e53e3a07d688cb85400e3367955d8032ef8a4079184b9421f41d8
chipped:ornate_magma_block_pillar	pillar	chipped:block/ornate_magma_block_pillar	minecraft:block/cube_column	chipped:block/magma_block/ornate_magma_block_pillar	chipped:block/magma_block/ctm/ornate_magma_block_pillar/0	chipped:block/magma_block/ctm/ornate_magma_block_pillar/1	chipped:block/magma_block/ctm/common_textures/2	chipped:block/magma_block/ctm/ornate_magma_block_pillar/3	7def38580e7079b48d52d3eea79623a95621d653c934df5045cb7840e63946e4
chipped:ornate_mossy_cobblestone_pillar	pillar	chipped:block/ornate_mossy_cobblestone_pillar	minecraft:block/cube_column	chipped:block/mossy_cobblestone/ornate_mossy_cobblestone_pillar	chipped:block/mossy_cobblestone/ctm/ornate_mossy_cobblestone_pillar/0	chipped:block/mossy_cobblestone/ctm/ornate_mossy_cobblestone_pillar/1	chipped:block/mossy_cobblestone/ctm/common_textures/3	chipped:block/mossy_cobblestone/ctm/ornate_mossy_cobblestone_pillar/3	8466090023bf467ed46a2771b82eee9e6fbc60ebd759f47098b48b3654cdd7ac
chipped:ornate_mossy_stone_bricks_pillar	pillar	chipped:block/ornate_mossy_stone_bricks_pillar	minecraft:block/cube_column	chipped:block/mossy_stone_bricks/ornate_mossy_stone_bricks_pillar	chipped:block/mossy_stone_bricks/ctm/ornate_mossy_stone_bricks_pillar/0	chipped:block/mossy_stone_bricks/ctm/ornate_mossy_stone_bricks_pillar/1	chipped:block/mossy_stone_bricks/ctm/common_textures/3	chipped:block/mossy_stone_bricks/ctm/ornate_mossy_stone_bricks_pillar/3	e1952bfe4931e6ecd6db49adde412754333db067a60e89798d2a38e9bd5d946f
chipped:ornate_mud_bricks_pillar	pillar	chipped:block/ornate_mud_bricks_pillar	minecraft:block/cube_column	chipped:block/mud_bricks/ornate_mud_bricks_pillar	chipped:block/mud_bricks/ctm/ornate_mud_bricks_pillar/0	chipped:block/mud_bricks/ctm/ornate_mud_bricks_pillar/1	chipped:block/mud_bricks/ctm/common_textures/1	chipped:block/mud_bricks/ctm/ornate_mud_bricks_pillar/3	fe3afa026521e101d2ab3ae0bc3e3a7d5e5ed83e71e4de4aac78fe2457bea20a
chipped:ornate_mud_pillar	pillar	chipped:block/ornate_mud_pillar	minecraft:block/cube_column	chipped:block/mud/ornate_mud_pillar	chipped:block/mud/ctm/ornate_mud_pillar/0	chipped:block/mud/ctm/ornate_mud_pillar/1	chipped:block/mud/ctm/common_textures/1	chipped:block/mud/ctm/ornate_mud_pillar/3	9025e119213ef09f2053691f3cf5c8c6f3db7fb6b36a1112e79f0e22838dfd3e
chipped:ornate_nether_bricks_pillar	pillar	chipped:block/ornate_nether_bricks_pillar	minecraft:block/cube_column	chipped:block/nether_bricks/ornate_nether_bricks_pillar	chipped:block/nether_bricks/ctm/ornate_nether_bricks_pillar/0	chipped:block/nether_bricks/ctm/ornate_nether_bricks_pillar/1	chipped:block/nether_bricks/ctm/common_textures/3	chipped:block/nether_bricks/ctm/ornate_nether_bricks_pillar/3	578f7455b52e0ff9de0946d04f5866b2bee0cf60f79f84f97f112f090e198ada
chipped:ornate_netherrack_pillar	pillar	chipped:block/ornate_netherrack_pillar	minecraft:block/cube_column	chipped:block/netherrack/ornate_netherrack_pillar	chipped:block/netherrack/ctm/ornate_netherrack_pillar/0	chipped:block/netherrack/ctm/ornate_netherrack_pillar/1	chipped:block/netherrack/ctm/common_textures/3	chipped:block/netherrack/ctm/ornate_netherrack_pillar/3	e62bd08ec1c3fff4a828d1238c84c0297527162eb72e8f64be065c5f0f82dd53
chipped:ornate_obsidian_pillar	pillar	chipped:block/ornate_obsidian_pillar	minecraft:block/cube_column	chipped:block/obsidian/ornate_obsidian_pillar	chipped:block/obsidian/ctm/ornate_obsidian_pillar/0	chipped:block/obsidian/ctm/ornate_obsidian_pillar/1	chipped:block/obsidian/ctm/common_textures/3	chipped:block/obsidian/ctm/ornate_obsidian_pillar/3	553e4ffe8041746e2a3e97b493500060565e523eef90c152f5bd6733dd4aa114
chipped:ornate_orange_stained_glass	ctm	chipped:block/ornate_orange_stained_glass	minecraft:block/cube_all	chipped:block/orange_stained_glass/ornate_orange_stained_glass	chipped:block/orange_stained_glass/ctm/ornate_orange_stained_glass_ctm/0	chipped:block/orange_stained_glass/ctm/ornate_orange_stained_glass_ctm/3	chipped:block/orange_stained_glass/ctm/ornate_orange_stained_glass_ctm/1	chipped:block/orange_stained_glass/ctm/ornate_orange_stained_glass_ctm/2	aa0846fa04fb37dabbe055aed4f45817ecf7b751dd3957fbf4c8fbfb1f2e4c33
chipped:ornate_orange_stained_glass_pane	pane_ctm	chipped:block/ornate_orange_stained_glass_pane	minecraft:block/cube_all	chipped:block/orange_stained_glass/ornate_orange_stained_glass	chipped:block/orange_stained_glass/ctm/ornate_orange_stained_glass_ctm/0	chipped:block/orange_stained_glass/ctm/ornate_orange_stained_glass_ctm/3	chipped:block/orange_stained_glass/ctm/ornate_orange_stained_glass_ctm/1	chipped:block/orange_stained_glass/ctm/ornate_orange_stained_glass_ctm/2	aa0846fa04fb37dabbe055aed4f45817ecf7b751dd3957fbf4c8fbfb1f2e4c33
chipped:ornate_packed_ice_pillar	pillar	chipped:block/ornate_packed_ice_pillar	minecraft:block/cube_column	chipped:block/packed_ice/ornate_packed_ice_pillar	chipped:block/packed_ice/ctm/ornate_packed_ice_pillar/0	chipped:block/packed_ice/ctm/ornate_packed_ice_pillar/1	chipped:block/packed_ice/ctm/common_textures/3	chipped:block/packed_ice/ctm/ornate_packed_ice_pillar/3	a4c9433dd74f7bcc73ac97e125a884cdae69f068d28b83dd23766c78066de9c3
chipped:ornate_packed_mud_pillar	pillar	chipped:block/ornate_packed_mud_pillar	minecraft:block/cube_column	chipped:block/packed_mud/ornate_packed_mud_pillar	chipped:block/packed_mud/ctm/ornate_packed_mud_pillar/0	chipped:block/packed_mud/ctm/ornate_packed_mud_pillar/1	chipped:block/packed_mud/ctm/common_textures/1	chipped:block/packed_mud/ctm/ornate_packed_mud_pillar/3	4e238df53d56d3e55c60ba7e5bbbddaca9d45b2482ac465803780105f4219ea5
chipped:ornate_pink_stained_glass	ctm	chipped:block/ornate_pink_stained_glass	minecraft:block/cube_all	chipped:block/pink_stained_glass/ornate_pink_stained_glass	chipped:block/pink_stained_glass/ctm/ornate_pink_stained_glass_ctm/0	chipped:block/pink_stained_glass/ctm/ornate_pink_stained_glass_ctm/3	chipped:block/pink_stained_glass/ctm/ornate_pink_stained_glass_ctm/1	chipped:block/pink_stained_glass/ctm/ornate_pink_stained_glass_ctm/2	ae3f20b18ef4c02a80438e019e94c8d7baeaba05f94bf1605400ba22da800575
chipped:ornate_pink_stained_glass_pane	pane_ctm	chipped:block/ornate_pink_stained_glass_pane	minecraft:block/cube_all	chipped:block/pink_stained_glass/ornate_pink_stained_glass	chipped:block/pink_stained_glass/ctm/ornate_pink_stained_glass_ctm/0	chipped:block/pink_stained_glass/ctm/ornate_pink_stained_glass_ctm/3	chipped:block/pink_stained_glass/ctm/ornate_pink_stained_glass_ctm/1	chipped:block/pink_stained_glass/ctm/ornate_pink_stained_glass_ctm/2	ae3f20b18ef4c02a80438e019e94c8d7baeaba05f94bf1605400ba22da800575
chipped:ornate_prismarine_pillar	pillar	chipped:block/ornate_prismarine_pillar	minecraft:block/cube_column	chipped:block/prismarine/ornate_prismarine_pillar	chipped:block/prismarine/ctm/ornate_prismarine_pillar/0	chipped:block/prismarine/ctm/ornate_prismarine_pillar/1	chipped:block/prismarine/ctm/common_textures/3	chipped:block/prismarine/ctm/ornate_prismarine_pillar/3	dca78d2c4e8d79928cc660cac54f020972498cbc8659c373b33b307dbc1c74d4
chipped:ornate_purple_stained_glass	ctm	chipped:block/ornate_purple_stained_glass	minecraft:block/cube_all	chipped:block/purple_stained_glass/ornate_purple_stained_glass	chipped:block/purple_stained_glass/ctm/ornate_purple_stained_glass_ctm/0	chipped:block/purple_stained_glass/ctm/ornate_purple_stained_glass_ctm/3	chipped:block/purple_stained_glass/ctm/ornate_purple_stained_glass_ctm/1	chipped:block/purple_stained_glass/ctm/ornate_purple_stained_glass_ctm/2	87ab0eb031fd76b16cfc12e81aea5e7f9d9e966e7e308b4cefc599c38c27da12
chipped:ornate_purple_stained_glass_pane	pane_ctm	chipped:block/ornate_purple_stained_glass_pane	minecraft:block/cube_all	chipped:block/purple_stained_glass/ornate_purple_stained_glass	chipped:block/purple_stained_glass/ctm/ornate_purple_stained_glass_ctm/0	chipped:block/purple_stained_glass/ctm/ornate_purple_stained_glass_ctm/3	chipped:block/purple_stained_glass/ctm/ornate_purple_stained_glass_ctm/1	chipped:block/purple_stained_glass/ctm/ornate_purple_stained_glass_ctm/2	87ab0eb031fd76b16cfc12e81aea5e7f9d9e966e7e308b4cefc599c38c27da12
chipped:ornate_purpur_block_pillar	pillar	chipped:block/ornate_purpur_block_pillar	minecraft:block/cube_column	chipped:block/purpur_block/ornate_purpur_block_pillar	chipped:block/purpur_block/ctm/ornate_purpur_block_pillar/0	chipped:block/purpur_block/ctm/ornate_purpur_block_pillar/1	chipped:block/purpur_block/ctm/common_textures/3	chipped:block/purpur_block/ctm/ornate_purpur_block_pillar/3	315b3e58211bae6d5be0c8890b75ac202f3a0199cc90cb76e8047f40c08b8703
chipped:ornate_quartz_block_pillar	pillar	chipped:block/ornate_quartz_block_pillar	minecraft:block/cube_column	chipped:block/quartz_block/ornate_quartz_block_pillar	chipped:block/quartz_block/ctm/ornate_quartz_block_pillar/0	chipped:block/quartz_block/ctm/ornate_quartz_block_pillar/1	chipped:block/quartz_block/ctm/common_textures/3	chipped:block/quartz_block/ctm/ornate_quartz_block_pillar/3	eb15449540c39ce0e470fa41aff66f7ec44c4c33156e6a32cf772b94f24402f0
chipped:ornate_raw_copper_block_pillar	pillar	chipped:block/ornate_raw_copper_block_pillar	minecraft:block/cube_column	chipped:block/raw_copper_block/ornate_raw_copper_block_pillar	chipped:block/raw_copper_block/ctm/ornate_raw_copper_block_pillar/0	chipped:block/raw_copper_block/ctm/ornate_raw_copper_block_pillar/1	chipped:block/raw_copper_block/ctm/ornate_raw_copper_block_pillar/2	chipped:block/raw_copper_block/ctm/ornate_raw_copper_block_pillar/3	8742623e280d338e57009dd587e066fb0a9f770e7af60f761832da4d244b2d26
chipped:ornate_raw_gold_block_pillar	pillar	chipped:block/ornate_raw_gold_block_pillar	minecraft:block/cube_column	chipped:block/raw_gold_block/ornate_raw_gold_block_pillar	chipped:block/raw_gold_block/ctm/ornate_raw_gold_block_pillar/0	chipped:block/raw_gold_block/ctm/ornate_raw_gold_block_pillar/1	chipped:block/raw_gold_block/ctm/common_textures/3	chipped:block/raw_gold_block/ctm/ornate_raw_gold_block_pillar/3	c1c87cb3f5dfba5586b28d7d52fbcc86762f7e93cbaca749bb8765d6d1d6c50f
chipped:ornate_raw_iron_block_pillar	pillar	chipped:block/ornate_raw_iron_block_pillar	minecraft:block/cube_column	chipped:block/raw_iron_block/ornate_raw_iron_block_pillar	chipped:block/raw_iron_block/ctm/ornate_raw_iron_block_pillar/0	chipped:block/raw_iron_block/ctm/ornate_raw_iron_block_pillar/1	chipped:block/raw_iron_block/ctm/common_textures/3	chipped:block/raw_iron_block/ctm/ornate_raw_iron_block_pillar/3	fb6e4f28d7f73bf828f69f55fa43612682e8e383712be50b066f7e9b9a063307
chipped:ornate_red_nether_bricks_pillar	pillar	chipped:block/ornate_red_nether_bricks_pillar	minecraft:block/cube_column	chipped:block/red_nether_bricks/ornate_red_nether_bricks_pillar	chipped:block/red_nether_bricks/ctm/ornate_red_nether_bricks_pillar/0	chipped:block/red_nether_bricks/ctm/ornate_red_nether_bricks_pillar/1	chipped:block/red_nether_bricks/ctm/common_textures/3	chipped:block/red_nether_bricks/ctm/ornate_red_nether_bricks_pillar/3	94e41b4483a62d4fefabe2e6f73d17512d5c601f8e7069bf65f3cdd590fcb52a
chipped:ornate_red_sandstone_pillar	pillar	chipped:block/ornate_red_sandstone_pillar	minecraft:block/cube_column	chipped:block/red_sandstone/ornate_red_sandstone_pillar	chipped:block/red_sandstone/ctm/ornate_red_sandstone_pillar/0	chipped:block/red_sandstone/ctm/ornate_red_sandstone_pillar/1	chipped:block/red_sandstone/ctm/common_textures/3	chipped:block/red_sandstone/ctm/ornate_red_sandstone_pillar/3	60f7c52842e703450d330e138b33d2cd1408c5d9ae3397b9f534c7f37c1ddbb4
chipped:ornate_red_stained_glass	ctm	chipped:block/ornate_red_stained_glass	minecraft:block/cube_all	chipped:block/red_stained_glass/ornate_red_stained_glass	chipped:block/red_stained_glass/ctm/ornate_red_stained_glass_ctm/0	chipped:block/red_stained_glass/ctm/ornate_red_stained_glass_ctm/3	chipped:block/red_stained_glass/ctm/ornate_red_stained_glass_ctm/1	chipped:block/red_stained_glass/ctm/ornate_red_stained_glass_ctm/2	84117fbe9d4de6659e976afb25688a150094105a6dda2e85b26b5b2951964678
chipped:ornate_red_stained_glass_pane	pane_ctm	chipped:block/ornate_red_stained_glass_pane	minecraft:block/cube_all	chipped:block/red_stained_glass/ornate_red_stained_glass	chipped:block/red_stained_glass/ctm/ornate_red_stained_glass_ctm/0	chipped:block/red_stained_glass/ctm/ornate_red_stained_glass_ctm/3	chipped:block/red_stained_glass/ctm/ornate_red_stained_glass_ctm/1	chipped:block/red_stained_glass/ctm/ornate_red_stained_glass_ctm/2	84117fbe9d4de6659e976afb25688a150094105a6dda2e85b26b5b2951964678
chipped:ornate_redstone_block_pillar	pillar	chipped:block/ornate_redstone_block_pillar	minecraft:block/cube_column	chipped:block/redstone_block/ornate_redstone_block_pillar	chipped:block/redstone_block/ctm/ornate_redstone_block_pillar/0	chipped:block/redstone_block/ctm/ornate_redstone_block_pillar/1	chipped:block/redstone_block/ctm/common_textures/3	chipped:block/redstone_block/ctm/ornate_redstone_block_pillar/3	62be39317668932d42440e1839f9cd4d20ef75cbeb6391268f5130af1f3a843b
chipped:ornate_sandstone_pillar	pillar	chipped:block/ornate_sandstone_pillar	minecraft:block/cube_column	chipped:block/sandstone/ornate_sandstone_pillar	chipped:block/sandstone/ctm/ornate_sandstone_pillar/0	chipped:block/sandstone/ctm/ornate_sandstone_pillar/1	chipped:block/sandstone/ctm/common_textures/3	chipped:block/sandstone/ctm/ornate_sandstone_pillar/3	a55b48df529e685594e0acfca4b3449c30dad4b016cddcf73126ef9ef8896e7c
chipped:ornate_smooth_stone_pillar	pillar	chipped:block/ornate_smooth_stone_pillar	minecraft:block/cube_column	chipped:block/smooth_stone/ornate_smooth_stone_pillar	chipped:block/smooth_stone/ctm/ornate_smooth_stone_pillar/0	chipped:block/smooth_stone/ctm/ornate_smooth_stone_pillar/1	chipped:block/smooth_stone/ctm/ornate_smooth_stone_pillar/2	chipped:block/smooth_stone/ctm/ornate_smooth_stone_pillar/3	20d718f709573d9ef1ad51df72f6f75370cca64ab86963f9a2ede9bb3f344291
chipped:ornate_snow_block_pillar	pillar	chipped:block/ornate_snow_block_pillar	minecraft:block/cube_column	chipped:block/snow_block/ornate_snow_block_pillar	chipped:block/snow_block/ctm/ornate_snow_block_pillar/0	chipped:block/snow_block/ctm/ornate_snow_block_pillar/1	chipped:block/snow_block/ctm/common_textures/3	chipped:block/snow_block/ctm/ornate_snow_block_pillar/3	d08bab915a07c4194c8d8530bcb0345e9140f09918a166161b4ef6e030bf1d6d
chipped:ornate_stone_pillar	pillar	chipped:block/ornate_stone_pillar	minecraft:block/cube_column	chipped:block/stone/ornate_stone_pillar	chipped:block/stone/ctm/ornate_stone_pillar/0	chipped:block/stone/ctm/ornate_stone_pillar/1	chipped:block/stone/ctm/common_textures/3	chipped:block/stone/ctm/ornate_stone_pillar/3	930398a6ee2b329ec482fa2edbe9a203f5dd49f7f13f7f42cdf4e0b309e9cc99
chipped:ornate_tuff_pillar	pillar	chipped:block/ornate_tuff_pillar	minecraft:block/cube_column	chipped:block/tuff/ornate_tuff_pillar	chipped:block/tuff/ctm/ornate_tuff_pillar/0	chipped:block/tuff/ctm/ornate_tuff_pillar/1	chipped:block/tuff/ctm/common_textures/3	chipped:block/tuff/ctm/ornate_tuff_pillar/3	0be31a803602b098529da249d8f08ef9bae4ccd16a9ba97f38616b9b07ba85e9
chipped:ornate_white_stained_glass	ctm	chipped:block/ornate_white_stained_glass	minecraft:block/cube_all	chipped:block/white_stained_glass/ornate_white_stained_glass	chipped:block/white_stained_glass/ctm/ornate_white_stained_glass_ctm/0	chipped:block/white_stained_glass/ctm/ornate_white_stained_glass_ctm/3	chipped:block/white_stained_glass/ctm/ornate_white_stained_glass_ctm/1	chipped:block/white_stained_glass/ctm/ornate_white_stained_glass_ctm/2	6ea0dd8013c54abbbd0044d5d75f093d2e8ec594d6554f262e3223d7f5dc9e81
chipped:ornate_white_stained_glass_pane	pane_ctm	chipped:block/ornate_white_stained_glass_pane	minecraft:block/cube_all	chipped:block/white_stained_glass/ornate_white_stained_glass	chipped:block/white_stained_glass/ctm/ornate_white_stained_glass_ctm/0	chipped:block/white_stained_glass/ctm/ornate_white_stained_glass_ctm/3	chipped:block/white_stained_glass/ctm/ornate_white_stained_glass_ctm/1	chipped:block/white_stained_glass/ctm/ornate_white_stained_glass_ctm/2	6ea0dd8013c54abbbd0044d5d75f093d2e8ec594d6554f262e3223d7f5dc9e81
chipped:ornate_yellow_stained_glass	ctm	chipped:block/ornate_yellow_stained_glass	minecraft:block/cube_all	chipped:block/yellow_stained_glass/ornate_yellow_stained_glass	chipped:block/yellow_stained_glass/ctm/ornate_yellow_stained_glass_ctm/0	chipped:block/yellow_stained_glass/ctm/ornate_yellow_stained_glass_ctm/3	chipped:block/yellow_stained_glass/ctm/ornate_yellow_stained_glass_ctm/1	chipped:block/yellow_stained_glass/ctm/ornate_yellow_stained_glass_ctm/2	7d84f96d00f421cafc17d5d4dcb4a37c5fe8d6798c2674280a832f63e4525dab
chipped:ornate_yellow_stained_glass_pane	pane_ctm	chipped:block/ornate_yellow_stained_glass_pane	minecraft:block/cube_all	chipped:block/yellow_stained_glass/ornate_yellow_stained_glass	chipped:block/yellow_stained_glass/ctm/ornate_yellow_stained_glass_ctm/0	chipped:block/yellow_stained_glass/ctm/ornate_yellow_stained_glass_ctm/3	chipped:block/yellow_stained_glass/ctm/ornate_yellow_stained_glass_ctm/1	chipped:block/yellow_stained_glass/ctm/ornate_yellow_stained_glass_ctm/2	7d84f96d00f421cafc17d5d4dcb4a37c5fe8d6798c2674280a832f63e4525dab
chipped:overlapping_amethyst_block_tiles	ctm	chipped:block/overlapping_amethyst_block_tiles	minecraft:block/cube_all	chipped:block/amethyst_block/overlapping_amethyst_block_tiles	chipped:block/amethyst_block/ctm/common_textures/0	chipped:block/amethyst_block/ctm/overlapping_amethyst_block_tiles_ctm/3	chipped:block/amethyst_block/ctm/overlapping_amethyst_block_tiles_ctm/1	chipped:block/amethyst_block/ctm/overlapping_amethyst_block_tiles_ctm/2	3a11497a0c2a24df914347929dc06f1eda4c6ea1fb859190ef3007c4b5b257b1
chipped:overlapping_ancient_debris_tiles	ctm	chipped:block/overlapping_ancient_debris_tiles	minecraft:block/cube_all	chipped:block/ancient_debris/overlapping_ancient_debris_tiles	chipped:block/ancient_debris/ctm/common_textures/0	chipped:block/ancient_debris/ctm/overlapping_ancient_debris_tiles_ctm/3	chipped:block/ancient_debris/ctm/overlapping_ancient_debris_tiles_ctm/1	chipped:block/ancient_debris/ctm/overlapping_ancient_debris_tiles_ctm/2	15fba8661cd47cd1c9310149f5365814caa7efca1154df20aa08582254b1531b
chipped:overlapping_andesite_tiles	ctm	chipped:block/overlapping_andesite_tiles	minecraft:block/cube_all	chipped:block/andesite/overlapping_andesite_tiles	chipped:block/andesite/ctm/common_textures/0	chipped:block/andesite/ctm/overlapping_andesite_tiles_ctm/3	chipped:block/andesite/ctm/overlapping_andesite_tiles_ctm/1	chipped:block/andesite/ctm/overlapping_andesite_tiles_ctm/2	d5b03f5d2862bf4f0f40173d8723498f947ae7a6ba7d97f7a17718b01a8da4a4
chipped:overlapping_basalt_tiles	ctm	chipped:block/overlapping_basalt_tiles	minecraft:block/cube_all	chipped:block/basalt/overlapping_basalt_tiles	chipped:block/basalt/ctm/common_textures/0	chipped:block/basalt/ctm/overlapping_basalt_tiles_ctm/3	chipped:block/basalt/ctm/overlapping_basalt_tiles_ctm/1	chipped:block/basalt/ctm/overlapping_basalt_tiles_ctm/2	f7d77694c0dcfa2102125bba4a230964fc814f63f75b28bdea9e14988513933c
chipped:overlapping_blackstone_tiles	ctm	chipped:block/overlapping_blackstone_tiles	minecraft:block/cube_all	chipped:block/blackstone/overlapping_blackstone_tiles	chipped:block/blackstone/ctm/common_textures/0	chipped:block/blackstone/ctm/overlapping_blackstone_tiles_ctm/3	chipped:block/blackstone/ctm/overlapping_blackstone_tiles_ctm/1	chipped:block/blackstone/ctm/overlapping_blackstone_tiles_ctm/2	a57d3469ad6c8e392e1513970c54e872606207ed8e092883df5b66b0649e7e6f
chipped:overlapping_blue_ice_tiles	ctm	chipped:block/overlapping_blue_ice_tiles	minecraft:block/cube_all	chipped:block/blue_ice/overlapping_blue_ice_tiles	chipped:block/blue_ice/ctm/common_textures/0	chipped:block/blue_ice/ctm/overlapping_blue_ice_tiles_ctm/3	chipped:block/blue_ice/ctm/overlapping_blue_ice_tiles_ctm/1	chipped:block/blue_ice/ctm/overlapping_blue_ice_tiles_ctm/2	b7ba44964a1fe801672f8110193b479fcdcf53f18d88019ba5046e32eae7826c
chipped:overlapping_borderless_bricks_tiles	ctm	chipped:block/overlapping_borderless_bricks_tiles	minecraft:block/cube_all	chipped:block/borderless_bricks/overlapping_borderless_bricks_tiles	chipped:block/borderless_bricks/ctm/common_textures/0	chipped:block/borderless_bricks/ctm/overlapping_borderless_bricks_tiles_ctm/3	chipped:block/borderless_bricks/ctm/overlapping_borderless_bricks_tiles_ctm/1	chipped:block/borderless_bricks/ctm/overlapping_borderless_bricks_tiles_ctm/2	08ddd577992c4b5a87295af7767f10adc047bfecf1da19337c4c40f3b4b017ba
chipped:overlapping_bricks_tiles	ctm	chipped:block/overlapping_bricks_tiles	minecraft:block/cube_all	chipped:block/bricks/overlapping_bricks_tiles	chipped:block/bricks/ctm/common_textures/0	chipped:block/bricks/ctm/overlapping_bricks_tiles_ctm/3	chipped:block/bricks/ctm/overlapping_bricks_tiles_ctm/1	chipped:block/bricks/ctm/overlapping_bricks_tiles_ctm/2	72b106be09b7be2b6831d86da4e0060bad4beb0ad0be9f508a569dbb307bebae
chipped:overlapping_calcite_tiles	ctm	chipped:block/overlapping_calcite_tiles	minecraft:block/cube_all	chipped:block/calcite/overlapping_calcite_tiles	chipped:block/calcite/ctm/common_textures/0	chipped:block/calcite/ctm/overlapping_calcite_tiles_ctm/3	chipped:block/calcite/ctm/overlapping_calcite_tiles_ctm/1	chipped:block/calcite/ctm/overlapping_calcite_tiles_ctm/2	1166d107b056adfd0c1e9b7a42806dc8b180bba90cc45039ed3e0aa4d156807b
chipped:overlapping_clay_tiles	ctm	chipped:block/overlapping_clay_tiles	minecraft:block/cube_all	chipped:block/clay/overlapping_clay_tiles	chipped:block/clay/ctm/common_textures/0	chipped:block/clay/ctm/overlapping_clay_tiles_ctm/3	chipped:block/clay/ctm/overlapping_clay_tiles_ctm/1	chipped:block/clay/ctm/overlapping_clay_tiles_ctm/2	e46ad94056b88d36b7fa4ae53cb8567ae29068f5b2e43f9b6d8cd852d97c15b6
chipped:overlapping_coal_block_tiles	ctm	chipped:block/overlapping_coal_block_tiles	minecraft:block/cube_all	chipped:block/coal_block/overlapping_coal_block_tiles	chipped:block/coal_block/ctm/common_textures/0	chipped:block/coal_block/ctm/overlapping_coal_block_tiles_ctm/3	chipped:block/coal_block/ctm/overlapping_coal_block_tiles_ctm/1	chipped:block/coal_block/ctm/overlapping_coal_block_tiles_ctm/2	6e1172d61915e64be42ac6e3d3296649e694f3c667ba44a2f5268bd26bbc3f0b
chipped:overlapping_cobblestone_tiles	ctm	chipped:block/overlapping_cobblestone_tiles	minecraft:block/cube_all	chipped:block/cobblestone/overlapping_cobblestone_tiles	chipped:block/cobblestone/ctm/common_textures/0	chipped:block/cobblestone/ctm/overlapping_cobblestone_tiles_ctm/3	chipped:block/cobblestone/ctm/overlapping_cobblestone_tiles_ctm/1	chipped:block/cobblestone/ctm/overlapping_cobblestone_tiles_ctm/2	c2f0bc3df8d2c73ee588ca391b145bd06199a02a007cd741ae2cf6e70a0a5d67
chipped:overlapping_crying_obsidian_tiles	ctm	chipped:block/overlapping_crying_obsidian_tiles	minecraft:block/cube_all	chipped:block/crying_obsidian/overlapping_crying_obsidian_tiles	chipped:block/crying_obsidian/ctm/common_textures/0	chipped:block/crying_obsidian/ctm/overlapping_crying_obsidian_tiles_ctm/3	chipped:block/crying_obsidian/ctm/overlapping_crying_obsidian_tiles_ctm/1	chipped:block/crying_obsidian/ctm/overlapping_crying_obsidian_tiles_ctm/2	6ad6be845ff5de1f217a6e155eee60fb883419bcadce9fb6272ce935ec59b113
chipped:overlapping_dark_prismarine_tiles	ctm	chipped:block/overlapping_dark_prismarine_tiles	minecraft:block/cube_all	chipped:block/dark_prismarine/overlapping_dark_prismarine_tiles	chipped:block/dark_prismarine/ctm/common_textures/0	chipped:block/dark_prismarine/ctm/overlapping_dark_prismarine_tiles_ctm/3	chipped:block/dark_prismarine/ctm/overlapping_dark_prismarine_tiles_ctm/1	chipped:block/dark_prismarine/ctm/overlapping_dark_prismarine_tiles_ctm/2	6cc91ddf50d783a4b5f80a183a6d8b893b99333c019f80613b7de7546d3a2539
chipped:overlapping_deepslate_tiles	ctm	chipped:block/overlapping_deepslate_tiles	minecraft:block/cube_all	chipped:block/deepslate/overlapping_deepslate_tiles	chipped:block/deepslate/ctm/common_textures/0	chipped:block/deepslate/ctm/overlapping_deepslate_tiles_ctm/3	chipped:block/deepslate/ctm/overlapping_deepslate_tiles_ctm/1	chipped:block/deepslate/ctm/overlapping_deepslate_tiles_ctm/2	c0ba50033fa66dd12912a5a0d8f50fa2e97745858e6b681c7392b9b9de7cacb8
chipped:overlapping_diorite_tiles	ctm	chipped:block/overlapping_diorite_tiles	minecraft:block/cube_all	chipped:block/diorite/overlapping_diorite_tiles	chipped:block/diorite/ctm/common_textures/0	chipped:block/diorite/ctm/overlapping_diorite_tiles_ctm/3	chipped:block/diorite/ctm/overlapping_diorite_tiles_ctm/1	chipped:block/diorite/ctm/overlapping_diorite_tiles_ctm/2	5376bdea3b007029780c4e5d4799d2c9958e07fb7cdb096f5c0972881bb312bb
chipped:overlapping_dirt_tiles	ctm	chipped:block/overlapping_dirt_tiles	minecraft:block/cube_all	chipped:block/dirt/overlapping_dirt_tiles	chipped:block/dirt/ctm/overlapping_dirt_tiles_ctm/0	chipped:block/dirt/ctm/overlapping_dirt_tiles_ctm/3	chipped:block/dirt/ctm/overlapping_dirt_tiles_ctm/1	chipped:block/dirt/ctm/overlapping_dirt_tiles_ctm/2	76828bb335632b2486bd20df6491a312f94ac112e2e1168faa05f331a7c26483
chipped:overlapping_dripstone_block_tiles	ctm	chipped:block/overlapping_dripstone_block_tiles	minecraft:block/cube_all	chipped:block/dripstone_block/overlapping_dripstone_block_tiles	chipped:block/dripstone_block/ctm/common_textures/0	chipped:block/dripstone_block/ctm/overlapping_dripstone_block_tiles_ctm/3	chipped:block/dripstone_block/ctm/overlapping_dripstone_block_tiles_ctm/1	chipped:block/dripstone_block/ctm/overlapping_dripstone_block_tiles_ctm/2	d8b55ac57c0596ff47ea961926200b15097428583b42f07ac20446fc129c9f85
chipped:overlapping_end_stone_tiles	ctm	chipped:block/overlapping_end_stone_tiles	minecraft:block/cube_all	chipped:block/end_stone/overlapping_end_stone_tiles	chipped:block/end_stone/ctm/common_textures/0	chipped:block/end_stone/ctm/overlapping_end_stone_tiles_ctm/3	chipped:block/end_stone/ctm/overlapping_end_stone_tiles_ctm/1	chipped:block/end_stone/ctm/overlapping_end_stone_tiles_ctm/2	f5cefa68c4065e69c276d64e04a87d7cce039f712a801b25c2b4acf5ba6c0d82
chipped:overlapping_gilded_blackstone_tiles	ctm	chipped:block/overlapping_gilded_blackstone_tiles	minecraft:block/cube_all	chipped:block/gilded_blackstone/overlapping_gilded_blackstone_tiles	chipped:block/gilded_blackstone/ctm/common_textures/0	chipped:block/gilded_blackstone/ctm/overlapping_gilded_blackstone_tiles_ctm/3	chipped:block/gilded_blackstone/ctm/overlapping_gilded_blackstone_tiles_ctm/1	chipped:block/gilded_blackstone/ctm/overlapping_gilded_blackstone_tiles_ctm/2	cdd0d6688b17e033ab3eefca79162d10e43c5ec947fc3b6ae529124f22bb8696
chipped:overlapping_granite_tiles	ctm	chipped:block/overlapping_granite_tiles	minecraft:block/cube_all	chipped:block/granite/overlapping_granite_tiles	chipped:block/granite/ctm/common_textures/0	chipped:block/granite/ctm/overlapping_granite_tiles_ctm/3	chipped:block/granite/ctm/overlapping_granite_tiles_ctm/1	chipped:block/granite/ctm/overlapping_granite_tiles_ctm/2	baa1a7cc9d2007e5e3f5b51911f0014611fa3a12bd5b02cbcdab0a490eac0b29
chipped:overlapping_ice_tiles	ctm	chipped:block/overlapping_ice_tiles	minecraft:block/cube_all	chipped:block/ice/overlapping_ice_tiles	chipped:block/ice/ctm/common_textures/0	chipped:block/ice/ctm/overlapping_ice_tiles_ctm/3	chipped:block/ice/ctm/overlapping_ice_tiles_ctm/1	chipped:block/ice/ctm/overlapping_ice_tiles_ctm/2	461d36da068a43cc3228b75fa5d1e5600b3a04791cf40cd3e37563909112e78a
chipped:overlapping_lapis_block_tiles	ctm	chipped:block/overlapping_lapis_block_tiles	minecraft:block/cube_all	chipped:block/lapis_block/overlapping_lapis_block_tiles	chipped:block/lapis_block/ctm/common_textures/0	chipped:block/lapis_block/ctm/overlapping_lapis_block_tiles_ctm/3	chipped:block/lapis_block/ctm/overlapping_lapis_block_tiles_ctm/1	chipped:block/lapis_block/ctm/overlapping_lapis_block_tiles_ctm/2	880fd9b8bbca3db7dbd84f37af7e4e5316d28275aa7e869aea82b335ab98483e
chipped:overlapping_lodestone_tiles	ctm	chipped:block/overlapping_lodestone_tiles	minecraft:block/cube_all	chipped:block/lodestone/overlapping_lodestone_tiles	chipped:block/lodestone/ctm/common_textures/0	chipped:block/lodestone/ctm/overlapping_lodestone_tiles_ctm/3	chipped:block/lodestone/ctm/overlapping_lodestone_tiles_ctm/1	chipped:block/lodestone/ctm/overlapping_lodestone_tiles_ctm/2	1f0101e45f4286cd4728defb42535a67ff21a0da3e4f11eb85e31724c49fcb09
chipped:overlapping_magma_block_tiles	ctm	chipped:block/overlapping_magma_block_tiles	minecraft:block/cube_all	chipped:block/magma_block/overlapping_magma_block_tiles	chipped:block/magma_block/ctm/common_textures/0	chipped:block/magma_block/ctm/overlapping_magma_block_tiles_ctm/3	chipped:block/magma_block/ctm/overlapping_magma_block_tiles_ctm/1	chipped:block/magma_block/ctm/overlapping_magma_block_tiles_ctm/2	9d444a5888602640ea0ac3fb067537359c21f284a122c8f7fd966a54af529d50
chipped:overlapping_mossy_cobblestone_tiles	ctm	chipped:block/overlapping_mossy_cobblestone_tiles	minecraft:block/cube_all	chipped:block/mossy_cobblestone/overlapping_mossy_cobblestone_tiles	chipped:block/mossy_cobblestone/ctm/common_textures/0	chipped:block/mossy_cobblestone/ctm/overlapping_mossy_cobblestone_tiles_ctm/3	chipped:block/mossy_cobblestone/ctm/overlapping_mossy_cobblestone_tiles_ctm/1	chipped:block/mossy_cobblestone/ctm/overlapping_mossy_cobblestone_tiles_ctm/2	c17691143596c8bb6deff7f5ec7fd5b9c1952e79c3f32bd6b3299d03e9c1ace5
chipped:overlapping_mossy_stone_bricks_tiles	ctm	chipped:block/overlapping_mossy_stone_bricks_tiles	minecraft:block/cube_all	chipped:block/mossy_stone_bricks/overlapping_mossy_stone_bricks_tiles	chipped:block/mossy_stone_bricks/ctm/common_textures/0	chipped:block/mossy_stone_bricks/ctm/overlapping_mossy_stone_bricks_tiles_ctm/3	chipped:block/mossy_stone_bricks/ctm/overlapping_mossy_stone_bricks_tiles_ctm/1	chipped:block/mossy_stone_bricks/ctm/overlapping_mossy_stone_bricks_tiles_ctm/2	9e157ab1d6682254482f4bf65070a929801012f578f1357a2707204ff42fa0fe
chipped:overlapping_mud_bricks_tiles	ctm	chipped:block/overlapping_mud_bricks_tiles	minecraft:block/cube_all	chipped:block/mud_bricks/overlapping_mud_bricks_tiles	chipped:block/mud_bricks/ctm/common_textures/0	chipped:block/mud_bricks/ctm/overlapping_mud_bricks_tiles_ctm/3	chipped:block/mud_bricks/ctm/overlapping_mud_bricks_tiles_ctm/1	chipped:block/mud_bricks/ctm/overlapping_mud_bricks_tiles_ctm/2	50b4bf6739895a8d1279f816787090d3eb0cfbf398ec035fefb6d9570d40578e
chipped:overlapping_mud_tiles	ctm	chipped:block/overlapping_mud_tiles	minecraft:block/cube_all	chipped:block/mud/overlapping_mud_tiles	chipped:block/mud/ctm/common_textures/0	chipped:block/mud/ctm/overlapping_mud_tiles_ctm/3	chipped:block/mud/ctm/overlapping_mud_tiles_ctm/1	chipped:block/mud/ctm/overlapping_mud_tiles_ctm/2	0a4594a64cb10f0d9cb9d360f27b6285164a6671a6037d8959ffbef5dcb4ef93
chipped:overlapping_nether_bricks_tiles	ctm	chipped:block/overlapping_nether_bricks_tiles	minecraft:block/cube_all	chipped:block/nether_bricks/overlapping_nether_bricks_tiles	chipped:block/nether_bricks/ctm/common_textures/0	chipped:block/nether_bricks/ctm/overlapping_nether_bricks_tiles_ctm/3	chipped:block/nether_bricks/ctm/overlapping_nether_bricks_tiles_ctm/1	chipped:block/nether_bricks/ctm/overlapping_nether_bricks_tiles_ctm/2	a185241c4de154dac65d96bb19c335067063335cd6839d688a9c6bc2c45cf899
chipped:overlapping_netherrack_tiles	ctm	chipped:block/overlapping_netherrack_tiles	minecraft:block/cube_all	chipped:block/netherrack/overlapping_netherrack_tiles	chipped:block/netherrack/ctm/common_textures/0	chipped:block/netherrack/ctm/overlapping_netherrack_tiles_ctm/3	chipped:block/netherrack/ctm/overlapping_netherrack_tiles_ctm/1	chipped:block/netherrack/ctm/overlapping_netherrack_tiles_ctm/2	95a351b07334c8ed0c4aab58a7d4febfe0b88ca2e6b3e3c07c807732b9bf5200
chipped:overlapping_obsidian_tiles	ctm	chipped:block/overlapping_obsidian_tiles	minecraft:block/cube_all	chipped:block/obsidian/overlapping_obsidian_tiles	chipped:block/obsidian/ctm/common_textures/0	chipped:block/obsidian/ctm/overlapping_obsidian_tiles_ctm/3	chipped:block/obsidian/ctm/overlapping_obsidian_tiles_ctm/1	chipped:block/obsidian/ctm/overlapping_obsidian_tiles_ctm/2	df649598ce88d2f8db719b3ca98741ee813c2f2f353b13e042f1cbc82ea50cc5
chipped:overlapping_packed_ice_tiles	ctm	chipped:block/overlapping_packed_ice_tiles	minecraft:block/cube_all	chipped:block/packed_ice/overlapping_packed_ice_tiles	chipped:block/packed_ice/ctm/common_textures/0	chipped:block/packed_ice/ctm/overlapping_packed_ice_tiles_ctm/3	chipped:block/packed_ice/ctm/overlapping_packed_ice_tiles_ctm/1	chipped:block/packed_ice/ctm/overlapping_packed_ice_tiles_ctm/2	2c2a4682cc0a50cde3f297fd5f87578070f9c97ba362c6d0ddc97d6ca1de0969
chipped:overlapping_packed_mud_tiles	ctm	chipped:block/overlapping_packed_mud_tiles	minecraft:block/cube_all	chipped:block/packed_mud/overlapping_packed_mud_tiles	chipped:block/packed_mud/ctm/common_textures/0	chipped:block/packed_mud/ctm/overlapping_packed_mud_tiles_ctm/3	chipped:block/packed_mud/ctm/overlapping_packed_mud_tiles_ctm/1	chipped:block/packed_mud/ctm/overlapping_packed_mud_tiles_ctm/2	924f58f93c9a7451c62929894eaafcbfa8127e8b8e06713c0d50ea1b7d927b9c
chipped:overlapping_prismarine_tiles	ctm	chipped:block/overlapping_prismarine_tiles	minecraft:block/cube_all	chipped:block/prismarine/overlapping_prismarine_tiles	chipped:block/prismarine/ctm/common_textures/0	chipped:block/prismarine/ctm/overlapping_prismarine_tiles_ctm/3	chipped:block/prismarine/ctm/overlapping_prismarine_tiles_ctm/1	chipped:block/prismarine/ctm/overlapping_prismarine_tiles_ctm/2	1a9d02000257b6993fd2be6e3fed51ead1f3d5bbde9d3d7898c01104d15a2d2b
chipped:overlapping_purpur_block_tiles	ctm	chipped:block/overlapping_purpur_block_tiles	minecraft:block/cube_all	chipped:block/purpur_block/overlapping_purpur_block_tiles	chipped:block/purpur_block/ctm/common_textures/0	chipped:block/purpur_block/ctm/overlapping_purpur_block_tiles_ctm/3	chipped:block/purpur_block/ctm/overlapping_purpur_block_tiles_ctm/1	chipped:block/purpur_block/ctm/overlapping_purpur_block_tiles_ctm/2	a36f92c4cc5c922a8c213cb9dd65c7060174442b2057e2591277e7e593268346
chipped:overlapping_quartz_block_tiles	ctm	chipped:block/overlapping_quartz_block_tiles	minecraft:block/cube_all	chipped:block/quartz_block/overlapping_quartz_block_tiles	chipped:block/quartz_block/ctm/common_textures/0	chipped:block/quartz_block/ctm/overlapping_quartz_block_tiles_ctm/3	chipped:block/quartz_block/ctm/overlapping_quartz_block_tiles_ctm/1	chipped:block/quartz_block/ctm/overlapping_quartz_block_tiles_ctm/2	093d162c330130b9e403214e1006d6cc20f05cecb52f5da8ae964d66018d5f75
chipped:overlapping_raw_copper_block_tiles	ctm	chipped:block/overlapping_raw_copper_block_tiles	minecraft:block/cube_all	chipped:block/raw_copper_block/overlapping_raw_copper_block_tiles	chipped:block/raw_copper_block/ctm/overlapping_raw_copper_block_tiles_ctm/0	chipped:block/raw_copper_block/ctm/overlapping_raw_copper_block_tiles_ctm/3	chipped:block/raw_copper_block/ctm/overlapping_raw_copper_block_tiles_ctm/1	chipped:block/raw_copper_block/ctm/overlapping_raw_copper_block_tiles_ctm/2	e2547b3d2258286d2545b089108b8f7c26d91a357ffbc1cc4196a09afd7f552e
chipped:overlapping_raw_gold_block_tiles	ctm	chipped:block/overlapping_raw_gold_block_tiles	minecraft:block/cube_all	chipped:block/raw_gold_block/overlapping_raw_gold_block_tiles	chipped:block/raw_gold_block/ctm/common_textures/0	chipped:block/raw_gold_block/ctm/overlapping_raw_gold_block_tiles_ctm/3	chipped:block/raw_gold_block/ctm/overlapping_raw_gold_block_tiles_ctm/1	chipped:block/raw_gold_block/ctm/overlapping_raw_gold_block_tiles_ctm/2	c34598f419ab2bff7a47a9ce0861172d3008af299eefa010c774ef4b739c5b60
chipped:overlapping_raw_iron_block_tiles	ctm	chipped:block/overlapping_raw_iron_block_tiles	minecraft:block/cube_all	chipped:block/raw_iron_block/overlapping_raw_iron_block_tiles	chipped:block/raw_iron_block/ctm/common_textures/0	chipped:block/raw_iron_block/ctm/overlapping_raw_iron_block_tiles_ctm/3	chipped:block/raw_iron_block/ctm/overlapping_raw_iron_block_tiles_ctm/1	chipped:block/raw_iron_block/ctm/overlapping_raw_iron_block_tiles_ctm/2	0d034829b667fc73b194537ffeafd4b6e74302dd6591a580303884b1ed9545c5
chipped:overlapping_red_nether_bricks_tiles	ctm	chipped:block/overlapping_red_nether_bricks_tiles	minecraft:block/cube_all	chipped:block/red_nether_bricks/overlapping_red_nether_bricks_tiles	chipped:block/red_nether_bricks/ctm/common_textures/0	chipped:block/red_nether_bricks/ctm/overlapping_red_nether_bricks_tiles_ctm/3	chipped:block/red_nether_bricks/ctm/overlapping_red_nether_bricks_tiles_ctm/1	chipped:block/red_nether_bricks/ctm/overlapping_red_nether_bricks_tiles_ctm/2	828891c187033954ab711bd2c1477711cb6210a87848eb84cb00a7f4582064f8
chipped:overlapping_red_sandstone_tiles	ctm	chipped:block/overlapping_red_sandstone_tiles	minecraft:block/cube_all	chipped:block/red_sandstone/overlapping_red_sandstone_tiles	chipped:block/red_sandstone/ctm/common_textures/0	chipped:block/red_sandstone/ctm/overlapping_red_sandstone_tiles_ctm/3	chipped:block/red_sandstone/ctm/overlapping_red_sandstone_tiles_ctm/1	chipped:block/red_sandstone/ctm/overlapping_red_sandstone_tiles_ctm/2	98e0680587e4414567ff9c627aeaf70d6a99aacbf567fbf3da973d7d70153242
chipped:overlapping_redstone_block_tiles	ctm	chipped:block/overlapping_redstone_block_tiles	minecraft:block/cube_all	chipped:block/redstone_block/overlapping_redstone_block_tiles	chipped:block/redstone_block/ctm/common_textures/0	chipped:block/redstone_block/ctm/overlapping_redstone_block_tiles_ctm/3	chipped:block/redstone_block/ctm/overlapping_redstone_block_tiles_ctm/1	chipped:block/redstone_block/ctm/overlapping_redstone_block_tiles_ctm/2	9912c56b774028303eea1b1bd91740f2b532543fb348ad8031a510f3e3999c41
chipped:overlapping_sandstone_tiles	ctm	chipped:block/overlapping_sandstone_tiles	minecraft:block/cube_all	chipped:block/sandstone/overlapping_sandstone_tiles	chipped:block/sandstone/ctm/common_textures/0	chipped:block/sandstone/ctm/overlapping_sandstone_tiles_ctm/3	chipped:block/sandstone/ctm/overlapping_sandstone_tiles_ctm/1	chipped:block/sandstone/ctm/overlapping_sandstone_tiles_ctm/2	68d478e797e24ac01ad612a2ce1b513a35ac04527bf35b5b2b394e472ec77019
chipped:overlapping_smooth_stone_tiles	ctm	chipped:block/overlapping_smooth_stone_tiles	minecraft:block/cube_all	chipped:block/smooth_stone/overlapping_smooth_stone_tiles	chipped:block/smooth_stone/ctm/overlapping_smooth_stone_tiles_ctm/0	chipped:block/smooth_stone/ctm/overlapping_smooth_stone_tiles_ctm/3	chipped:block/smooth_stone/ctm/overlapping_smooth_stone_tiles_ctm/1	chipped:block/smooth_stone/ctm/overlapping_smooth_stone_tiles_ctm/2	b412d974b48a13e907861afe2bad06a200670d50f4549264cce8499493fd299a
chipped:overlapping_snow_block_tiles	ctm	chipped:block/overlapping_snow_block_tiles	minecraft:block/cube_all	chipped:block/snow_block/overlapping_snow_block_tiles	chipped:block/snow_block/ctm/common_textures/0	chipped:block/snow_block/ctm/overlapping_snow_block_tiles_ctm/3	chipped:block/snow_block/ctm/overlapping_snow_block_tiles_ctm/1	chipped:block/snow_block/ctm/overlapping_snow_block_tiles_ctm/2	8e04b6cbffa639253a4f541b5dec463345e98c6311d443ebb1fdd23fe3e8aabf
chipped:overlapping_stone_tiles	ctm	chipped:block/overlapping_stone_tiles	minecraft:block/cube_all	chipped:block/stone/overlapping_stone_tiles	chipped:block/stone/ctm/common_textures/0	chipped:block/stone/ctm/overlapping_stone_tiles_ctm/3	chipped:block/stone/ctm/overlapping_stone_tiles_ctm/1	chipped:block/stone/ctm/overlapping_stone_tiles_ctm/2	244a2de1ae4539c6e8ecab94133c5ed87d2f7bdfcd9ebfd83bfa00e717de5b74
chipped:overlapping_tuff_tiles	ctm	chipped:block/overlapping_tuff_tiles	minecraft:block/cube_all	chipped:block/tuff/overlapping_tuff_tiles	chipped:block/tuff/ctm/common_textures/0	chipped:block/tuff/ctm/overlapping_tuff_tiles_ctm/3	chipped:block/tuff/ctm/overlapping_tuff_tiles_ctm/1	chipped:block/tuff/ctm/overlapping_tuff_tiles_ctm/2	6a98bc74170c8f842796a0750b08e7f450a7cef3eb35b6df87a5e39df893c595
chipped:pegged_acacia_planks	ctm	chipped:block/pegged_acacia_planks	minecraft:block/cube_all	chipped:block/acacia_planks/pegged_acacia_planks	chipped:block/acacia_planks/ctm/pegged_acacia_planks_ctm/0	chipped:block/acacia_planks/ctm/pegged_acacia_planks_ctm/3	chipped:block/acacia_planks/ctm/pegged_acacia_planks_ctm/1	chipped:block/acacia_planks/ctm/pegged_acacia_planks_ctm/2	253360010309f25b22477fdcaec651caa9d97419ff3886cc6d73dce80ee0a045
chipped:pegged_birch_planks	ctm	chipped:block/pegged_birch_planks	minecraft:block/cube_all	chipped:block/birch_planks/pegged_birch_planks	chipped:block/birch_planks/ctm/pegged_birch_planks_ctm/0	chipped:block/birch_planks/ctm/pegged_birch_planks_ctm/3	chipped:block/birch_planks/ctm/pegged_birch_planks_ctm/1	chipped:block/birch_planks/ctm/pegged_birch_planks_ctm/2	6fdc559d2f64142a442e611dcbdceaee9125d5ad19e17d69d21799a1ad823056
chipped:pegged_black_concrete	ctm	chipped:block/pegged_black_concrete	minecraft:block/cube_all	chipped:block/black_concrete/pegged_black_concrete	chipped:block/black_concrete/ctm/pegged_black_concrete_ctm/0	chipped:block/black_concrete/ctm/pegged_black_concrete_ctm/3	chipped:block/black_concrete/ctm/pegged_black_concrete_ctm/1	chipped:block/black_concrete/ctm/pegged_black_concrete_ctm/2	7c3c10082f4cf5a5ed27e164e7b092a19a449c634477f2ecc2c6063ab1fbe1e7
chipped:pegged_blue_concrete	ctm	chipped:block/pegged_blue_concrete	minecraft:block/cube_all	chipped:block/blue_concrete/pegged_blue_concrete	chipped:block/blue_concrete/ctm/pegged_blue_concrete_ctm/0	chipped:block/blue_concrete/ctm/pegged_blue_concrete_ctm/3	chipped:block/blue_concrete/ctm/pegged_blue_concrete_ctm/1	chipped:block/blue_concrete/ctm/pegged_blue_concrete_ctm/2	f61ed7403e840dba23d15026cab981779da4c7b2129485346ef9f8eded376ea9
chipped:pegged_brown_concrete	ctm	chipped:block/pegged_brown_concrete	minecraft:block/cube_all	chipped:block/brown_concrete/pegged_brown_concrete	chipped:block/brown_concrete/ctm/pegged_brown_concrete_ctm/0	chipped:block/brown_concrete/ctm/pegged_brown_concrete_ctm/3	chipped:block/brown_concrete/ctm/pegged_brown_concrete_ctm/1	chipped:block/brown_concrete/ctm/pegged_brown_concrete_ctm/2	22ebc7b9ae0dd0ff8788c08beaf51d5df3424392f82bbc872275fb51abed8a71
chipped:pegged_cherry_planks	ctm	chipped:block/pegged_cherry_planks	minecraft:block/cube_all	chipped:block/cherry_planks/pegged_cherry_planks	chipped:block/cherry_planks/ctm/pegged_cherry_planks_ctm/0	chipped:block/cherry_planks/ctm/pegged_cherry_planks_ctm/3	chipped:block/cherry_planks/ctm/pegged_cherry_planks_ctm/1	chipped:block/cherry_planks/ctm/pegged_cherry_planks_ctm/2	4108f2cfe74a64da5bdec3fc3c2ca5b14d49a00d43794a2cfb1c29c760e231f9
chipped:pegged_crimson_planks	ctm	chipped:block/pegged_crimson_planks	minecraft:block/cube_all	chipped:block/crimson_planks/pegged_crimson_planks	chipped:block/crimson_planks/ctm/pegged_crimson_planks_ctm/0	chipped:block/crimson_planks/ctm/pegged_crimson_planks_ctm/3	chipped:block/crimson_planks/ctm/pegged_crimson_planks_ctm/1	chipped:block/crimson_planks/ctm/pegged_crimson_planks_ctm/2	bd8aa161e9876bbad4e5845e9442ffa0200f5a5dd245c0f42a4a2a8c9ac32749
chipped:pegged_cyan_concrete	ctm	chipped:block/pegged_cyan_concrete	minecraft:block/cube_all	chipped:block/cyan_concrete/pegged_cyan_concrete	chipped:block/cyan_concrete/ctm/pegged_cyan_concrete_ctm/0	chipped:block/cyan_concrete/ctm/pegged_cyan_concrete_ctm/3	chipped:block/cyan_concrete/ctm/pegged_cyan_concrete_ctm/1	chipped:block/cyan_concrete/ctm/pegged_cyan_concrete_ctm/2	af67aa2b9cfb4ebd59e3d3bd5ae810d40ec649c4a7aa22e1df55ba112cd29529
chipped:pegged_dark_oak_planks	ctm	chipped:block/pegged_dark_oak_planks	minecraft:block/cube_all	chipped:block/dark_oak_planks/pegged_dark_oak_planks	chipped:block/dark_oak_planks/ctm/pegged_dark_oak_planks_ctm/0	chipped:block/dark_oak_planks/ctm/pegged_dark_oak_planks_ctm/3	chipped:block/dark_oak_planks/ctm/pegged_dark_oak_planks_ctm/1	chipped:block/dark_oak_planks/ctm/pegged_dark_oak_planks_ctm/2	257e4c4272260e1ced95982275c9f8f48a80a042e62f6863daff5292c27de81d
chipped:pegged_gray_concrete	ctm	chipped:block/pegged_gray_concrete	minecraft:block/cube_all	chipped:block/gray_concrete/pegged_gray_concrete	chipped:block/gray_concrete/ctm/pegged_gray_concrete_ctm/0	chipped:block/gray_concrete/ctm/pegged_gray_concrete_ctm/3	chipped:block/gray_concrete/ctm/pegged_gray_concrete_ctm/1	chipped:block/gray_concrete/ctm/pegged_gray_concrete_ctm/2	a8449270cd0f7adc8bf9fa063a81e0468d8cf8c8100fe88e336d316e09467120
chipped:pegged_green_concrete	ctm	chipped:block/pegged_green_concrete	minecraft:block/cube_all	chipped:block/green_concrete/pegged_green_concrete	chipped:block/green_concrete/ctm/pegged_green_concrete_ctm/0	chipped:block/green_concrete/ctm/pegged_green_concrete_ctm/3	chipped:block/green_concrete/ctm/pegged_green_concrete_ctm/1	chipped:block/green_concrete/ctm/pegged_green_concrete_ctm/2	0d69c411f229087f9076c4c753e7a37dfd14da8e2aeb44cc73538f9fc30bd093
chipped:pegged_jungle_planks	ctm	chipped:block/pegged_jungle_planks	minecraft:block/cube_all	chipped:block/jungle_planks/pegged_jungle_planks	chipped:block/jungle_planks/ctm/pegged_jungle_planks_ctm/0	chipped:block/jungle_planks/ctm/pegged_jungle_planks_ctm/3	chipped:block/jungle_planks/ctm/pegged_jungle_planks_ctm/1	chipped:block/jungle_planks/ctm/pegged_jungle_planks_ctm/2	a149800b29f77254f815747b61caa6df35203a1adc3e6bee9171a61c80dbb811
chipped:pegged_light_blue_concrete	ctm	chipped:block/pegged_light_blue_concrete	minecraft:block/cube_all	chipped:block/light_blue_concrete/pegged_light_blue_concrete	chipped:block/light_blue_concrete/ctm/pegged_light_blue_concrete_ctm/0	chipped:block/light_blue_concrete/ctm/pegged_light_blue_concrete_ctm/3	chipped:block/light_blue_concrete/ctm/pegged_light_blue_concrete_ctm/1	chipped:block/light_blue_concrete/ctm/pegged_light_blue_concrete_ctm/2	e72de6a7fb74b71455c123a11c52ca883e908a54cf409d84192e4fc800282411
chipped:pegged_light_gray_concrete	ctm	chipped:block/pegged_light_gray_concrete	minecraft:block/cube_all	chipped:block/light_gray_concrete/pegged_light_gray_concrete	chipped:block/light_gray_concrete/ctm/pegged_light_gray_concrete_ctm/0	chipped:block/light_gray_concrete/ctm/pegged_light_gray_concrete_ctm/3	chipped:block/light_gray_concrete/ctm/pegged_light_gray_concrete_ctm/1	chipped:block/light_gray_concrete/ctm/pegged_light_gray_concrete_ctm/2	0b7c405974fd96c087db625241f351b45435b42c926c08f96aaf0df2447413ce
chipped:pegged_lime_concrete	ctm	chipped:block/pegged_lime_concrete	minecraft:block/cube_all	chipped:block/lime_concrete/pegged_lime_concrete	chipped:block/lime_concrete/ctm/pegged_lime_concrete_ctm/0	chipped:block/lime_concrete/ctm/pegged_lime_concrete_ctm/3	chipped:block/lime_concrete/ctm/pegged_lime_concrete_ctm/1	chipped:block/lime_concrete/ctm/pegged_lime_concrete_ctm/2	ac8b1787503a3ed27b7b2e274088764a5a1741d995d590b4115bb5369da16a92
chipped:pegged_magenta_concrete	ctm	chipped:block/pegged_magenta_concrete	minecraft:block/cube_all	chipped:block/magenta_concrete/pegged_magenta_concrete	chipped:block/magenta_concrete/ctm/pegged_magenta_concrete_ctm/0	chipped:block/magenta_concrete/ctm/pegged_magenta_concrete_ctm/3	chipped:block/magenta_concrete/ctm/pegged_magenta_concrete_ctm/1	chipped:block/magenta_concrete/ctm/pegged_magenta_concrete_ctm/2	db4a0422e83d7fc789ea54ea88a9c4843302d21a0d1a8c9c647f360af2f24e04
chipped:pegged_mangrove_planks	ctm	chipped:block/pegged_mangrove_planks	minecraft:block/cube_all	chipped:block/mangrove_planks/pegged_mangrove_planks	chipped:block/mangrove_planks/ctm/pegged_mangrove_planks_ctm/0	chipped:block/mangrove_planks/ctm/pegged_mangrove_planks_ctm/3	chipped:block/mangrove_planks/ctm/pegged_mangrove_planks_ctm/1	chipped:block/mangrove_planks/ctm/pegged_mangrove_planks_ctm/2	14fee54d8dd38fc44d1ef0e7da7dd00adbcd231465e3b58bf3f678434f3354c5
chipped:pegged_oak_planks	ctm	chipped:block/pegged_oak_planks	minecraft:block/cube_all	chipped:block/oak_planks/pegged_oak_planks	chipped:block/oak_planks/ctm/pegged_oak_planks_ctm/0	chipped:block/oak_planks/ctm/pegged_oak_planks_ctm/3	chipped:block/oak_planks/ctm/pegged_oak_planks_ctm/1	chipped:block/oak_planks/ctm/pegged_oak_planks_ctm/2	264b98a0c98b926c3738a50d52cc407ec08013f3156e9cac64d94757d3c1a878
chipped:pegged_orange_concrete	ctm	chipped:block/pegged_orange_concrete	minecraft:block/cube_all	chipped:block/orange_concrete/pegged_orange_concrete	chipped:block/orange_concrete/ctm/pegged_orange_concrete_ctm/0	chipped:block/orange_concrete/ctm/pegged_orange_concrete_ctm/3	chipped:block/orange_concrete/ctm/pegged_orange_concrete_ctm/1	chipped:block/orange_concrete/ctm/pegged_orange_concrete_ctm/2	68ecb1518cbfc92cfdd5774fbf8f5eba7c66f733e12c2864879af22aebbe01e6
chipped:pegged_pink_concrete	ctm	chipped:block/pegged_pink_concrete	minecraft:block/cube_all	chipped:block/pink_concrete/pegged_pink_concrete	chipped:block/pink_concrete/ctm/pegged_pink_concrete_ctm/0	chipped:block/pink_concrete/ctm/pegged_pink_concrete_ctm/3	chipped:block/pink_concrete/ctm/pegged_pink_concrete_ctm/1	chipped:block/pink_concrete/ctm/pegged_pink_concrete_ctm/2	7d47a83532c7fd405c71e1192685d48c7930e39bfc61fcf726d266c069d1cb2a
chipped:pegged_purple_concrete	ctm	chipped:block/pegged_purple_concrete	minecraft:block/cube_all	chipped:block/purple_concrete/pegged_purple_concrete	chipped:block/purple_concrete/ctm/pegged_purple_concrete_ctm/0	chipped:block/purple_concrete/ctm/pegged_purple_concrete_ctm/3	chipped:block/purple_concrete/ctm/pegged_purple_concrete_ctm/1	chipped:block/purple_concrete/ctm/pegged_purple_concrete_ctm/2	4606f7adfa7437ec1fd581c7e010d25416a1fad33f197919eed8a389cbd67f96
chipped:pegged_red_concrete	ctm	chipped:block/pegged_red_concrete	minecraft:block/cube_all	chipped:block/red_concrete/pegged_red_concrete	chipped:block/red_concrete/ctm/pegged_red_concrete_ctm/0	chipped:block/red_concrete/ctm/pegged_red_concrete_ctm/3	chipped:block/red_concrete/ctm/pegged_red_concrete_ctm/1	chipped:block/red_concrete/ctm/pegged_red_concrete_ctm/2	b4f2d1eb8fa53d0585be4576d4d09db669199379f2d017b2aa89169a63e0c346
chipped:pegged_spruce_planks	ctm	chipped:block/pegged_spruce_planks	minecraft:block/cube_all	chipped:block/spruce_planks/pegged_spruce_planks	chipped:block/spruce_planks/ctm/pegged_spruce_planks_ctm/0	chipped:block/spruce_planks/ctm/pegged_spruce_planks_ctm/3	chipped:block/spruce_planks/ctm/pegged_spruce_planks_ctm/1	chipped:block/spruce_planks/ctm/pegged_spruce_planks_ctm/2	bc2b3848d776120bac4a32cebd35ec598f5d3fa22b9a2e4bfc1796647b26eca4
chipped:pegged_warped_planks	ctm	chipped:block/pegged_warped_planks	minecraft:block/cube_all	chipped:block/warped_planks/pegged_warped_planks	chipped:block/warped_planks/ctm/pegged_warped_planks_ctm/0	chipped:block/warped_planks/ctm/pegged_warped_planks_ctm/3	chipped:block/warped_planks/ctm/pegged_warped_planks_ctm/1	chipped:block/warped_planks/ctm/pegged_warped_planks_ctm/2	037f54cacd52426d9a9cb28c8cfa432d499b1f528ab79ecc2a23f78cb1ff3dbf
chipped:pegged_white_concrete	ctm	chipped:block/pegged_white_concrete	minecraft:block/cube_all	chipped:block/white_concrete/pegged_white_concrete	chipped:block/white_concrete/ctm/pegged_white_concrete_ctm/0	chipped:block/white_concrete/ctm/pegged_white_concrete_ctm/3	chipped:block/white_concrete/ctm/pegged_white_concrete_ctm/1	chipped:block/white_concrete/ctm/pegged_white_concrete_ctm/2	00287146deec2fc820e89fea87270e37b3b319179f72c5fc9bc5b227f6d44709
chipped:pegged_yellow_concrete	ctm	chipped:block/pegged_yellow_concrete	minecraft:block/cube_all	chipped:block/yellow_concrete/pegged_yellow_concrete	chipped:block/yellow_concrete/ctm/pegged_yellow_concrete_ctm/0	chipped:block/yellow_concrete/ctm/pegged_yellow_concrete_ctm/3	chipped:block/yellow_concrete/ctm/pegged_yellow_concrete_ctm/1	chipped:block/yellow_concrete/ctm/pegged_yellow_concrete_ctm/2	b4fc3ec0d758f5cbebf0f0958044f7378acf04b43256d2e83a1338d774580e60
chipped:pink_concrete_panel	ctm	chipped:block/pink_concrete_panel	minecraft:block/cube_all	chipped:block/pink_concrete/pink_concrete_panel	chipped:block/pink_concrete/ctm/common_textures/0	chipped:block/pink_concrete/ctm/pink_concrete_panel_ctm/3	chipped:block/pink_concrete/ctm/pink_concrete_panel_ctm/1	chipped:block/pink_concrete/ctm/pink_concrete_panel_ctm/2	a24d2db303935b4eb50c2117af99438398ec6201bb487caf556403f8218021a8
chipped:pink_concrete_pillar	pillar	chipped:block/pink_concrete_pillar	minecraft:block/cube_column	chipped:block/pink_concrete/pink_concrete_pillar	chipped:block/pink_concrete/ctm/pink_concrete_pillar/0	chipped:block/pink_concrete/ctm/pink_concrete_pillar/1	chipped:block/pink_concrete/ctm/common_textures/1	chipped:block/pink_concrete/ctm/pink_concrete_pillar/3	55814cd5e71cdcafcbbac62b367913353cdca65e690100a9998145d218e578e1
chipped:pink_terracotta_column	pillar	chipped:block/pink_terracotta_column	minecraft:block/cube_column	chipped:block/pink_terracotta/pink_terracotta_column	chipped:block/pink_terracotta/ctm/pink_terracotta_column/0	chipped:block/pink_terracotta/ctm/pink_terracotta_column/1	chipped:block/pink_terracotta/ctm/pink_terracotta_column/2	chipped:block/pink_terracotta/ctm/pink_terracotta_column/3	e2c4569df5470fcb4c76e4f0f488ff31010dc468d1b02287fb1e62c2f492daf5
chipped:pink_terracotta_pillar	pillar	chipped:block/pink_terracotta_pillar	minecraft:block/cube_column	chipped:block/pink_terracotta/pink_terracotta_pillar	chipped:block/pink_terracotta/ctm/pink_terracotta_pillar/0	chipped:block/pink_terracotta/ctm/pink_terracotta_pillar/1	chipped:block/pink_terracotta/ctm/pink_terracotta_pillar/2	chipped:block/pink_terracotta/ctm/pink_terracotta_pillar/3	c1f810b593da004474e354957e970ac67785481397c7563cae478053560cab5b
chipped:polished_amethyst_block	ctm	chipped:block/polished_amethyst_block	minecraft:block/cube_all	chipped:block/amethyst_block/polished_amethyst_block	chipped:block/amethyst_block/ctm/common_textures/0	chipped:block/amethyst_block/ctm/polished_amethyst_block_ctm/3	chipped:block/amethyst_block/ctm/polished_amethyst_block_ctm/1	chipped:block/amethyst_block/ctm/polished_amethyst_block_ctm/2	36dbe26b37266db2838c25dd9ef00c9a9844377cca1cb878245966cc27fd9acb
chipped:polished_ancient_debris	ctm	chipped:block/polished_ancient_debris	minecraft:block/cube_all	chipped:block/ancient_debris/polished_ancient_debris	chipped:block/ancient_debris/ctm/common_textures/0	chipped:block/ancient_debris/ctm/polished_ancient_debris_ctm/3	chipped:block/ancient_debris/ctm/polished_ancient_debris_ctm/1	chipped:block/ancient_debris/ctm/polished_ancient_debris_ctm/2	dd3492c26c52b9e5459038698b99d0db310e2b89bf69010ccb9451a0fffadc53
chipped:polished_andesite	ctm	chipped:block/polished_andesite	minecraft:block/cube_all	chipped:block/andesite/polished_andesite	chipped:block/andesite/ctm/common_textures/0	chipped:block/andesite/ctm/polished_andesite_ctm/3	chipped:block/andesite/ctm/polished_andesite_ctm/1	chipped:block/andesite/ctm/polished_andesite_ctm/2	f79fc1ef6e4ea70ae91a7e65fe10fb496b329f9074dfcb4c485e02ac5342a6cc
chipped:polished_basalt	ctm	chipped:block/polished_basalt	minecraft:block/cube_all	chipped:block/basalt/polished_basalt	chipped:block/basalt/ctm/common_textures/0	chipped:block/basalt/ctm/polished_basalt_ctm/3	chipped:block/basalt/ctm/polished_basalt_ctm/1	chipped:block/basalt/ctm/polished_basalt_ctm/2	7e5a9367ba8858786ca765a525030a4a14fbb38f51eb051ee9418b62f1bdc19c
chipped:polished_blackstone	ctm	chipped:block/polished_blackstone	minecraft:block/cube_all	chipped:block/blackstone/polished_blackstone	chipped:block/blackstone/ctm/common_textures/0	chipped:block/blackstone/ctm/polished_blackstone_ctm/3	chipped:block/blackstone/ctm/polished_blackstone_ctm/1	chipped:block/blackstone/ctm/polished_blackstone_ctm/2	9f9a10d399263c4553eb541d29e2cd4020cd5ba3106c598b858037cbb4a9fb84
chipped:polished_blue_ice	ctm	chipped:block/polished_blue_ice	minecraft:block/cube_all	chipped:block/blue_ice/polished_blue_ice	chipped:block/blue_ice/ctm/common_textures/0	chipped:block/blue_ice/ctm/polished_blue_ice_ctm/3	chipped:block/blue_ice/ctm/polished_blue_ice_ctm/1	chipped:block/blue_ice/ctm/polished_blue_ice_ctm/2	2d5aa08dc55349012c17c139591dc48c7697da25535cae01dff36f6a1bec6f25
chipped:polished_borderless_bricks	ctm	chipped:block/polished_borderless_bricks	minecraft:block/cube_all	chipped:block/borderless_bricks/polished_borderless_bricks	chipped:block/borderless_bricks/ctm/common_textures/0	chipped:block/borderless_bricks/ctm/polished_borderless_bricks_ctm/3	chipped:block/borderless_bricks/ctm/polished_borderless_bricks_ctm/1	chipped:block/borderless_bricks/ctm/polished_borderless_bricks_ctm/2	17cda0d964f16b1722c293fd3b1bf36fa94b45857f66d2349a2c8750c17859ac
chipped:polished_bricks	ctm	chipped:block/polished_bricks	minecraft:block/cube_all	chipped:block/bricks/polished_bricks	chipped:block/bricks/ctm/common_textures/0	chipped:block/bricks/ctm/polished_bricks_ctm/3	chipped:block/bricks/ctm/polished_bricks_ctm/1	chipped:block/bricks/ctm/polished_bricks_ctm/2	d7516cddd468d78f727b9ab7d2397dd05a73dd1bbd0a49d0161a0f456822910c
chipped:polished_calcite	ctm	chipped:block/polished_calcite	minecraft:block/cube_all	chipped:block/calcite/polished_calcite	chipped:block/calcite/ctm/common_textures/0	chipped:block/calcite/ctm/polished_calcite_ctm/3	chipped:block/calcite/ctm/polished_calcite_ctm/1	chipped:block/calcite/ctm/polished_calcite_ctm/2	d724881073855b6e0ad4bc7faa23aa79c9d80674e0efff224842fc43b52b9520
chipped:polished_clay	ctm	chipped:block/polished_clay	minecraft:block/cube_all	chipped:block/clay/polished_clay	chipped:block/clay/ctm/common_textures/0	chipped:block/clay/ctm/polished_clay_ctm/3	chipped:block/clay/ctm/polished_clay_ctm/1	chipped:block/clay/ctm/polished_clay_ctm/2	c12491872dbbca34de8dabdb6d4cbd6580c365d5da87ae0b27400dca00cdcd6d
chipped:polished_coal_block	ctm	chipped:block/polished_coal_block	minecraft:block/cube_all	chipped:block/coal_block/polished_coal_block	chipped:block/coal_block/ctm/common_textures/0	chipped:block/coal_block/ctm/polished_coal_block_ctm/3	chipped:block/coal_block/ctm/polished_coal_block_ctm/1	chipped:block/coal_block/ctm/polished_coal_block_ctm/2	ddc74a19f5bfd5ca466f24542a8618e83e7a014a8ebecdbe493170b7f83cf2e5
chipped:polished_cobblestone	ctm	chipped:block/polished_cobblestone	minecraft:block/cube_all	chipped:block/cobblestone/polished_cobblestone	chipped:block/cobblestone/ctm/common_textures/0	chipped:block/cobblestone/ctm/polished_cobblestone_ctm/3	chipped:block/cobblestone/ctm/polished_cobblestone_ctm/1	chipped:block/cobblestone/ctm/polished_cobblestone_ctm/2	caa8936084ba9e84395e0358685fc58caeccaa6a69489b933fda74fdf3a211f6
chipped:polished_crying_obsidian	ctm	chipped:block/polished_crying_obsidian	minecraft:block/cube_all	chipped:block/crying_obsidian/polished_crying_obsidian	chipped:block/crying_obsidian/ctm/common_textures/0	chipped:block/crying_obsidian/ctm/polished_crying_obsidian_ctm/3	chipped:block/crying_obsidian/ctm/polished_crying_obsidian_ctm/1	chipped:block/crying_obsidian/ctm/polished_crying_obsidian_ctm/2	9617d8bf907d3a33f1970a3b8e7c492cd9020c2f03cdcd85b4bfe0aab4999564
chipped:polished_dark_prismarine	ctm	chipped:block/polished_dark_prismarine	minecraft:block/cube_all	chipped:block/dark_prismarine/polished_dark_prismarine	chipped:block/dark_prismarine/ctm/common_textures/0	chipped:block/dark_prismarine/ctm/polished_dark_prismarine_ctm/3	chipped:block/dark_prismarine/ctm/polished_dark_prismarine_ctm/1	chipped:block/dark_prismarine/ctm/polished_dark_prismarine_ctm/2	52f2e7476f0e0b6bceebf395eb378f69e596e9c3719fa4592e173a4385caf6aa
chipped:polished_deepslate	ctm	chipped:block/polished_deepslate	minecraft:block/cube_all	chipped:block/deepslate/polished_deepslate	chipped:block/deepslate/ctm/common_textures/0	chipped:block/deepslate/ctm/polished_deepslate_ctm/3	chipped:block/deepslate/ctm/polished_deepslate_ctm/1	chipped:block/deepslate/ctm/polished_deepslate_ctm/2	b0aa49ec14e84c22f654d77098a1681c07966b8e4bbb1bb77c32b2cb49d1be62
chipped:polished_diorite	ctm	chipped:block/polished_diorite	minecraft:block/cube_all	chipped:block/diorite/polished_diorite	chipped:block/diorite/ctm/common_textures/0	chipped:block/diorite/ctm/polished_diorite_ctm/3	chipped:block/diorite/ctm/polished_diorite_ctm/1	chipped:block/diorite/ctm/polished_diorite_ctm/2	f65617f52e7d7515f47ea21c84f368369c8289a6207ede1b731aadb3b7c0b978
chipped:polished_dirt	ctm	chipped:block/polished_dirt	minecraft:block/cube_all	chipped:block/dirt/polished_dirt	chipped:block/dirt/ctm/polished_dirt_ctm/0	chipped:block/dirt/ctm/polished_dirt_ctm/3	chipped:block/dirt/ctm/polished_dirt_ctm/1	chipped:block/dirt/ctm/polished_dirt_ctm/2	4c60151ab0a2a6cb809eef2efebecf9d7ebda6d1b16633a9a6a47757ee9887e6
chipped:polished_dripstone_block	ctm	chipped:block/polished_dripstone_block	minecraft:block/cube_all	chipped:block/dripstone_block/polished_dripstone_block	chipped:block/dripstone_block/ctm/common_textures/0	chipped:block/dripstone_block/ctm/polished_dripstone_block_ctm/3	chipped:block/dripstone_block/ctm/polished_dripstone_block_ctm/1	chipped:block/dripstone_block/ctm/polished_dripstone_block_ctm/2	d66cf07fdc303ba8703336d0105ca6a0883957cfa0dee89d32fb5ba0d362f303
chipped:polished_end_stone	ctm	chipped:block/polished_end_stone	minecraft:block/cube_all	chipped:block/end_stone/polished_end_stone	chipped:block/end_stone/ctm/common_textures/0	chipped:block/end_stone/ctm/polished_end_stone_ctm/3	chipped:block/end_stone/ctm/polished_end_stone_ctm/1	chipped:block/end_stone/ctm/polished_end_stone_ctm/2	3e00351d8d022fc284149ca45d9c3c624c835977a6b15537a767cb08fe2ebc10
chipped:polished_gilded_blackstone	ctm	chipped:block/polished_gilded_blackstone	minecraft:block/cube_all	chipped:block/gilded_blackstone/polished_gilded_blackstone	chipped:block/gilded_blackstone/ctm/common_textures/0	chipped:block/gilded_blackstone/ctm/polished_gilded_blackstone_ctm/3	chipped:block/gilded_blackstone/ctm/polished_gilded_blackstone_ctm/1	chipped:block/gilded_blackstone/ctm/polished_gilded_blackstone_ctm/2	d42bf3d334804b75079903565908bf98e61e6c5b9c9c68a36664fb9e0a0365ae
chipped:polished_granite	ctm	chipped:block/polished_granite	minecraft:block/cube_all	chipped:block/granite/polished_granite	chipped:block/granite/ctm/common_textures/0	chipped:block/granite/ctm/polished_granite_ctm/3	chipped:block/granite/ctm/polished_granite_ctm/1	chipped:block/granite/ctm/polished_granite_ctm/2	21b9b9e907e263a0218072093c36a04e3df8ad8a4ad3b07938bea645a3a47091
chipped:polished_ice	ctm	chipped:block/polished_ice	minecraft:block/cube_all	chipped:block/ice/polished_ice	chipped:block/ice/ctm/common_textures/0	chipped:block/ice/ctm/polished_ice_ctm/3	chipped:block/ice/ctm/polished_ice_ctm/1	chipped:block/ice/ctm/polished_ice_ctm/2	deb8d0d19e3351750490740edd86c95c3f8f8102c4ab6955b2af49c3c2f34cf8
chipped:polished_lapis_block	ctm	chipped:block/polished_lapis_block	minecraft:block/cube_all	chipped:block/lapis_block/polished_lapis_block	chipped:block/lapis_block/ctm/common_textures/0	chipped:block/lapis_block/ctm/polished_lapis_block_ctm/3	chipped:block/lapis_block/ctm/polished_lapis_block_ctm/1	chipped:block/lapis_block/ctm/polished_lapis_block_ctm/2	1c9d28f22c0c14f78a5ea09121cc7a8b43d4a988e6dfb32e21d67606cc73cccb
chipped:polished_lodestone	ctm	chipped:block/polished_lodestone	minecraft:block/cube_all	chipped:block/lodestone/polished_lodestone	chipped:block/lodestone/ctm/common_textures/0	chipped:block/lodestone/ctm/polished_lodestone_ctm/3	chipped:block/lodestone/ctm/polished_lodestone_ctm/1	chipped:block/lodestone/ctm/polished_lodestone_ctm/2	46b3da30292efcbad3e6f06ce817503421e95525be6687757a79a8d487076850
chipped:polished_magma_block	ctm	chipped:block/polished_magma_block	minecraft:block/cube_all	chipped:block/magma_block/polished_magma_block	chipped:block/magma_block/ctm/common_textures/0	chipped:block/magma_block/ctm/polished_magma_block_ctm/3	chipped:block/magma_block/ctm/polished_magma_block_ctm/1	chipped:block/magma_block/ctm/polished_magma_block_ctm/2	e6b3b833d2e21b5ba9fe79e668103a789ebdbbdec420af3730f6f4ef77f4d6e8
chipped:polished_mossy_cobblestone	ctm	chipped:block/polished_mossy_cobblestone	minecraft:block/cube_all	chipped:block/mossy_cobblestone/polished_mossy_cobblestone	chipped:block/mossy_cobblestone/ctm/common_textures/0	chipped:block/mossy_cobblestone/ctm/polished_mossy_cobblestone_ctm/3	chipped:block/mossy_cobblestone/ctm/polished_mossy_cobblestone_ctm/1	chipped:block/mossy_cobblestone/ctm/polished_mossy_cobblestone_ctm/2	4d848e807aef008ea9596097a044a0652167429e355bc8fb48065c087fccd36d
chipped:polished_mossy_stone_bricks	ctm	chipped:block/polished_mossy_stone_bricks	minecraft:block/cube_all	chipped:block/mossy_stone_bricks/polished_mossy_stone_bricks	chipped:block/mossy_stone_bricks/ctm/common_textures/0	chipped:block/mossy_stone_bricks/ctm/polished_mossy_stone_bricks_ctm/3	chipped:block/mossy_stone_bricks/ctm/polished_mossy_stone_bricks_ctm/1	chipped:block/mossy_stone_bricks/ctm/polished_mossy_stone_bricks_ctm/2	f0c7d62d86cf96bf06426e001fe36ee981e5a53bd70c0f0cb805bad0766cbe60
chipped:polished_nether_bricks	ctm	chipped:block/polished_nether_bricks	minecraft:block/cube_all	chipped:block/nether_bricks/polished_nether_bricks	chipped:block/nether_bricks/ctm/common_textures/0	chipped:block/nether_bricks/ctm/polished_nether_bricks_ctm/3	chipped:block/nether_bricks/ctm/polished_nether_bricks_ctm/1	chipped:block/nether_bricks/ctm/polished_nether_bricks_ctm/2	f7ad2af7f66ec2267752a4a8792c47fa2a49915180c4bcd38a2158ca45478ea7
chipped:polished_netherrack	ctm	chipped:block/polished_netherrack	minecraft:block/cube_all	chipped:block/netherrack/polished_netherrack	chipped:block/netherrack/ctm/common_textures/0	chipped:block/netherrack/ctm/polished_netherrack_ctm/3	chipped:block/netherrack/ctm/polished_netherrack_ctm/1	chipped:block/netherrack/ctm/polished_netherrack_ctm/2	c5018bd73e473f49a8a45a2dd19662d76bdb80a37e4f25ccd4852d7474d98078
chipped:polished_obsidian	ctm	chipped:block/polished_obsidian	minecraft:block/cube_all	chipped:block/obsidian/polished_obsidian	chipped:block/obsidian/ctm/common_textures/0	chipped:block/obsidian/ctm/polished_obsidian_ctm/3	chipped:block/obsidian/ctm/polished_obsidian_ctm/1	chipped:block/obsidian/ctm/polished_obsidian_ctm/2	d78d1437159b56270912f3efb06e4cd5773824bb8159f51c6585fe977a14f268
chipped:polished_packed_ice	ctm	chipped:block/polished_packed_ice	minecraft:block/cube_all	chipped:block/packed_ice/polished_packed_ice	chipped:block/packed_ice/ctm/common_textures/0	chipped:block/packed_ice/ctm/polished_packed_ice_ctm/3	chipped:block/packed_ice/ctm/polished_packed_ice_ctm/1	chipped:block/packed_ice/ctm/polished_packed_ice_ctm/2	4f974b4264249ff066acc1036063b41cdf6996bccfc1d1b3b4cdbb32d84668c4
chipped:polished_prismarine	ctm	chipped:block/polished_prismarine	minecraft:block/cube_all	chipped:block/prismarine/polished_prismarine	chipped:block/prismarine/ctm/common_textures/0	chipped:block/prismarine/ctm/polished_prismarine_ctm/3	chipped:block/prismarine/ctm/polished_prismarine_ctm/1	chipped:block/prismarine/ctm/polished_prismarine_ctm/2	902f22bd7b60c7f389179183d2100ff0c95a6d7bc0c6efe149ddc288f9575a69
chipped:polished_purpur_block	ctm	chipped:block/polished_purpur_block	minecraft:block/cube_all	chipped:block/purpur_block/polished_purpur_block	chipped:block/purpur_block/ctm/common_textures/0	chipped:block/purpur_block/ctm/polished_purpur_block_ctm/3	chipped:block/purpur_block/ctm/polished_purpur_block_ctm/1	chipped:block/purpur_block/ctm/polished_purpur_block_ctm/2	036165d9622ac2f5d2b63e0bef8abd836acfaf0c17d13ff53dd565691576129a
chipped:polished_quartz_block	ctm	chipped:block/polished_quartz_block	minecraft:block/cube_all	chipped:block/quartz_block/polished_quartz_block	chipped:block/quartz_block/ctm/common_textures/0	chipped:block/quartz_block/ctm/polished_quartz_block_ctm/3	chipped:block/quartz_block/ctm/polished_quartz_block_ctm/1	chipped:block/quartz_block/ctm/polished_quartz_block_ctm/2	dc966e1e815b4a19511fef8eaad8f80a5315ab71cde4e6aa7787f24aa4fee9f6
chipped:polished_raw_copper_block	ctm	chipped:block/polished_raw_copper_block	minecraft:block/cube_all	chipped:block/raw_copper_block/polished_raw_copper_block	chipped:block/raw_copper_block/ctm/polished_raw_copper_block_ctm/0	chipped:block/raw_copper_block/ctm/polished_raw_copper_block_ctm/3	chipped:block/raw_copper_block/ctm/polished_raw_copper_block_ctm/1	chipped:block/raw_copper_block/ctm/polished_raw_copper_block_ctm/2	1b1cd94a0e3dcb83432abaed464b57577820f502b99b4ccd212b501171e60abe
chipped:polished_raw_gold_block	ctm	chipped:block/polished_raw_gold_block	minecraft:block/cube_all	chipped:block/raw_gold_block/polished_raw_gold_block	chipped:block/raw_gold_block/ctm/common_textures/0	chipped:block/raw_gold_block/ctm/polished_raw_gold_block_ctm/3	chipped:block/raw_gold_block/ctm/polished_raw_gold_block_ctm/1	chipped:block/raw_gold_block/ctm/polished_raw_gold_block_ctm/2	023b560e126c298aa8f1a98d63322c644c7c1c764dd52a75587aafaf3cb36fab
chipped:polished_raw_iron_block	ctm	chipped:block/polished_raw_iron_block	minecraft:block/cube_all	chipped:block/raw_iron_block/polished_raw_iron_block	chipped:block/raw_iron_block/ctm/common_textures/0	chipped:block/raw_iron_block/ctm/polished_raw_iron_block_ctm/3	chipped:block/raw_iron_block/ctm/polished_raw_iron_block_ctm/1	chipped:block/raw_iron_block/ctm/polished_raw_iron_block_ctm/2	24cdf4c40a37cf16dc00f75f33c3c8b4a3f6134089cb5357290f8dcbfcb4017f
chipped:polished_red_nether_bricks	ctm	chipped:block/polished_red_nether_bricks	minecraft:block/cube_all	chipped:block/red_nether_bricks/polished_red_nether_bricks	chipped:block/red_nether_bricks/ctm/common_textures/0	chipped:block/red_nether_bricks/ctm/polished_red_nether_bricks_ctm/3	chipped:block/red_nether_bricks/ctm/polished_red_nether_bricks_ctm/1	chipped:block/red_nether_bricks/ctm/polished_red_nether_bricks_ctm/2	1071bc3d8f91659056dec143669e82fb4b35a98093fa7655b465b11bc5cf2a95
chipped:polished_red_sandstone	ctm	chipped:block/polished_red_sandstone	minecraft:block/cube_all	chipped:block/red_sandstone/polished_red_sandstone	chipped:block/red_sandstone/ctm/common_textures/0	chipped:block/red_sandstone/ctm/polished_red_sandstone_ctm/3	chipped:block/red_sandstone/ctm/polished_red_sandstone_ctm/1	chipped:block/red_sandstone/ctm/polished_red_sandstone_ctm/2	9ef5f856a6d35cb37fc388e7ace0a7f35a0204758bc8916b99e0f913fc950f6b
chipped:polished_redstone_block	ctm	chipped:block/polished_redstone_block	minecraft:block/cube_all	chipped:block/redstone_block/polished_redstone_block	chipped:block/redstone_block/ctm/common_textures/0	chipped:block/redstone_block/ctm/polished_redstone_block_ctm/3	chipped:block/redstone_block/ctm/polished_redstone_block_ctm/1	chipped:block/redstone_block/ctm/polished_redstone_block_ctm/2	e5e1c3a0df309bd65abf5a8f17a435ad60c2bcaf7a4def4b1a15dcb592ee68eb
chipped:polished_sandstone	ctm	chipped:block/polished_sandstone	minecraft:block/cube_all	chipped:block/sandstone/polished_sandstone	chipped:block/sandstone/ctm/common_textures/0	chipped:block/sandstone/ctm/polished_sandstone_ctm/3	chipped:block/sandstone/ctm/polished_sandstone_ctm/1	chipped:block/sandstone/ctm/polished_sandstone_ctm/2	8d5f2c244979bead687f7ab72b05a53b0c4e01adeac1ac69933293dd98029f0a
chipped:polished_smooth_stone	ctm	chipped:block/polished_smooth_stone	minecraft:block/cube_all	chipped:block/smooth_stone/polished_smooth_stone	chipped:block/smooth_stone/ctm/polished_smooth_stone_ctm/0	chipped:block/smooth_stone/ctm/polished_smooth_stone_ctm/3	chipped:block/smooth_stone/ctm/polished_smooth_stone_ctm/1	chipped:block/smooth_stone/ctm/polished_smooth_stone_ctm/2	684431b3cb4b5d1b1878b43998ed65d403ce8dc21a9b512962c92a46be72c3aa
chipped:polished_snow_block	ctm	chipped:block/polished_snow_block	minecraft:block/cube_all	chipped:block/snow_block/polished_snow_block	chipped:block/snow_block/ctm/common_textures/0	chipped:block/snow_block/ctm/polished_snow_block_ctm/3	chipped:block/snow_block/ctm/polished_snow_block_ctm/1	chipped:block/snow_block/ctm/polished_snow_block_ctm/2	d9bfd136733c8c849cdcc369a1951352e45b97c0859dc879cfc6c8d82f9b8f4a
chipped:polished_stone	ctm	chipped:block/polished_stone	minecraft:block/cube_all	chipped:block/stone/polished_stone	chipped:block/stone/ctm/common_textures/0	chipped:block/stone/ctm/polished_stone_ctm/3	chipped:block/stone/ctm/polished_stone_ctm/1	chipped:block/stone/ctm/polished_stone_ctm/2	026b08079e5f8d0b798da9f89a8c92d14046e68ca456c64481900c3f12c793ba
chipped:polished_tuff	ctm	chipped:block/polished_tuff	minecraft:block/cube_all	chipped:block/tuff/polished_tuff	chipped:block/tuff/ctm/common_textures/0	chipped:block/tuff/ctm/polished_tuff_ctm/3	chipped:block/tuff/ctm/polished_tuff_ctm/1	chipped:block/tuff/ctm/polished_tuff_ctm/2	0374fb0d60c88985904fecd90b5b05e60304f64ad3ea8ecac8b3f9c35a57bbd4
chipped:purple_concrete_panel	ctm	chipped:block/purple_concrete_panel	minecraft:block/cube_all	chipped:block/purple_concrete/purple_concrete_panel	chipped:block/purple_concrete/ctm/common_textures/0	chipped:block/purple_concrete/ctm/purple_concrete_panel_ctm/3	chipped:block/purple_concrete/ctm/purple_concrete_panel_ctm/1	chipped:block/purple_concrete/ctm/purple_concrete_panel_ctm/2	77a7a761afa2be0c164a0365e3de6466abb5dfa60639c0df480278b399f6a6e3
chipped:purple_concrete_pillar	pillar	chipped:block/purple_concrete_pillar	minecraft:block/cube_column	chipped:block/purple_concrete/purple_concrete_pillar	chipped:block/purple_concrete/ctm/purple_concrete_pillar/0	chipped:block/purple_concrete/ctm/purple_concrete_pillar/1	chipped:block/purple_concrete/ctm/common_textures/1	chipped:block/purple_concrete/ctm/purple_concrete_pillar/3	41566c911d4a494bcfb878d71cd0c1888b02f6f91c357ea36750f8c57256266b
chipped:purple_terracotta_column	pillar	chipped:block/purple_terracotta_column	minecraft:block/cube_column	chipped:block/purple_terracotta/purple_terracotta_column	chipped:block/purple_terracotta/ctm/purple_terracotta_column/0	chipped:block/purple_terracotta/ctm/purple_terracotta_column/1	chipped:block/purple_terracotta/ctm/purple_terracotta_column/2	chipped:block/purple_terracotta/ctm/purple_terracotta_column/3	a13fd9fed5056db8a2a4125057507b6bec8f57b052191f9d96ba15b3a8cc14f2
chipped:purple_terracotta_pillar	pillar	chipped:block/purple_terracotta_pillar	minecraft:block/cube_column	chipped:block/purple_terracotta/purple_terracotta_pillar	chipped:block/purple_terracotta/ctm/purple_terracotta_pillar/0	chipped:block/purple_terracotta/ctm/purple_terracotta_pillar/1	chipped:block/purple_terracotta/ctm/purple_terracotta_pillar/2	chipped:block/purple_terracotta/ctm/purple_terracotta_pillar/3	4b7f26e08e782b59e4f833fbdb874c9d935bfa28ae6d95ec04d05220f7e3d894
chipped:raster_black_stained_glass	ctm	chipped:block/raster_black_stained_glass	minecraft:block/cube_all	chipped:block/black_stained_glass/raster_black_stained_glass	chipped:block/black_stained_glass/ctm/raster_black_stained_glass_ctm/0	chipped:block/black_stained_glass/ctm/raster_black_stained_glass_ctm/3	chipped:block/black_stained_glass/ctm/raster_black_stained_glass_ctm/1	chipped:block/black_stained_glass/ctm/raster_black_stained_glass_ctm/2	3f3407c7c44b9b47c1b9b0d61e8c8a432c7fd9ac8a85796f1412e0f5eb6bb8b1
chipped:raster_black_stained_glass_pane	pane_ctm	chipped:block/raster_black_stained_glass_pane	minecraft:block/cube_all	chipped:block/black_stained_glass/raster_black_stained_glass	chipped:block/black_stained_glass/ctm/raster_black_stained_glass_ctm/0	chipped:block/black_stained_glass/ctm/raster_black_stained_glass_ctm/3	chipped:block/black_stained_glass/ctm/raster_black_stained_glass_ctm/1	chipped:block/black_stained_glass/ctm/raster_black_stained_glass_ctm/2	3f3407c7c44b9b47c1b9b0d61e8c8a432c7fd9ac8a85796f1412e0f5eb6bb8b1
chipped:raster_blue_stained_glass	ctm	chipped:block/raster_blue_stained_glass	minecraft:block/cube_all	chipped:block/blue_stained_glass/raster_blue_stained_glass	chipped:block/blue_stained_glass/ctm/raster_blue_stained_glass_ctm/0	chipped:block/blue_stained_glass/ctm/raster_blue_stained_glass_ctm/3	chipped:block/blue_stained_glass/ctm/raster_blue_stained_glass_ctm/1	chipped:block/blue_stained_glass/ctm/raster_blue_stained_glass_ctm/2	50329896fd946f3b287092f4bb398d44b35fdb7f7fc32b4fbc739342edb62ed6
chipped:raster_blue_stained_glass_pane	pane_ctm	chipped:block/raster_blue_stained_glass_pane	minecraft:block/cube_all	chipped:block/blue_stained_glass/raster_blue_stained_glass	chipped:block/blue_stained_glass/ctm/raster_blue_stained_glass_ctm/0	chipped:block/blue_stained_glass/ctm/raster_blue_stained_glass_ctm/3	chipped:block/blue_stained_glass/ctm/raster_blue_stained_glass_ctm/1	chipped:block/blue_stained_glass/ctm/raster_blue_stained_glass_ctm/2	50329896fd946f3b287092f4bb398d44b35fdb7f7fc32b4fbc739342edb62ed6
chipped:raster_brown_stained_glass	ctm	chipped:block/raster_brown_stained_glass	minecraft:block/cube_all	chipped:block/brown_stained_glass/raster_brown_stained_glass	chipped:block/brown_stained_glass/ctm/raster_brown_stained_glass_ctm/0	chipped:block/brown_stained_glass/ctm/raster_brown_stained_glass_ctm/3	chipped:block/brown_stained_glass/ctm/raster_brown_stained_glass_ctm/1	chipped:block/brown_stained_glass/ctm/raster_brown_stained_glass_ctm/2	24b418cec8354e7e82139338ce3a15746eb32d72132bdd94f4d069cc133010db
chipped:raster_brown_stained_glass_pane	pane_ctm	chipped:block/raster_brown_stained_glass_pane	minecraft:block/cube_all	chipped:block/brown_stained_glass/raster_brown_stained_glass	chipped:block/brown_stained_glass/ctm/raster_brown_stained_glass_ctm/0	chipped:block/brown_stained_glass/ctm/raster_brown_stained_glass_ctm/3	chipped:block/brown_stained_glass/ctm/raster_brown_stained_glass_ctm/1	chipped:block/brown_stained_glass/ctm/raster_brown_stained_glass_ctm/2	24b418cec8354e7e82139338ce3a15746eb32d72132bdd94f4d069cc133010db
chipped:raster_cyan_stained_glass	ctm	chipped:block/raster_cyan_stained_glass	minecraft:block/cube_all	chipped:block/cyan_stained_glass/raster_cyan_stained_glass	chipped:block/cyan_stained_glass/ctm/raster_cyan_stained_glass_ctm/0	chipped:block/cyan_stained_glass/ctm/raster_cyan_stained_glass_ctm/3	chipped:block/cyan_stained_glass/ctm/raster_cyan_stained_glass_ctm/1	chipped:block/cyan_stained_glass/ctm/raster_cyan_stained_glass_ctm/2	97a0f3131f85dcc04a11117f8c575942402082b06652ac2b329eaf14ca8afc56
chipped:raster_cyan_stained_glass_pane	pane_ctm	chipped:block/raster_cyan_stained_glass_pane	minecraft:block/cube_all	chipped:block/cyan_stained_glass/raster_cyan_stained_glass	chipped:block/cyan_stained_glass/ctm/raster_cyan_stained_glass_ctm/0	chipped:block/cyan_stained_glass/ctm/raster_cyan_stained_glass_ctm/3	chipped:block/cyan_stained_glass/ctm/raster_cyan_stained_glass_ctm/1	chipped:block/cyan_stained_glass/ctm/raster_cyan_stained_glass_ctm/2	97a0f3131f85dcc04a11117f8c575942402082b06652ac2b329eaf14ca8afc56
chipped:raster_gray_stained_glass	ctm	chipped:block/raster_gray_stained_glass	minecraft:block/cube_all	chipped:block/gray_stained_glass/raster_gray_stained_glass	chipped:block/gray_stained_glass/ctm/raster_gray_stained_glass_ctm/0	chipped:block/gray_stained_glass/ctm/raster_gray_stained_glass_ctm/3	chipped:block/gray_stained_glass/ctm/raster_gray_stained_glass_ctm/1	chipped:block/gray_stained_glass/ctm/raster_gray_stained_glass_ctm/2	5237e508d667186db7dbdcbc42bbd800a2cdb1a474eb1a66d8d506c2e423a24a
chipped:raster_gray_stained_glass_pane	pane_ctm	chipped:block/raster_gray_stained_glass_pane	minecraft:block/cube_all	chipped:block/gray_stained_glass/raster_gray_stained_glass	chipped:block/gray_stained_glass/ctm/raster_gray_stained_glass_ctm/0	chipped:block/gray_stained_glass/ctm/raster_gray_stained_glass_ctm/3	chipped:block/gray_stained_glass/ctm/raster_gray_stained_glass_ctm/1	chipped:block/gray_stained_glass/ctm/raster_gray_stained_glass_ctm/2	5237e508d667186db7dbdcbc42bbd800a2cdb1a474eb1a66d8d506c2e423a24a
chipped:raster_green_stained_glass	ctm	chipped:block/raster_green_stained_glass	minecraft:block/cube_all	chipped:block/green_stained_glass/raster_green_stained_glass	chipped:block/green_stained_glass/ctm/raster_green_stained_glass_ctm/0	chipped:block/green_stained_glass/ctm/raster_green_stained_glass_ctm/3	chipped:block/green_stained_glass/ctm/raster_green_stained_glass_ctm/1	chipped:block/green_stained_glass/ctm/raster_green_stained_glass_ctm/2	97a54a59d80c05e6b889dea3b38729f2bf827473011bf3052f0e424c1ee5e178
chipped:raster_green_stained_glass_pane	pane_ctm	chipped:block/raster_green_stained_glass_pane	minecraft:block/cube_all	chipped:block/green_stained_glass/raster_green_stained_glass	chipped:block/green_stained_glass/ctm/raster_green_stained_glass_ctm/0	chipped:block/green_stained_glass/ctm/raster_green_stained_glass_ctm/3	chipped:block/green_stained_glass/ctm/raster_green_stained_glass_ctm/1	chipped:block/green_stained_glass/ctm/raster_green_stained_glass_ctm/2	97a54a59d80c05e6b889dea3b38729f2bf827473011bf3052f0e424c1ee5e178
chipped:raster_leaded_glass	ctm	chipped:block/raster_leaded_glass	minecraft:block/cube_all	chipped:block/glass/raster_leaded_glass	chipped:block/glass/ctm/raster_leaded_glass_ctm/0	chipped:block/glass/ctm/raster_leaded_glass_ctm/3	chipped:block/glass/ctm/raster_leaded_glass_ctm/1	chipped:block/glass/ctm/raster_leaded_glass_ctm/2	ac1faabb0fa3c0b3f4db60c993df981d49cd23204b1eca8d6348a49afc5a7276
chipped:raster_leaded_glass_pane	pane_ctm	chipped:block/raster_leaded_glass_pane	minecraft:block/cube_all	chipped:block/glass/raster_leaded_glass	chipped:block/glass/ctm/raster_leaded_glass_ctm/0	chipped:block/glass/ctm/raster_leaded_glass_ctm/3	chipped:block/glass/ctm/raster_leaded_glass_ctm/1	chipped:block/glass/ctm/raster_leaded_glass_ctm/2	ac1faabb0fa3c0b3f4db60c993df981d49cd23204b1eca8d6348a49afc5a7276
chipped:raster_light_blue_stained_glass	ctm	chipped:block/raster_light_blue_stained_glass	minecraft:block/cube_all	chipped:block/light_blue_stained_glass/raster_light_blue_stained_glass	chipped:block/light_blue_stained_glass/ctm/raster_light_blue_stained_glass_ctm/0	chipped:block/light_blue_stained_glass/ctm/raster_light_blue_stained_glass_ctm/3	chipped:block/light_blue_stained_glass/ctm/raster_light_blue_stained_glass_ctm/1	chipped:block/light_blue_stained_glass/ctm/raster_light_blue_stained_glass_ctm/2	1bbd92f3b415cb4a4c5e95191f8536a4c74f081ab370ba818b6ad92c97aa13b2
chipped:raster_light_blue_stained_glass_pane	pane_ctm	chipped:block/raster_light_blue_stained_glass_pane	minecraft:block/cube_all	chipped:block/light_blue_stained_glass/raster_light_blue_stained_glass	chipped:block/light_blue_stained_glass/ctm/raster_light_blue_stained_glass_ctm/0	chipped:block/light_blue_stained_glass/ctm/raster_light_blue_stained_glass_ctm/3	chipped:block/light_blue_stained_glass/ctm/raster_light_blue_stained_glass_ctm/1	chipped:block/light_blue_stained_glass/ctm/raster_light_blue_stained_glass_ctm/2	1bbd92f3b415cb4a4c5e95191f8536a4c74f081ab370ba818b6ad92c97aa13b2
chipped:raster_light_gray_stained_glass	ctm	chipped:block/raster_light_gray_stained_glass	minecraft:block/cube_all	chipped:block/light_gray_stained_glass/raster_light_gray_stained_glass	chipped:block/light_gray_stained_glass/ctm/raster_light_gray_stained_glass_ctm/0	chipped:block/light_gray_stained_glass/ctm/raster_light_gray_stained_glass_ctm/3	chipped:block/light_gray_stained_glass/ctm/raster_light_gray_stained_glass_ctm/1	chipped:block/light_gray_stained_glass/ctm/raster_light_gray_stained_glass_ctm/2	6d0c67ea91c2ea4fe8ddfb84e2ea2c9004cc46b63b34cfdc88e4db66c0e19f39
chipped:raster_light_gray_stained_glass_pane	pane_ctm	chipped:block/raster_light_gray_stained_glass_pane	minecraft:block/cube_all	chipped:block/light_gray_stained_glass/raster_light_gray_stained_glass	chipped:block/light_gray_stained_glass/ctm/raster_light_gray_stained_glass_ctm/0	chipped:block/light_gray_stained_glass/ctm/raster_light_gray_stained_glass_ctm/3	chipped:block/light_gray_stained_glass/ctm/raster_light_gray_stained_glass_ctm/1	chipped:block/light_gray_stained_glass/ctm/raster_light_gray_stained_glass_ctm/2	6d0c67ea91c2ea4fe8ddfb84e2ea2c9004cc46b63b34cfdc88e4db66c0e19f39
chipped:raster_lime_stained_glass	ctm	chipped:block/raster_lime_stained_glass	minecraft:block/cube_all	chipped:block/lime_stained_glass/raster_lime_stained_glass	chipped:block/lime_stained_glass/ctm/raster_lime_stained_glass_ctm/0	chipped:block/lime_stained_glass/ctm/raster_lime_stained_glass_ctm/3	chipped:block/lime_stained_glass/ctm/raster_lime_stained_glass_ctm/1	chipped:block/lime_stained_glass/ctm/raster_lime_stained_glass_ctm/2	0c107bad7487dd2e9af9fa1854d02ae6483ac38e78818761cb1f699a9d33782f
chipped:raster_lime_stained_glass_pane	pane_ctm	chipped:block/raster_lime_stained_glass_pane	minecraft:block/cube_all	chipped:block/lime_stained_glass/raster_lime_stained_glass	chipped:block/lime_stained_glass/ctm/raster_lime_stained_glass_ctm/0	chipped:block/lime_stained_glass/ctm/raster_lime_stained_glass_ctm/3	chipped:block/lime_stained_glass/ctm/raster_lime_stained_glass_ctm/1	chipped:block/lime_stained_glass/ctm/raster_lime_stained_glass_ctm/2	0c107bad7487dd2e9af9fa1854d02ae6483ac38e78818761cb1f699a9d33782f
chipped:raster_magenta_stained_glass	ctm	chipped:block/raster_magenta_stained_glass	minecraft:block/cube_all	chipped:block/magenta_stained_glass/raster_magenta_stained_glass	chipped:block/magenta_stained_glass/ctm/raster_magenta_stained_glass_ctm/0	chipped:block/magenta_stained_glass/ctm/raster_magenta_stained_glass_ctm/3	chipped:block/magenta_stained_glass/ctm/raster_magenta_stained_glass_ctm/1	chipped:block/magenta_stained_glass/ctm/raster_magenta_stained_glass_ctm/2	f718c5766e84e17b31f7a39af0751c64ca2fbcd85e057c7da8365dfd762953ce
chipped:raster_magenta_stained_glass_pane	pane_ctm	chipped:block/raster_magenta_stained_glass_pane	minecraft:block/cube_all	chipped:block/magenta_stained_glass/raster_magenta_stained_glass	chipped:block/magenta_stained_glass/ctm/raster_magenta_stained_glass_ctm/0	chipped:block/magenta_stained_glass/ctm/raster_magenta_stained_glass_ctm/3	chipped:block/magenta_stained_glass/ctm/raster_magenta_stained_glass_ctm/1	chipped:block/magenta_stained_glass/ctm/raster_magenta_stained_glass_ctm/2	f718c5766e84e17b31f7a39af0751c64ca2fbcd85e057c7da8365dfd762953ce
chipped:raster_orange_stained_glass	ctm	chipped:block/raster_orange_stained_glass	minecraft:block/cube_all	chipped:block/orange_stained_glass/raster_orange_stained_glass	chipped:block/orange_stained_glass/ctm/raster_orange_stained_glass_ctm/0	chipped:block/orange_stained_glass/ctm/raster_orange_stained_glass_ctm/3	chipped:block/orange_stained_glass/ctm/raster_orange_stained_glass_ctm/1	chipped:block/orange_stained_glass/ctm/raster_orange_stained_glass_ctm/2	e6fcbacf51b1da7d072630ca6c25558cc5d4a95a52f61f60cc27c6b18f04c0e3
chipped:raster_orange_stained_glass_pane	pane_ctm	chipped:block/raster_orange_stained_glass_pane	minecraft:block/cube_all	chipped:block/orange_stained_glass/raster_orange_stained_glass	chipped:block/orange_stained_glass/ctm/raster_orange_stained_glass_ctm/0	chipped:block/orange_stained_glass/ctm/raster_orange_stained_glass_ctm/3	chipped:block/orange_stained_glass/ctm/raster_orange_stained_glass_ctm/1	chipped:block/orange_stained_glass/ctm/raster_orange_stained_glass_ctm/2	e6fcbacf51b1da7d072630ca6c25558cc5d4a95a52f61f60cc27c6b18f04c0e3
chipped:raster_pink_stained_glass	ctm	chipped:block/raster_pink_stained_glass	minecraft:block/cube_all	chipped:block/pink_stained_glass/raster_pink_stained_glass	chipped:block/pink_stained_glass/ctm/raster_pink_stained_glass_ctm/0	chipped:block/pink_stained_glass/ctm/raster_pink_stained_glass_ctm/3	chipped:block/pink_stained_glass/ctm/raster_pink_stained_glass_ctm/1	chipped:block/pink_stained_glass/ctm/raster_pink_stained_glass_ctm/2	f514c20fbc73f02f57365a0e56933e7a4a68ed0aa162a029deb074a40bceaf6f
chipped:raster_pink_stained_glass_pane	pane_ctm	chipped:block/raster_pink_stained_glass_pane	minecraft:block/cube_all	chipped:block/pink_stained_glass/raster_pink_stained_glass	chipped:block/pink_stained_glass/ctm/raster_pink_stained_glass_ctm/0	chipped:block/pink_stained_glass/ctm/raster_pink_stained_glass_ctm/3	chipped:block/pink_stained_glass/ctm/raster_pink_stained_glass_ctm/1	chipped:block/pink_stained_glass/ctm/raster_pink_stained_glass_ctm/2	f514c20fbc73f02f57365a0e56933e7a4a68ed0aa162a029deb074a40bceaf6f
chipped:raster_purple_stained_glass	ctm	chipped:block/raster_purple_stained_glass	minecraft:block/cube_all	chipped:block/purple_stained_glass/raster_purple_stained_glass	chipped:block/purple_stained_glass/ctm/raster_purple_stained_glass_ctm/0	chipped:block/purple_stained_glass/ctm/raster_purple_stained_glass_ctm/3	chipped:block/purple_stained_glass/ctm/raster_purple_stained_glass_ctm/1	chipped:block/purple_stained_glass/ctm/raster_purple_stained_glass_ctm/2	4024e751a7ad15867dbe10663984db7a79547388d9e8959ff055aa452e7c7ced
chipped:raster_purple_stained_glass_pane	pane_ctm	chipped:block/raster_purple_stained_glass_pane	minecraft:block/cube_all	chipped:block/purple_stained_glass/raster_purple_stained_glass	chipped:block/purple_stained_glass/ctm/raster_purple_stained_glass_ctm/0	chipped:block/purple_stained_glass/ctm/raster_purple_stained_glass_ctm/3	chipped:block/purple_stained_glass/ctm/raster_purple_stained_glass_ctm/1	chipped:block/purple_stained_glass/ctm/raster_purple_stained_glass_ctm/2	4024e751a7ad15867dbe10663984db7a79547388d9e8959ff055aa452e7c7ced
chipped:raster_red_stained_glass	ctm	chipped:block/raster_red_stained_glass	minecraft:block/cube_all	chipped:block/red_stained_glass/raster_red_stained_glass	chipped:block/red_stained_glass/ctm/raster_red_stained_glass_ctm/0	chipped:block/red_stained_glass/ctm/raster_red_stained_glass_ctm/3	chipped:block/red_stained_glass/ctm/raster_red_stained_glass_ctm/1	chipped:block/red_stained_glass/ctm/raster_red_stained_glass_ctm/2	0edc8064b9014b48993e013aeb7f72b2c12d8cbfaca34bbcc2d53334701de95d
chipped:raster_red_stained_glass_pane	pane_ctm	chipped:block/raster_red_stained_glass_pane	minecraft:block/cube_all	chipped:block/red_stained_glass/raster_red_stained_glass	chipped:block/red_stained_glass/ctm/raster_red_stained_glass_ctm/0	chipped:block/red_stained_glass/ctm/raster_red_stained_glass_ctm/3	chipped:block/red_stained_glass/ctm/raster_red_stained_glass_ctm/1	chipped:block/red_stained_glass/ctm/raster_red_stained_glass_ctm/2	0edc8064b9014b48993e013aeb7f72b2c12d8cbfaca34bbcc2d53334701de95d
chipped:raster_white_stained_glass	ctm	chipped:block/raster_white_stained_glass	minecraft:block/cube_all	chipped:block/white_stained_glass/raster_white_stained_glass	chipped:block/white_stained_glass/ctm/raster_white_stained_glass_ctm/0	chipped:block/white_stained_glass/ctm/raster_white_stained_glass_ctm/3	chipped:block/white_stained_glass/ctm/raster_white_stained_glass_ctm/1	chipped:block/white_stained_glass/ctm/raster_white_stained_glass_ctm/2	48d21003fb620db0f5efe0c6a23c49864007e39ff92a72aaf3dc3211067b61fa
chipped:raster_white_stained_glass_pane	pane_ctm	chipped:block/raster_white_stained_glass_pane	minecraft:block/cube_all	chipped:block/white_stained_glass/raster_white_stained_glass	chipped:block/white_stained_glass/ctm/raster_white_stained_glass_ctm/0	chipped:block/white_stained_glass/ctm/raster_white_stained_glass_ctm/3	chipped:block/white_stained_glass/ctm/raster_white_stained_glass_ctm/1	chipped:block/white_stained_glass/ctm/raster_white_stained_glass_ctm/2	48d21003fb620db0f5efe0c6a23c49864007e39ff92a72aaf3dc3211067b61fa
chipped:raster_yellow_stained_glass	ctm	chipped:block/raster_yellow_stained_glass	minecraft:block/cube_all	chipped:block/yellow_stained_glass/raster_yellow_stained_glass	chipped:block/yellow_stained_glass/ctm/raster_yellow_stained_glass_ctm/0	chipped:block/yellow_stained_glass/ctm/raster_yellow_stained_glass_ctm/3	chipped:block/yellow_stained_glass/ctm/raster_yellow_stained_glass_ctm/1	chipped:block/yellow_stained_glass/ctm/raster_yellow_stained_glass_ctm/2	77ba3b77d25c69f11e301d6f6036e96830f072c676fa2a22c8408e91e467b403
chipped:raster_yellow_stained_glass_pane	pane_ctm	chipped:block/raster_yellow_stained_glass_pane	minecraft:block/cube_all	chipped:block/yellow_stained_glass/raster_yellow_stained_glass	chipped:block/yellow_stained_glass/ctm/raster_yellow_stained_glass_ctm/0	chipped:block/yellow_stained_glass/ctm/raster_yellow_stained_glass_ctm/3	chipped:block/yellow_stained_glass/ctm/raster_yellow_stained_glass_ctm/1	chipped:block/yellow_stained_glass/ctm/raster_yellow_stained_glass_ctm/2	77ba3b77d25c69f11e301d6f6036e96830f072c676fa2a22c8408e91e467b403
chipped:red_concrete_panel	ctm	chipped:block/red_concrete_panel	minecraft:block/cube_all	chipped:block/red_concrete/red_concrete_panel	chipped:block/red_concrete/ctm/common_textures/0	chipped:block/red_concrete/ctm/red_concrete_panel_ctm/3	chipped:block/red_concrete/ctm/red_concrete_panel_ctm/1	chipped:block/red_concrete/ctm/red_concrete_panel_ctm/2	5ecd21d554223514e0932ddc77cb2d258da97ca5526d3f3d1241b5a453879304
chipped:red_concrete_pillar	pillar	chipped:block/red_concrete_pillar	minecraft:block/cube_column	chipped:block/red_concrete/red_concrete_pillar	chipped:block/red_concrete/ctm/red_concrete_pillar/0	chipped:block/red_concrete/ctm/red_concrete_pillar/1	chipped:block/red_concrete/ctm/common_textures/1	chipped:block/red_concrete/ctm/red_concrete_pillar/3	d8e41f029b4097226c33b96a05e2cc39e7416fb26b4b34c3a426a737faf8acdf
chipped:red_terracotta_column	pillar	chipped:block/red_terracotta_column	minecraft:block/cube_column	chipped:block/red_terracotta/red_terracotta_column	chipped:block/red_terracotta/ctm/red_terracotta_column/0	chipped:block/red_terracotta/ctm/red_terracotta_column/1	chipped:block/red_terracotta/ctm/red_terracotta_column/2	chipped:block/red_terracotta/ctm/red_terracotta_column/3	e5d91b2473d6c295674b78a0f283cd94ee88f7c4466354de7d9dae1878653e9b
chipped:red_terracotta_pillar	pillar	chipped:block/red_terracotta_pillar	minecraft:block/cube_column	chipped:block/red_terracotta/red_terracotta_pillar	chipped:block/red_terracotta/ctm/red_terracotta_pillar/0	chipped:block/red_terracotta/ctm/red_terracotta_pillar/1	chipped:block/red_terracotta/ctm/red_terracotta_pillar/2	chipped:block/red_terracotta/ctm/red_terracotta_pillar/3	490a448a0e48ea5aaf130a31653b48e166f1d85cb0d58a1bce83b955dd3b134f
chipped:scaly_mud	ctm	chipped:block/scaly_mud	minecraft:block/cube_all	chipped:block/mud/scaly_mud	chipped:block/mud/ctm/scaly_mud_ctm/0	chipped:block/mud/ctm/scaly_mud_ctm/3	chipped:block/mud/ctm/scaly_mud_ctm/1	chipped:block/mud/ctm/scaly_mud_ctm/2	a762df9adc70e0ddc274cb125bce8d2b338402cb35d409cf7fe5c6c22f8d6bdf
chipped:scaly_mud_bricks	ctm	chipped:block/scaly_mud_bricks	minecraft:block/cube_all	chipped:block/mud_bricks/scaly_mud_bricks	chipped:block/mud_bricks/ctm/scaly_mud_bricks_ctm/0	chipped:block/mud_bricks/ctm/scaly_mud_bricks_ctm/3	chipped:block/mud_bricks/ctm/scaly_mud_bricks_ctm/1	chipped:block/mud_bricks/ctm/scaly_mud_bricks_ctm/2	100a3cef8b2b2fc51def28dd2d98afc3c7c9300c18d6ac0dcf5d479fdb22c63c
chipped:scaly_packed_mud	ctm	chipped:block/scaly_packed_mud	minecraft:block/cube_all	chipped:block/packed_mud/scaly_packed_mud	chipped:block/packed_mud/ctm/scaly_packed_mud_ctm/0	chipped:block/packed_mud/ctm/scaly_packed_mud_ctm/3	chipped:block/packed_mud/ctm/scaly_packed_mud_ctm/1	chipped:block/packed_mud/ctm/scaly_packed_mud_ctm/2	e292a5dfa36e549a1c8c4149b0a6d8a94813447e5035ac177696364bb01fd71b
chipped:simple_amethyst_block_pillar	pillar	chipped:block/simple_amethyst_block_pillar	minecraft:block/cube_column	chipped:block/amethyst_block/simple_amethyst_block_pillar	chipped:block/amethyst_block/ctm/simple_amethyst_block_pillar/0	chipped:block/amethyst_block/ctm/simple_amethyst_block_pillar/1	chipped:block/amethyst_block/ctm/common_textures/3	chipped:block/amethyst_block/ctm/simple_amethyst_block_pillar/3	1b92ef4a3bc8954d97d0dd6723e8653e7b132167efc80770ebce0aff71c38b6e
chipped:simple_ancient_debris_pillar	pillar	chipped:block/simple_ancient_debris_pillar	minecraft:block/cube_column	chipped:block/ancient_debris/simple_ancient_debris_pillar	chipped:block/ancient_debris/ctm/simple_ancient_debris_pillar/0	chipped:block/ancient_debris/ctm/simple_ancient_debris_pillar/1	chipped:block/ancient_debris/ctm/common_textures/3	chipped:block/ancient_debris/ctm/simple_ancient_debris_pillar/3	f581f98bf7d7d28d019d9959dafc1e34c086b045db8ab4b2a50ab6d55ad6c792
chipped:simple_andesite_pillar	pillar	chipped:block/simple_andesite_pillar	minecraft:block/cube_column	chipped:block/andesite/simple_andesite_pillar	chipped:block/andesite/ctm/simple_andesite_pillar/0	chipped:block/andesite/ctm/simple_andesite_pillar/1	chipped:block/andesite/ctm/common_textures/3	chipped:block/andesite/ctm/simple_andesite_pillar/3	f3a80d52cb165c2e60702d95d2320f01246557da526a3c139b6ae7a5ae149f1d
chipped:simple_basalt_pillar	pillar	chipped:block/simple_basalt_pillar	minecraft:block/cube_column	chipped:block/basalt/simple_basalt_pillar	chipped:block/basalt/ctm/simple_basalt_pillar/0	chipped:block/basalt/ctm/simple_basalt_pillar/1	chipped:block/basalt/ctm/common_textures/2	chipped:block/basalt/ctm/simple_basalt_pillar/3	b0122e8c7f063da9f5f749b997388ae2a33c4bf4e0bc3da0e59f987b6130c279
chipped:simple_blackstone_pillar	pillar	chipped:block/simple_blackstone_pillar	minecraft:block/cube_column	chipped:block/blackstone/simple_blackstone_pillar	chipped:block/blackstone/ctm/simple_blackstone_pillar/0	chipped:block/blackstone/ctm/simple_blackstone_pillar/1	chipped:block/blackstone/ctm/common_textures/2	chipped:block/blackstone/ctm/simple_blackstone_pillar/3	73b0a81e14dcdbeee7d829790f673987a9ab501f385ff1deb195402ac9aaf418
chipped:simple_blue_ice_pillar	pillar	chipped:block/simple_blue_ice_pillar	minecraft:block/cube_column	chipped:block/blue_ice/simple_blue_ice_pillar	chipped:block/blue_ice/ctm/simple_blue_ice_pillar/0	chipped:block/blue_ice/ctm/simple_blue_ice_pillar/1	chipped:block/blue_ice/ctm/common_textures/3	chipped:block/blue_ice/ctm/simple_blue_ice_pillar/3	e0d72e2afd6b280743b68b3f937dda904e44ab70ed03508ea87ecf3552842437
chipped:simple_borderless_bricks_pillar	pillar	chipped:block/simple_borderless_bricks_pillar	minecraft:block/cube_column	chipped:block/borderless_bricks/simple_borderless_bricks_pillar	chipped:block/borderless_bricks/ctm/simple_borderless_bricks_pillar/0	chipped:block/borderless_bricks/ctm/simple_borderless_bricks_pillar/1	chipped:block/borderless_bricks/ctm/common_textures/3	chipped:block/borderless_bricks/ctm/simple_borderless_bricks_pillar/3	3f6041901beaa476e37e3fe7856598161e8bbf2a8b387c64e321eef31d38f0d6
chipped:simple_bricks_pillar	pillar	chipped:block/simple_bricks_pillar	minecraft:block/cube_column	chipped:block/bricks/simple_bricks_pillar	chipped:block/bricks/ctm/simple_bricks_pillar/0	chipped:block/bricks/ctm/simple_bricks_pillar/1	chipped:block/bricks/ctm/common_textures/2	chipped:block/bricks/ctm/simple_bricks_pillar/3	27c72b61fc688ed883dd7461dd708ee8800bf82af976971b23ef3dc84acaad44
chipped:simple_calcite_pillar	pillar	chipped:block/simple_calcite_pillar	minecraft:block/cube_column	chipped:block/calcite/simple_calcite_pillar	chipped:block/calcite/ctm/simple_calcite_pillar/0	chipped:block/calcite/ctm/simple_calcite_pillar/1	chipped:block/calcite/ctm/common_textures/3	chipped:block/calcite/ctm/simple_calcite_pillar/3	e945ad25e7e1c95f283c693bd898c16ce541062cea10e89f481c66ecdd1aaae0
chipped:simple_clay_pillar	pillar	chipped:block/simple_clay_pillar	minecraft:block/cube_column	chipped:block/clay/simple_clay_pillar	chipped:block/clay/ctm/simple_clay_pillar/0	chipped:block/clay/ctm/simple_clay_pillar/1	chipped:block/clay/ctm/common_textures/3	chipped:block/clay/ctm/simple_clay_pillar/3	18ee39e68ed1e2f2d4549152f426d217e1d6c7090f0252c5d42067dbb4dae09b
chipped:simple_coal_block_pillar	pillar	chipped:block/simple_coal_block_pillar	minecraft:block/cube_column	chipped:block/coal_block/simple_coal_block_pillar	chipped:block/coal_block/ctm/simple_coal_block_pillar/0	chipped:block/coal_block/ctm/simple_coal_block_pillar/1	chipped:block/coal_block/ctm/common_textures/3	chipped:block/coal_block/ctm/simple_coal_block_pillar/3	ec1dd51c7657d5e45f66197dd524f1735364dc7062ca055deb81153c7092bf96
chipped:simple_cobblestone_pillar	pillar	chipped:block/simple_cobblestone_pillar	minecraft:block/cube_column	chipped:block/cobblestone/simple_cobblestone_pillar	chipped:block/cobblestone/ctm/simple_cobblestone_pillar/0	chipped:block/cobblestone/ctm/simple_cobblestone_pillar/1	chipped:block/cobblestone/ctm/common_textures/3	chipped:block/cobblestone/ctm/simple_cobblestone_pillar/3	a45355b90ec20482445bcf32956487dddb36e97b0c27866976300a6c5c502a37
chipped:simple_crying_obsidian_pillar	pillar	chipped:block/simple_crying_obsidian_pillar	minecraft:block/cube_column	chipped:block/crying_obsidian/simple_crying_obsidian_pillar	chipped:block/crying_obsidian/ctm/simple_crying_obsidian_pillar/0	chipped:block/crying_obsidian/ctm/simple_crying_obsidian_pillar/1	chipped:block/crying_obsidian/ctm/common_textures/2	chipped:block/crying_obsidian/ctm/simple_crying_obsidian_pillar/3	aa653c129cf9616421f5c359e2bdc85b611081ece21884b23a4720eb9efb2005
chipped:simple_dark_prismarine_pillar	pillar	chipped:block/simple_dark_prismarine_pillar	minecraft:block/cube_column	chipped:block/dark_prismarine/simple_dark_prismarine_pillar	chipped:block/dark_prismarine/ctm/simple_dark_prismarine_pillar/0	chipped:block/dark_prismarine/ctm/simple_dark_prismarine_pillar/1	chipped:block/dark_prismarine/ctm/common_textures/3	chipped:block/dark_prismarine/ctm/simple_dark_prismarine_pillar/3	b932369935f0bb30564bc12350306514023f5279069aaffd37e41ac85f1bb13e
chipped:simple_deepslate_pillar	pillar	chipped:block/simple_deepslate_pillar	minecraft:block/cube_column	chipped:block/deepslate/simple_deepslate_pillar	chipped:block/deepslate/ctm/simple_deepslate_pillar/0	chipped:block/deepslate/ctm/simple_deepslate_pillar/1	chipped:block/deepslate/ctm/common_textures/3	chipped:block/deepslate/ctm/simple_deepslate_pillar/3	fa13094cd354448a2b185097a09ef3e541a6eaa8f35a18362327db51ef381192
chipped:simple_diorite_pillar	pillar	chipped:block/simple_diorite_pillar	minecraft:block/cube_column	chipped:block/diorite/simple_diorite_pillar	chipped:block/diorite/ctm/simple_diorite_pillar/0	chipped:block/diorite/ctm/simple_diorite_pillar/1	chipped:block/diorite/ctm/common_textures/3	chipped:block/diorite/ctm/simple_diorite_pillar/3	f15b2d29d2cbfb677da9721ee04cbf8d12f18be6319da3ae0628c3c8d1fe3b03
chipped:simple_dirt_pillar	pillar	chipped:block/simple_dirt_pillar	minecraft:block/cube_column	chipped:block/dirt/simple_dirt_pillar	chipped:block/dirt/ctm/simple_dirt_pillar/0	chipped:block/dirt/ctm/simple_dirt_pillar/1	chipped:block/dirt/ctm/simple_dirt_pillar/2	chipped:block/dirt/ctm/simple_dirt_pillar/3	a29bc023acfa689928af4cdfc5db8ef967678c82b6e664e703c31628692f0452
chipped:simple_dripstone_block_pillar	pillar	chipped:block/simple_dripstone_block_pillar	minecraft:block/cube_column	chipped:block/dripstone_block/simple_dripstone_block_pillar	chipped:block/dripstone_block/ctm/simple_dripstone_block_pillar/0	chipped:block/dripstone_block/ctm/simple_dripstone_block_pillar/1	chipped:block/dripstone_block/ctm/common_textures/3	chipped:block/dripstone_block/ctm/simple_dripstone_block_pillar/3	3cbe7e3f878679ffd80be87b6947981ea8d6812d9f0e381df1a0e72e3c3bbbef
chipped:simple_end_stone_pillar	pillar	chipped:block/simple_end_stone_pillar	minecraft:block/cube_column	chipped:block/end_stone/simple_end_stone_pillar	chipped:block/end_stone/ctm/simple_end_stone_pillar/0	chipped:block/end_stone/ctm/simple_end_stone_pillar/1	chipped:block/end_stone/ctm/common_textures/3	chipped:block/end_stone/ctm/simple_end_stone_pillar/3	ddcb9c1dcb450f35ea3d3c8a2c4c92fbf0f7b76c8cef0a47b3f0ce9cb609b20a
chipped:simple_gilded_blackstone_pillar	pillar	chipped:block/simple_gilded_blackstone_pillar	minecraft:block/cube_column	chipped:block/gilded_blackstone/simple_gilded_blackstone_pillar	chipped:block/gilded_blackstone/ctm/simple_gilded_blackstone_pillar/0	chipped:block/gilded_blackstone/ctm/simple_gilded_blackstone_pillar/1	chipped:block/gilded_blackstone/ctm/common_textures/2	chipped:block/gilded_blackstone/ctm/simple_gilded_blackstone_pillar/3	dad4deea99b2ec1472423178bd0a647285c77dd05211389ed8e1361c3d9ea6a7
chipped:simple_granite_pillar	pillar	chipped:block/simple_granite_pillar	minecraft:block/cube_column	chipped:block/granite/simple_granite_pillar	chipped:block/granite/ctm/simple_granite_pillar/0	chipped:block/granite/ctm/simple_granite_pillar/1	chipped:block/granite/ctm/common_textures/3	chipped:block/granite/ctm/simple_granite_pillar/3	dff5007d958f184d8237b861802cb49e15e5d8468adcb45e59fb5958ec979971
chipped:simple_ice_pillar	pillar	chipped:block/simple_ice_pillar	minecraft:block/cube_column	chipped:block/ice/simple_ice_pillar	chipped:block/ice/ctm/simple_ice_pillar/0	chipped:block/ice/ctm/simple_ice_pillar/1	chipped:block/ice/ctm/common_textures/3	chipped:block/ice/ctm/simple_ice_pillar/3	6704a2a2c772010b08406aa0d9862591c98372ec7a3877a0a41298cc20bf8bb7
chipped:simple_lapis_block_pillar	pillar	chipped:block/simple_lapis_block_pillar	minecraft:block/cube_column	chipped:block/lapis_block/simple_lapis_block_pillar	chipped:block/lapis_block/ctm/simple_lapis_block_pillar/0	chipped:block/lapis_block/ctm/simple_lapis_block_pillar/1	chipped:block/lapis_block/ctm/common_textures/3	chipped:block/lapis_block/ctm/simple_lapis_block_pillar/3	e0fc8de3d2428fee92b3b31014eb93a23918a7c9d9ec31f7c9758a3c0f8a70ba
chipped:simple_lodestone_pillar	pillar	chipped:block/simple_lodestone_pillar	minecraft:block/cube_column	chipped:block/lodestone/simple_lodestone_pillar	chipped:block/lodestone/ctm/simple_lodestone_pillar/0	chipped:block/lodestone/ctm/simple_lodestone_pillar/1	chipped:block/lodestone/ctm/common_textures/3	chipped:block/lodestone/ctm/simple_lodestone_pillar/3	efa3d354c96ddd6aeb382e8bcba7dbd45c4ed4200407895056ac2ced6416bed5
chipped:simple_magma_block_pillar	pillar	chipped:block/simple_magma_block_pillar	minecraft:block/cube_column	chipped:block/magma_block/simple_magma_block_pillar	chipped:block/magma_block/ctm/simple_magma_block_pillar/0	chipped:block/magma_block/ctm/simple_magma_block_pillar/1	chipped:block/magma_block/ctm/common_textures/2	chipped:block/magma_block/ctm/simple_magma_block_pillar/3	d04ea785571dfd2711b4388ca75875e117edbc15acce33567c49a2984e2e8e10
chipped:simple_mossy_cobblestone_pillar	pillar	chipped:block/simple_mossy_cobblestone_pillar	minecraft:block/cube_column	chipped:block/mossy_cobblestone/simple_mossy_cobblestone_pillar	chipped:block/mossy_cobblestone/ctm/simple_mossy_cobblestone_pillar/0	chipped:block/mossy_cobblestone/ctm/simple_mossy_cobblestone_pillar/1	chipped:block/mossy_cobblestone/ctm/common_textures/3	chipped:block/mossy_cobblestone/ctm/simple_mossy_cobblestone_pillar/3	9873411c1505b9d682fe5c5ba0a6ae5f6bf7dcbda479e5feb66d8073e46264fc
chipped:simple_mossy_stone_bricks_pillar	pillar	chipped:block/simple_mossy_stone_bricks_pillar	minecraft:block/cube_column	chipped:block/mossy_stone_bricks/simple_mossy_stone_bricks_pillar	chipped:block/mossy_stone_bricks/ctm/simple_mossy_stone_bricks_pillar/0	chipped:block/mossy_stone_bricks/ctm/simple_mossy_stone_bricks_pillar/1	chipped:block/mossy_stone_bricks/ctm/common_textures/3	chipped:block/mossy_stone_bricks/ctm/simple_mossy_stone_bricks_pillar/3	e74ee66d7f8be99b3b030adc117735d5be197a8c4daef89683e93ad3aba789e4
chipped:simple_mud_bricks_pillar	pillar	chipped:block/simple_mud_bricks_pillar	minecraft:block/cube_column	chipped:block/mud_bricks/simple_mud_bricks_pillar	chipped:block/mud_bricks/ctm/simple_mud_bricks_pillar/0	chipped:block/mud_bricks/ctm/simple_mud_bricks_pillar/1	chipped:block/mud_bricks/ctm/common_textures/1	chipped:block/mud_bricks/ctm/simple_mud_bricks_pillar/3	ddad576b9dc90dfd5922ebd7ff7565ce6114ff84b3f1ce7e1cc6ca5f7b65219c
chipped:simple_mud_pillar	pillar	chipped:block/simple_mud_pillar	minecraft:block/cube_column	chipped:block/mud/simple_mud_pillar	chipped:block/mud/ctm/simple_mud_pillar/0	chipped:block/mud/ctm/simple_mud_pillar/1	chipped:block/mud/ctm/common_textures/1	chipped:block/mud/ctm/simple_mud_pillar/3	4426700c6df617a8045096376cd836d7358b51daaabf749757f92315d4dd60d6
chipped:simple_nether_bricks_pillar	pillar	chipped:block/simple_nether_bricks_pillar	minecraft:block/cube_column	chipped:block/nether_bricks/simple_nether_bricks_pillar	chipped:block/nether_bricks/ctm/simple_nether_bricks_pillar/0	chipped:block/nether_bricks/ctm/simple_nether_bricks_pillar/1	chipped:block/nether_bricks/ctm/common_textures/3	chipped:block/nether_bricks/ctm/simple_nether_bricks_pillar/3	0d10065380116e93f973514776d4a33c40b46f692d672a232679a80141fcf3f2
chipped:simple_netherrack_pillar	pillar	chipped:block/simple_netherrack_pillar	minecraft:block/cube_column	chipped:block/netherrack/simple_netherrack_pillar	chipped:block/netherrack/ctm/simple_netherrack_pillar/0	chipped:block/netherrack/ctm/simple_netherrack_pillar/1	chipped:block/netherrack/ctm/common_textures/3	chipped:block/netherrack/ctm/simple_netherrack_pillar/3	eef9f3a03ca14e94fd70531aa270abb2632eb993f0c5aec35af6611baf33af7d
chipped:simple_obsidian_pillar	pillar	chipped:block/simple_obsidian_pillar	minecraft:block/cube_column	chipped:block/obsidian/simple_obsidian_pillar	chipped:block/obsidian/ctm/simple_obsidian_pillar/0	chipped:block/obsidian/ctm/simple_obsidian_pillar/1	chipped:block/obsidian/ctm/common_textures/3	chipped:block/obsidian/ctm/simple_obsidian_pillar/3	453cb62d6280a474ea4a45996fd842dfccc1c5f03916d130de046103c0d3f9f2
chipped:simple_packed_ice_pillar	pillar	chipped:block/simple_packed_ice_pillar	minecraft:block/cube_column	chipped:block/packed_ice/simple_packed_ice_pillar	chipped:block/packed_ice/ctm/simple_packed_ice_pillar/0	chipped:block/packed_ice/ctm/simple_packed_ice_pillar/1	chipped:block/packed_ice/ctm/common_textures/3	chipped:block/packed_ice/ctm/simple_packed_ice_pillar/3	89355b88d3a29bbddf2936e0e1a2351e141c6b6327e6f3e083786543d98a4466
chipped:simple_packed_mud_pillar	pillar	chipped:block/simple_packed_mud_pillar	minecraft:block/cube_column	chipped:block/packed_mud/simple_packed_mud_pillar	chipped:block/packed_mud/ctm/simple_packed_mud_pillar/0	chipped:block/packed_mud/ctm/simple_packed_mud_pillar/1	chipped:block/packed_mud/ctm/common_textures/1	chipped:block/packed_mud/ctm/simple_packed_mud_pillar/3	a2e92c82f000121f333630046b50c4e8a5a7f47770e542df01f8b3e9dd0b0092
chipped:simple_prismarine_pillar	pillar	chipped:block/simple_prismarine_pillar	minecraft:block/cube_column	chipped:block/prismarine/simple_prismarine_pillar	chipped:block/prismarine/ctm/simple_prismarine_pillar/0	chipped:block/prismarine/ctm/simple_prismarine_pillar/1	chipped:block/prismarine/ctm/common_textures/3	chipped:block/prismarine/ctm/simple_prismarine_pillar/3	e389616fe9eea8ed3aff3e006f970d6eb694ea3fc32e15f90d8a195cbe816261
chipped:simple_purpur_block_pillar	pillar	chipped:block/simple_purpur_block_pillar	minecraft:block/cube_column	chipped:block/purpur_block/simple_purpur_block_pillar	chipped:block/purpur_block/ctm/simple_purpur_block_pillar/0	chipped:block/purpur_block/ctm/simple_purpur_block_pillar/1	chipped:block/purpur_block/ctm/common_textures/3	chipped:block/purpur_block/ctm/simple_purpur_block_pillar/3	f2b04ee86b68e5e12523e7ff03271afcee486934cb14dfe9e368800a08f67744
chipped:simple_quartz_block_pillar	pillar	chipped:block/simple_quartz_block_pillar	minecraft:block/cube_column	chipped:block/quartz_block/simple_quartz_block_pillar	chipped:block/quartz_block/ctm/simple_quartz_block_pillar/0	chipped:block/quartz_block/ctm/simple_quartz_block_pillar/1	chipped:block/quartz_block/ctm/common_textures/3	chipped:block/quartz_block/ctm/simple_quartz_block_pillar/3	5617986157f2d62765b1082454858b19b60cb78cb825cf5cd32cb4adcce0146b
chipped:simple_raw_copper_block_pillar	pillar	chipped:block/simple_raw_copper_block_pillar	minecraft:block/cube_column	chipped:block/raw_copper_block/simple_raw_copper_block_pillar	chipped:block/raw_copper_block/ctm/simple_raw_copper_block_pillar/0	chipped:block/raw_copper_block/ctm/simple_raw_copper_block_pillar/1	chipped:block/raw_copper_block/ctm/simple_raw_copper_block_pillar/2	chipped:block/raw_copper_block/ctm/simple_raw_copper_block_pillar/3	e3de5f025672720c88be034f5141364d440e548865326fbeddf4a315635783b0
chipped:simple_raw_gold_block_pillar	pillar	chipped:block/simple_raw_gold_block_pillar	minecraft:block/cube_column	chipped:block/raw_gold_block/simple_raw_gold_block_pillar	chipped:block/raw_gold_block/ctm/simple_raw_gold_block_pillar/0	chipped:block/raw_gold_block/ctm/simple_raw_gold_block_pillar/1	chipped:block/raw_gold_block/ctm/common_textures/3	chipped:block/raw_gold_block/ctm/simple_raw_gold_block_pillar/3	45f5e49825623c9fa586c807880074eb602cd4d44b78bad87ba1b27a13317923
chipped:simple_raw_iron_block_pillar	pillar	chipped:block/simple_raw_iron_block_pillar	minecraft:block/cube_column	chipped:block/raw_iron_block/simple_raw_iron_block_pillar	chipped:block/raw_iron_block/ctm/simple_raw_iron_block_pillar/0	chipped:block/raw_iron_block/ctm/simple_raw_iron_block_pillar/1	chipped:block/raw_iron_block/ctm/common_textures/3	chipped:block/raw_iron_block/ctm/simple_raw_iron_block_pillar/3	3daa80c15cb95aff4c99dcb05bac62d7c8a2359a34cf4e0c4c7e8d1e7178d9f8
chipped:simple_red_nether_bricks_pillar	pillar	chipped:block/simple_red_nether_bricks_pillar	minecraft:block/cube_column	chipped:block/red_nether_bricks/simple_red_nether_bricks_pillar	chipped:block/red_nether_bricks/ctm/simple_red_nether_bricks_pillar/0	chipped:block/red_nether_bricks/ctm/simple_red_nether_bricks_pillar/1	chipped:block/red_nether_bricks/ctm/common_textures/3	chipped:block/red_nether_bricks/ctm/simple_red_nether_bricks_pillar/3	f32631b23f1110c5b9f44e516a7e892361584b963c11a76b6f86ebcf5571e169
chipped:simple_red_sandstone_pillar	pillar	chipped:block/simple_red_sandstone_pillar	minecraft:block/cube_column	chipped:block/red_sandstone/simple_red_sandstone_pillar	chipped:block/red_sandstone/ctm/simple_red_sandstone_pillar/0	chipped:block/red_sandstone/ctm/simple_red_sandstone_pillar/1	chipped:block/red_sandstone/ctm/common_textures/3	chipped:block/red_sandstone/ctm/simple_red_sandstone_pillar/3	75f465c73e92cb4e472f82b44713c82e75198fe37eac2f1a8fc11a3beb14dc18
chipped:simple_redstone_block_pillar	pillar	chipped:block/simple_redstone_block_pillar	minecraft:block/cube_column	chipped:block/redstone_block/simple_redstone_block_pillar	chipped:block/redstone_block/ctm/simple_redstone_block_pillar/0	chipped:block/redstone_block/ctm/simple_redstone_block_pillar/1	chipped:block/redstone_block/ctm/common_textures/3	chipped:block/redstone_block/ctm/simple_redstone_block_pillar/3	291dd3963fdbed5b3f56b28d52958ed135145d670394e7578aef26e516c2d0db
chipped:simple_sandstone_pillar	pillar	chipped:block/simple_sandstone_pillar	minecraft:block/cube_column	chipped:block/sandstone/simple_sandstone_pillar	chipped:block/sandstone/ctm/simple_sandstone_pillar/0	chipped:block/sandstone/ctm/simple_sandstone_pillar/1	chipped:block/sandstone/ctm/common_textures/3	chipped:block/sandstone/ctm/simple_sandstone_pillar/3	cd4b2a6565741733c30c8ebc203a637d0c38d5673e497f7bfd14a88e48cb6831
chipped:simple_smooth_stone_pillar	pillar	chipped:block/simple_smooth_stone_pillar	minecraft:block/cube_column	chipped:block/smooth_stone/simple_smooth_stone_pillar	chipped:block/smooth_stone/ctm/simple_smooth_stone_pillar/0	chipped:block/smooth_stone/ctm/simple_smooth_stone_pillar/1	chipped:block/smooth_stone/ctm/simple_smooth_stone_pillar/2	chipped:block/smooth_stone/ctm/simple_smooth_stone_pillar/3	4e2b79e762eb0e3aecfca3246291b30a28e1367c164bf315f6dead80f858fc7b
chipped:simple_snow_block_pillar	pillar	chipped:block/simple_snow_block_pillar	minecraft:block/cube_column	chipped:block/snow_block/simple_snow_block_pillar	chipped:block/snow_block/ctm/simple_snow_block_pillar/0	chipped:block/snow_block/ctm/simple_snow_block_pillar/1	chipped:block/snow_block/ctm/common_textures/3	chipped:block/snow_block/ctm/simple_snow_block_pillar/3	f3e829950634b4e83c9c68a0f5d3a0b37be2ad998c34528aca43e487ebf8e915
chipped:simple_stone_pillar	pillar	chipped:block/simple_stone_pillar	minecraft:block/cube_column	chipped:block/stone/simple_stone_pillar	chipped:block/stone/ctm/simple_stone_pillar/0	chipped:block/stone/ctm/simple_stone_pillar/1	chipped:block/stone/ctm/common_textures/3	chipped:block/stone/ctm/simple_stone_pillar/3	41d561b62d3bb5770eca597faef42ea1226e6e04a2198019c5504db3dd9c34f2
chipped:simple_tuff_pillar	pillar	chipped:block/simple_tuff_pillar	minecraft:block/cube_column	chipped:block/tuff/simple_tuff_pillar	chipped:block/tuff/ctm/simple_tuff_pillar/0	chipped:block/tuff/ctm/simple_tuff_pillar/1	chipped:block/tuff/ctm/common_textures/3	chipped:block/tuff/ctm/simple_tuff_pillar/3	93323f3676e5e05a5d179e4c86319f2d56b6aa059a3d42c00beb95545401711a
chipped:small_black_stained_glass	ctm	chipped:block/small_black_stained_glass	minecraft:block/cube_all	chipped:block/black_stained_glass/small_black_stained_glass	chipped:block/black_stained_glass/ctm/small_black_stained_glass_ctm/0	chipped:block/black_stained_glass/ctm/small_black_stained_glass_ctm/3	chipped:block/black_stained_glass/ctm/small_black_stained_glass_ctm/1	chipped:block/black_stained_glass/ctm/small_black_stained_glass_ctm/2	ad780ec112fe934e555a6ba2faed080126760dfd4a7b1ba003d5fc634433b250
chipped:small_black_stained_glass_pane	pane_ctm	chipped:block/small_black_stained_glass_pane	minecraft:block/cube_all	chipped:block/black_stained_glass/small_black_stained_glass	chipped:block/black_stained_glass/ctm/small_black_stained_glass_ctm/0	chipped:block/black_stained_glass/ctm/small_black_stained_glass_ctm/3	chipped:block/black_stained_glass/ctm/small_black_stained_glass_ctm/1	chipped:block/black_stained_glass/ctm/small_black_stained_glass_ctm/2	ad780ec112fe934e555a6ba2faed080126760dfd4a7b1ba003d5fc634433b250
chipped:small_black_terracotta_tiles	ctm	chipped:block/small_black_terracotta_tiles	minecraft:block/cube_all	chipped:block/black_terracotta/small_black_terracotta_tiles	chipped:block/black_terracotta/ctm/small_black_terracotta_tiles_ctm/0	chipped:block/black_terracotta/ctm/small_black_terracotta_tiles_ctm/3	chipped:block/black_terracotta/ctm/small_black_terracotta_tiles_ctm/1	chipped:block/black_terracotta/ctm/small_black_terracotta_tiles_ctm/2	e16c7db0482d37b83355a460de93cb8d9e72ad4f39ef19159779164a946f33f0
chipped:small_blue_stained_glass	ctm	chipped:block/small_blue_stained_glass	minecraft:block/cube_all	chipped:block/blue_stained_glass/small_blue_stained_glass	chipped:block/blue_stained_glass/ctm/small_blue_stained_glass_ctm/0	chipped:block/blue_stained_glass/ctm/small_blue_stained_glass_ctm/3	chipped:block/blue_stained_glass/ctm/small_blue_stained_glass_ctm/1	chipped:block/blue_stained_glass/ctm/small_blue_stained_glass_ctm/2	15bd022e7f76978f7b8cb8085ff162630c7e330189bbd2d93fdc405e380e8972
chipped:small_blue_stained_glass_pane	pane_ctm	chipped:block/small_blue_stained_glass_pane	minecraft:block/cube_all	chipped:block/blue_stained_glass/small_blue_stained_glass	chipped:block/blue_stained_glass/ctm/small_blue_stained_glass_ctm/0	chipped:block/blue_stained_glass/ctm/small_blue_stained_glass_ctm/3	chipped:block/blue_stained_glass/ctm/small_blue_stained_glass_ctm/1	chipped:block/blue_stained_glass/ctm/small_blue_stained_glass_ctm/2	15bd022e7f76978f7b8cb8085ff162630c7e330189bbd2d93fdc405e380e8972
chipped:small_blue_terracotta_tiles	ctm	chipped:block/small_blue_terracotta_tiles	minecraft:block/cube_all	chipped:block/blue_terracotta/small_blue_terracotta_tiles	chipped:block/blue_terracotta/ctm/small_blue_terracotta_tiles_ctm/0	chipped:block/blue_terracotta/ctm/small_blue_terracotta_tiles_ctm/3	chipped:block/blue_terracotta/ctm/small_blue_terracotta_tiles_ctm/1	chipped:block/blue_terracotta/ctm/small_blue_terracotta_tiles_ctm/2	776d44acbde9b6d3d953a54f70d149d41c39cbc21b1365b7f3cfc15de6c8b944
chipped:small_brown_stained_glass	ctm	chipped:block/small_brown_stained_glass	minecraft:block/cube_all	chipped:block/brown_stained_glass/small_brown_stained_glass	chipped:block/brown_stained_glass/ctm/small_brown_stained_glass_ctm/0	chipped:block/brown_stained_glass/ctm/small_brown_stained_glass_ctm/3	chipped:block/brown_stained_glass/ctm/small_brown_stained_glass_ctm/1	chipped:block/brown_stained_glass/ctm/small_brown_stained_glass_ctm/2	4f2d78ea07bac6b5d64e681f7f386a026a189eff5668013b99c53fc070ef85f7
chipped:small_brown_stained_glass_pane	pane_ctm	chipped:block/small_brown_stained_glass_pane	minecraft:block/cube_all	chipped:block/brown_stained_glass/small_brown_stained_glass	chipped:block/brown_stained_glass/ctm/small_brown_stained_glass_ctm/0	chipped:block/brown_stained_glass/ctm/small_brown_stained_glass_ctm/3	chipped:block/brown_stained_glass/ctm/small_brown_stained_glass_ctm/1	chipped:block/brown_stained_glass/ctm/small_brown_stained_glass_ctm/2	4f2d78ea07bac6b5d64e681f7f386a026a189eff5668013b99c53fc070ef85f7
chipped:small_brown_terracotta_tiles	ctm	chipped:block/small_brown_terracotta_tiles	minecraft:block/cube_all	chipped:block/brown_terracotta/small_brown_terracotta_tiles	chipped:block/brown_terracotta/ctm/small_brown_terracotta_tiles_ctm/0	chipped:block/brown_terracotta/ctm/small_brown_terracotta_tiles_ctm/3	chipped:block/brown_terracotta/ctm/small_brown_terracotta_tiles_ctm/1	chipped:block/brown_terracotta/ctm/small_brown_terracotta_tiles_ctm/2	2b797ac69fac5c59abd7953d455c0b39c2ca5f915d9992d62ac970e8c2062f79
chipped:small_cyan_stained_glass	ctm	chipped:block/small_cyan_stained_glass	minecraft:block/cube_all	chipped:block/cyan_stained_glass/small_cyan_stained_glass	chipped:block/cyan_stained_glass/ctm/small_cyan_stained_glass_ctm/0	chipped:block/cyan_stained_glass/ctm/small_cyan_stained_glass_ctm/3	chipped:block/cyan_stained_glass/ctm/small_cyan_stained_glass_ctm/1	chipped:block/cyan_stained_glass/ctm/small_cyan_stained_glass_ctm/2	436eaa57644beabf35569d51b403408333861b9e66f167c3380b8cd16d81f6e8
chipped:small_cyan_stained_glass_pane	pane_ctm	chipped:block/small_cyan_stained_glass_pane	minecraft:block/cube_all	chipped:block/cyan_stained_glass/small_cyan_stained_glass	chipped:block/cyan_stained_glass/ctm/small_cyan_stained_glass_ctm/0	chipped:block/cyan_stained_glass/ctm/small_cyan_stained_glass_ctm/3	chipped:block/cyan_stained_glass/ctm/small_cyan_stained_glass_ctm/1	chipped:block/cyan_stained_glass/ctm/small_cyan_stained_glass_ctm/2	436eaa57644beabf35569d51b403408333861b9e66f167c3380b8cd16d81f6e8
chipped:small_cyan_terracotta_tiles	ctm	chipped:block/small_cyan_terracotta_tiles	minecraft:block/cube_all	chipped:block/cyan_terracotta/small_cyan_terracotta_tiles	chipped:block/cyan_terracotta/ctm/small_cyan_terracotta_tiles_ctm/0	chipped:block/cyan_terracotta/ctm/small_cyan_terracotta_tiles_ctm/3	chipped:block/cyan_terracotta/ctm/small_cyan_terracotta_tiles_ctm/1	chipped:block/cyan_terracotta/ctm/small_cyan_terracotta_tiles_ctm/2	2556fe16899d368b73b2d15f6e81fd80f685884afa5e7852da675650f09583b8
chipped:small_diamond_leaded_glass	ctm	chipped:block/small_diamond_leaded_glass	minecraft:block/cube_all	chipped:block/glass/small_diamond_leaded_glass	chipped:block/glass/ctm/small_diamond_leaded_glass_ctm/0	chipped:block/glass/ctm/small_diamond_leaded_glass_ctm/3	chipped:block/glass/ctm/small_diamond_leaded_glass_ctm/1	chipped:block/glass/ctm/small_diamond_leaded_glass_ctm/2	148085ab418982affb5d206ba60d2a3005beaf1f0c3ad384c1941e4e67e1bc93
chipped:small_diamond_leaded_glass_pane	pane_ctm	chipped:block/small_diamond_leaded_glass_pane	minecraft:block/cube_all	chipped:block/glass/small_diamond_leaded_glass	chipped:block/glass/ctm/small_diamond_leaded_glass_ctm/0	chipped:block/glass/ctm/small_diamond_leaded_glass_ctm/3	chipped:block/glass/ctm/small_diamond_leaded_glass_ctm/1	chipped:block/glass/ctm/small_diamond_leaded_glass_ctm/2	148085ab418982affb5d206ba60d2a3005beaf1f0c3ad384c1941e4e67e1bc93
chipped:small_gray_stained_glass	ctm	chipped:block/small_gray_stained_glass	minecraft:block/cube_all	chipped:block/gray_stained_glass/small_gray_stained_glass	chipped:block/gray_stained_glass/ctm/small_gray_stained_glass_ctm/0	chipped:block/gray_stained_glass/ctm/small_gray_stained_glass_ctm/3	chipped:block/gray_stained_glass/ctm/small_gray_stained_glass_ctm/1	chipped:block/gray_stained_glass/ctm/small_gray_stained_glass_ctm/2	1861c2b2fb630aa2e92c506c8c656f16543a7334f316d6652f04a906c51515a4
chipped:small_gray_stained_glass_pane	pane_ctm	chipped:block/small_gray_stained_glass_pane	minecraft:block/cube_all	chipped:block/gray_stained_glass/small_gray_stained_glass	chipped:block/gray_stained_glass/ctm/small_gray_stained_glass_ctm/0	chipped:block/gray_stained_glass/ctm/small_gray_stained_glass_ctm/3	chipped:block/gray_stained_glass/ctm/small_gray_stained_glass_ctm/1	chipped:block/gray_stained_glass/ctm/small_gray_stained_glass_ctm/2	1861c2b2fb630aa2e92c506c8c656f16543a7334f316d6652f04a906c51515a4
chipped:small_gray_terracotta_tiles	ctm	chipped:block/small_gray_terracotta_tiles	minecraft:block/cube_all	chipped:block/gray_terracotta/small_gray_terracotta_tiles	chipped:block/gray_terracotta/ctm/small_gray_terracotta_tiles_ctm/0	chipped:block/gray_terracotta/ctm/small_gray_terracotta_tiles_ctm/3	chipped:block/gray_terracotta/ctm/small_gray_terracotta_tiles_ctm/1	chipped:block/gray_terracotta/ctm/small_gray_terracotta_tiles_ctm/2	3d8ad846b3cde91878b3c538e92c1ee3b2b7511694ae1472df79b5fad9f85878
chipped:small_green_stained_glass	ctm	chipped:block/small_green_stained_glass	minecraft:block/cube_all	chipped:block/green_stained_glass/small_green_stained_glass	chipped:block/green_stained_glass/ctm/small_green_stained_glass_ctm/0	chipped:block/green_stained_glass/ctm/small_green_stained_glass_ctm/3	chipped:block/green_stained_glass/ctm/small_green_stained_glass_ctm/1	chipped:block/green_stained_glass/ctm/small_green_stained_glass_ctm/2	c90ef62e716dfb47d861b77d38eabf0925d842826e2373da267228b908b87aa1
chipped:small_green_stained_glass_pane	pane_ctm	chipped:block/small_green_stained_glass_pane	minecraft:block/cube_all	chipped:block/green_stained_glass/small_green_stained_glass	chipped:block/green_stained_glass/ctm/small_green_stained_glass_ctm/0	chipped:block/green_stained_glass/ctm/small_green_stained_glass_ctm/3	chipped:block/green_stained_glass/ctm/small_green_stained_glass_ctm/1	chipped:block/green_stained_glass/ctm/small_green_stained_glass_ctm/2	c90ef62e716dfb47d861b77d38eabf0925d842826e2373da267228b908b87aa1
chipped:small_green_terracotta_tiles	ctm	chipped:block/small_green_terracotta_tiles	minecraft:block/cube_all	chipped:block/green_terracotta/small_green_terracotta_tiles	chipped:block/green_terracotta/ctm/small_green_terracotta_tiles_ctm/0	chipped:block/green_terracotta/ctm/small_green_terracotta_tiles_ctm/3	chipped:block/green_terracotta/ctm/small_green_terracotta_tiles_ctm/1	chipped:block/green_terracotta/ctm/small_green_terracotta_tiles_ctm/2	8aa27b5afa7cc0d4770b51b75b447d1176ef595d4ef55072c738485c0f7eece3
chipped:small_light_blue_stained_glass	ctm	chipped:block/small_light_blue_stained_glass	minecraft:block/cube_all	chipped:block/light_blue_stained_glass/small_light_blue_stained_glass	chipped:block/light_blue_stained_glass/ctm/small_light_blue_stained_glass_ctm/0	chipped:block/light_blue_stained_glass/ctm/small_light_blue_stained_glass_ctm/3	chipped:block/light_blue_stained_glass/ctm/small_light_blue_stained_glass_ctm/1	chipped:block/light_blue_stained_glass/ctm/small_light_blue_stained_glass_ctm/2	61c8116703d7525b3a134e5126b92568f020c486abc480504546897b6d4017c8
chipped:small_light_blue_stained_glass_pane	pane_ctm	chipped:block/small_light_blue_stained_glass_pane	minecraft:block/cube_all	chipped:block/light_blue_stained_glass/small_light_blue_stained_glass	chipped:block/light_blue_stained_glass/ctm/small_light_blue_stained_glass_ctm/0	chipped:block/light_blue_stained_glass/ctm/small_light_blue_stained_glass_ctm/3	chipped:block/light_blue_stained_glass/ctm/small_light_blue_stained_glass_ctm/1	chipped:block/light_blue_stained_glass/ctm/small_light_blue_stained_glass_ctm/2	61c8116703d7525b3a134e5126b92568f020c486abc480504546897b6d4017c8
chipped:small_light_blue_terracotta_tiles	ctm	chipped:block/small_light_blue_terracotta_tiles	minecraft:block/cube_all	chipped:block/light_blue_terracotta/small_light_blue_terracotta_tiles	chipped:block/light_blue_terracotta/ctm/small_light_blue_terracotta_tiles_ctm/0	chipped:block/light_blue_terracotta/ctm/small_light_blue_terracotta_tiles_ctm/3	chipped:block/light_blue_terracotta/ctm/small_light_blue_terracotta_tiles_ctm/1	chipped:block/light_blue_terracotta/ctm/small_light_blue_terracotta_tiles_ctm/2	0a0d4b8f2d2cf4e2296d7ffa7021fc33703c114a675fbdea418d63677791ca03
chipped:small_light_gray_stained_glass	ctm	chipped:block/small_light_gray_stained_glass	minecraft:block/cube_all	chipped:block/light_gray_stained_glass/small_light_gray_stained_glass	chipped:block/light_gray_stained_glass/ctm/small_light_gray_stained_glass_ctm/0	chipped:block/light_gray_stained_glass/ctm/small_light_gray_stained_glass_ctm/3	chipped:block/light_gray_stained_glass/ctm/small_light_gray_stained_glass_ctm/1	chipped:block/light_gray_stained_glass/ctm/small_light_gray_stained_glass_ctm/2	6266f3c509e80c8ce98a5ddd484d3ff671eef6a443d3448f65b7d8abad6bb33d
chipped:small_light_gray_stained_glass_pane	pane_ctm	chipped:block/small_light_gray_stained_glass_pane	minecraft:block/cube_all	chipped:block/light_gray_stained_glass/small_light_gray_stained_glass	chipped:block/light_gray_stained_glass/ctm/small_light_gray_stained_glass_ctm/0	chipped:block/light_gray_stained_glass/ctm/small_light_gray_stained_glass_ctm/3	chipped:block/light_gray_stained_glass/ctm/small_light_gray_stained_glass_ctm/1	chipped:block/light_gray_stained_glass/ctm/small_light_gray_stained_glass_ctm/2	6266f3c509e80c8ce98a5ddd484d3ff671eef6a443d3448f65b7d8abad6bb33d
chipped:small_light_gray_terracotta_tiles	ctm	chipped:block/small_light_gray_terracotta_tiles	minecraft:block/cube_all	chipped:block/light_gray_terracotta/small_light_gray_terracotta_tiles	chipped:block/light_gray_terracotta/ctm/small_light_gray_terracotta_tiles_ctm/0	chipped:block/light_gray_terracotta/ctm/small_light_gray_terracotta_tiles_ctm/3	chipped:block/light_gray_terracotta/ctm/small_light_gray_terracotta_tiles_ctm/1	chipped:block/light_gray_terracotta/ctm/small_light_gray_terracotta_tiles_ctm/2	d628d7134b0105884ba664e9282e3e8f627bcb15530e2cfc960143ac027faf67
chipped:small_lime_stained_glass	ctm	chipped:block/small_lime_stained_glass	minecraft:block/cube_all	chipped:block/lime_stained_glass/small_lime_stained_glass	chipped:block/lime_stained_glass/ctm/small_lime_stained_glass_ctm/0	chipped:block/lime_stained_glass/ctm/small_lime_stained_glass_ctm/3	chipped:block/lime_stained_glass/ctm/small_lime_stained_glass_ctm/1	chipped:block/lime_stained_glass/ctm/small_lime_stained_glass_ctm/2	772e42bde702b37e75c81a63af28a753812e6ba5efdd645c9fba58b9d7e9cf7c
chipped:small_lime_stained_glass_pane	pane_ctm	chipped:block/small_lime_stained_glass_pane	minecraft:block/cube_all	chipped:block/lime_stained_glass/small_lime_stained_glass	chipped:block/lime_stained_glass/ctm/small_lime_stained_glass_ctm/0	chipped:block/lime_stained_glass/ctm/small_lime_stained_glass_ctm/3	chipped:block/lime_stained_glass/ctm/small_lime_stained_glass_ctm/1	chipped:block/lime_stained_glass/ctm/small_lime_stained_glass_ctm/2	772e42bde702b37e75c81a63af28a753812e6ba5efdd645c9fba58b9d7e9cf7c
chipped:small_lime_terracotta_tiles	ctm	chipped:block/small_lime_terracotta_tiles	minecraft:block/cube_all	chipped:block/lime_terracotta/small_lime_terracotta_tiles	chipped:block/lime_terracotta/ctm/small_lime_terracotta_tiles_ctm/0	chipped:block/lime_terracotta/ctm/small_lime_terracotta_tiles_ctm/3	chipped:block/lime_terracotta/ctm/small_lime_terracotta_tiles_ctm/1	chipped:block/lime_terracotta/ctm/small_lime_terracotta_tiles_ctm/2	65f721be1419cf14cad4f0ad0c151abb42081c66ee23db1ec72547d2c1830798
chipped:small_magenta_stained_glass	ctm	chipped:block/small_magenta_stained_glass	minecraft:block/cube_all	chipped:block/magenta_stained_glass/small_magenta_stained_glass	chipped:block/magenta_stained_glass/ctm/small_magenta_stained_glass_ctm/0	chipped:block/magenta_stained_glass/ctm/small_magenta_stained_glass_ctm/3	chipped:block/magenta_stained_glass/ctm/small_magenta_stained_glass_ctm/1	chipped:block/magenta_stained_glass/ctm/small_magenta_stained_glass_ctm/2	f840c9fe11549a3bcbc6a56f4fb2a811060fb361bb87b45494e9624ad0abe39f
chipped:small_magenta_stained_glass_pane	pane_ctm	chipped:block/small_magenta_stained_glass_pane	minecraft:block/cube_all	chipped:block/magenta_stained_glass/small_magenta_stained_glass	chipped:block/magenta_stained_glass/ctm/small_magenta_stained_glass_ctm/0	chipped:block/magenta_stained_glass/ctm/small_magenta_stained_glass_ctm/3	chipped:block/magenta_stained_glass/ctm/small_magenta_stained_glass_ctm/1	chipped:block/magenta_stained_glass/ctm/small_magenta_stained_glass_ctm/2	f840c9fe11549a3bcbc6a56f4fb2a811060fb361bb87b45494e9624ad0abe39f
chipped:small_magenta_terracotta_tiles	ctm	chipped:block/small_magenta_terracotta_tiles	minecraft:block/cube_all	chipped:block/magenta_terracotta/small_magenta_terracotta_tiles	chipped:block/magenta_terracotta/ctm/small_magenta_terracotta_tiles_ctm/0	chipped:block/magenta_terracotta/ctm/small_magenta_terracotta_tiles_ctm/3	chipped:block/magenta_terracotta/ctm/small_magenta_terracotta_tiles_ctm/1	chipped:block/magenta_terracotta/ctm/small_magenta_terracotta_tiles_ctm/2	0bba218a23e10a1dbce8571c578fe367dfc91cbe4defa1be01805c1ec442a2c6
chipped:small_orange_stained_glass	ctm	chipped:block/small_orange_stained_glass	minecraft:block/cube_all	chipped:block/orange_stained_glass/small_orange_stained_glass	chipped:block/orange_stained_glass/ctm/small_orange_stained_glass_ctm/0	chipped:block/orange_stained_glass/ctm/small_orange_stained_glass_ctm/3	chipped:block/orange_stained_glass/ctm/small_orange_stained_glass_ctm/1	chipped:block/orange_stained_glass/ctm/small_orange_stained_glass_ctm/2	258da201a7e1e2d90ec1d044fac6a09b3180c80904910c2bb8b0124e19aad23f
chipped:small_orange_stained_glass_pane	pane_ctm	chipped:block/small_orange_stained_glass_pane	minecraft:block/cube_all	chipped:block/orange_stained_glass/small_orange_stained_glass	chipped:block/orange_stained_glass/ctm/small_orange_stained_glass_ctm/0	chipped:block/orange_stained_glass/ctm/small_orange_stained_glass_ctm/3	chipped:block/orange_stained_glass/ctm/small_orange_stained_glass_ctm/1	chipped:block/orange_stained_glass/ctm/small_orange_stained_glass_ctm/2	258da201a7e1e2d90ec1d044fac6a09b3180c80904910c2bb8b0124e19aad23f
chipped:small_orange_terracotta_tiles	ctm	chipped:block/small_orange_terracotta_tiles	minecraft:block/cube_all	chipped:block/orange_terracotta/small_orange_terracotta_tiles	chipped:block/orange_terracotta/ctm/small_orange_terracotta_tiles_ctm/0	chipped:block/orange_terracotta/ctm/small_orange_terracotta_tiles_ctm/3	chipped:block/orange_terracotta/ctm/small_orange_terracotta_tiles_ctm/1	chipped:block/orange_terracotta/ctm/small_orange_terracotta_tiles_ctm/2	6e6f6058c5155324930ab537e119b1516120875c51a9e323c8611f1a1a15bb43
chipped:small_pink_stained_glass	ctm	chipped:block/small_pink_stained_glass	minecraft:block/cube_all	chipped:block/pink_stained_glass/small_pink_stained_glass	chipped:block/pink_stained_glass/ctm/small_pink_stained_glass_ctm/0	chipped:block/pink_stained_glass/ctm/small_pink_stained_glass_ctm/3	chipped:block/pink_stained_glass/ctm/small_pink_stained_glass_ctm/1	chipped:block/pink_stained_glass/ctm/small_pink_stained_glass_ctm/2	2837a8b719e598ab6cd2c31341613979b2819452305a36880fc7f53e164ae9c4
chipped:small_pink_stained_glass_pane	pane_ctm	chipped:block/small_pink_stained_glass_pane	minecraft:block/cube_all	chipped:block/pink_stained_glass/small_pink_stained_glass	chipped:block/pink_stained_glass/ctm/small_pink_stained_glass_ctm/0	chipped:block/pink_stained_glass/ctm/small_pink_stained_glass_ctm/3	chipped:block/pink_stained_glass/ctm/small_pink_stained_glass_ctm/1	chipped:block/pink_stained_glass/ctm/small_pink_stained_glass_ctm/2	2837a8b719e598ab6cd2c31341613979b2819452305a36880fc7f53e164ae9c4
chipped:small_pink_terracotta_tiles	ctm	chipped:block/small_pink_terracotta_tiles	minecraft:block/cube_all	chipped:block/pink_terracotta/small_pink_terracotta_tiles	chipped:block/pink_terracotta/ctm/small_pink_terracotta_tiles_ctm/0	chipped:block/pink_terracotta/ctm/small_pink_terracotta_tiles_ctm/3	chipped:block/pink_terracotta/ctm/small_pink_terracotta_tiles_ctm/1	chipped:block/pink_terracotta/ctm/small_pink_terracotta_tiles_ctm/2	554f1e4eee511433a0b8c2ffdf1fd1cf9aeb84a46f55e30ddff0659ca8882db4
chipped:small_purple_stained_glass	ctm	chipped:block/small_purple_stained_glass	minecraft:block/cube_all	chipped:block/purple_stained_glass/small_purple_stained_glass	chipped:block/purple_stained_glass/ctm/small_purple_stained_glass_ctm/0	chipped:block/purple_stained_glass/ctm/small_purple_stained_glass_ctm/3	chipped:block/purple_stained_glass/ctm/small_purple_stained_glass_ctm/1	chipped:block/purple_stained_glass/ctm/small_purple_stained_glass_ctm/2	84e675c399aecbee661f78f33b59cdd33d8ea34b9833183bd44c28c54b3febb7
chipped:small_purple_stained_glass_pane	pane_ctm	chipped:block/small_purple_stained_glass_pane	minecraft:block/cube_all	chipped:block/purple_stained_glass/small_purple_stained_glass	chipped:block/purple_stained_glass/ctm/small_purple_stained_glass_ctm/0	chipped:block/purple_stained_glass/ctm/small_purple_stained_glass_ctm/3	chipped:block/purple_stained_glass/ctm/small_purple_stained_glass_ctm/1	chipped:block/purple_stained_glass/ctm/small_purple_stained_glass_ctm/2	84e675c399aecbee661f78f33b59cdd33d8ea34b9833183bd44c28c54b3febb7
chipped:small_purple_terracotta_tiles	ctm	chipped:block/small_purple_terracotta_tiles	minecraft:block/cube_all	chipped:block/purple_terracotta/small_purple_terracotta_tiles	chipped:block/purple_terracotta/ctm/small_purple_terracotta_tiles_ctm/0	chipped:block/purple_terracotta/ctm/small_purple_terracotta_tiles_ctm/3	chipped:block/purple_terracotta/ctm/small_purple_terracotta_tiles_ctm/1	chipped:block/purple_terracotta/ctm/small_purple_terracotta_tiles_ctm/2	506f5fe2b724bc21d8f868b5a84c1c0bd1c8ccd456357aff73e98678dbb555d7
chipped:small_red_stained_glass	ctm	chipped:block/small_red_stained_glass	minecraft:block/cube_all	chipped:block/red_stained_glass/small_red_stained_glass	chipped:block/red_stained_glass/ctm/small_red_stained_glass_ctm/0	chipped:block/red_stained_glass/ctm/small_red_stained_glass_ctm/3	chipped:block/red_stained_glass/ctm/small_red_stained_glass_ctm/1	chipped:block/red_stained_glass/ctm/small_red_stained_glass_ctm/2	74d6f0c22d05564faf319db60062d4822e00eac7bb3ca3312a62bbe95c24ad7b
chipped:small_red_stained_glass_pane	pane_ctm	chipped:block/small_red_stained_glass_pane	minecraft:block/cube_all	chipped:block/red_stained_glass/small_red_stained_glass	chipped:block/red_stained_glass/ctm/small_red_stained_glass_ctm/0	chipped:block/red_stained_glass/ctm/small_red_stained_glass_ctm/3	chipped:block/red_stained_glass/ctm/small_red_stained_glass_ctm/1	chipped:block/red_stained_glass/ctm/small_red_stained_glass_ctm/2	74d6f0c22d05564faf319db60062d4822e00eac7bb3ca3312a62bbe95c24ad7b
chipped:small_red_terracotta_tiles	ctm	chipped:block/small_red_terracotta_tiles	minecraft:block/cube_all	chipped:block/red_terracotta/small_red_terracotta_tiles	chipped:block/red_terracotta/ctm/small_red_terracotta_tiles_ctm/0	chipped:block/red_terracotta/ctm/small_red_terracotta_tiles_ctm/3	chipped:block/red_terracotta/ctm/small_red_terracotta_tiles_ctm/1	chipped:block/red_terracotta/ctm/small_red_terracotta_tiles_ctm/2	8ef57c69e105a174117125990d45d96878ec213b3593b4dbf6748805e7129b4f
chipped:small_terracotta_tiles	ctm	chipped:block/small_terracotta_tiles	minecraft:block/cube_all	chipped:block/terracotta/small_terracotta_tiles	chipped:block/terracotta/ctm/small_terracotta_tiles_ctm/0	chipped:block/terracotta/ctm/small_terracotta_tiles_ctm/3	chipped:block/terracotta/ctm/small_terracotta_tiles_ctm/1	chipped:block/terracotta/ctm/small_terracotta_tiles_ctm/2	7a77936f10c596de338f52b56618642901e1d68551db5f4662252e8f678572be
chipped:small_white_stained_glass	ctm	chipped:block/small_white_stained_glass	minecraft:block/cube_all	chipped:block/white_stained_glass/small_white_stained_glass	chipped:block/white_stained_glass/ctm/small_white_stained_glass_ctm/0	chipped:block/white_stained_glass/ctm/small_white_stained_glass_ctm/3	chipped:block/white_stained_glass/ctm/small_white_stained_glass_ctm/1	chipped:block/white_stained_glass/ctm/small_white_stained_glass_ctm/2	f120ee4101a406e56fd8bbb5ec7d1af964aa18b58ff45f87d2280dc7b7ebd2ed
chipped:small_white_stained_glass_pane	pane_ctm	chipped:block/small_white_stained_glass_pane	minecraft:block/cube_all	chipped:block/white_stained_glass/small_white_stained_glass	chipped:block/white_stained_glass/ctm/small_white_stained_glass_ctm/0	chipped:block/white_stained_glass/ctm/small_white_stained_glass_ctm/3	chipped:block/white_stained_glass/ctm/small_white_stained_glass_ctm/1	chipped:block/white_stained_glass/ctm/small_white_stained_glass_ctm/2	f120ee4101a406e56fd8bbb5ec7d1af964aa18b58ff45f87d2280dc7b7ebd2ed
chipped:small_white_terracotta_tiles	ctm	chipped:block/small_white_terracotta_tiles	minecraft:block/cube_all	chipped:block/white_terracotta/small_white_terracotta_tiles	chipped:block/white_terracotta/ctm/small_white_terracotta_tiles_ctm/0	chipped:block/white_terracotta/ctm/small_white_terracotta_tiles_ctm/3	chipped:block/white_terracotta/ctm/small_white_terracotta_tiles_ctm/1	chipped:block/white_terracotta/ctm/small_white_terracotta_tiles_ctm/2	4c0838524a993469630fa47ad7235963b794b2d3cfdbbe428ae5f5e9fcaafa7f
chipped:small_yellow_stained_glass	ctm	chipped:block/small_yellow_stained_glass	minecraft:block/cube_all	chipped:block/yellow_stained_glass/small_yellow_stained_glass	chipped:block/yellow_stained_glass/ctm/small_yellow_stained_glass_ctm/0	chipped:block/yellow_stained_glass/ctm/small_yellow_stained_glass_ctm/3	chipped:block/yellow_stained_glass/ctm/small_yellow_stained_glass_ctm/1	chipped:block/yellow_stained_glass/ctm/small_yellow_stained_glass_ctm/2	170de391df215d5b1d4ffbba9349e27386025c8f8ba73de053ca4e26f6861bfa
chipped:small_yellow_stained_glass_pane	pane_ctm	chipped:block/small_yellow_stained_glass_pane	minecraft:block/cube_all	chipped:block/yellow_stained_glass/small_yellow_stained_glass	chipped:block/yellow_stained_glass/ctm/small_yellow_stained_glass_ctm/0	chipped:block/yellow_stained_glass/ctm/small_yellow_stained_glass_ctm/3	chipped:block/yellow_stained_glass/ctm/small_yellow_stained_glass_ctm/1	chipped:block/yellow_stained_glass/ctm/small_yellow_stained_glass_ctm/2	170de391df215d5b1d4ffbba9349e27386025c8f8ba73de053ca4e26f6861bfa
chipped:small_yellow_terracotta_tiles	ctm	chipped:block/small_yellow_terracotta_tiles	minecraft:block/cube_all	chipped:block/yellow_terracotta/small_yellow_terracotta_tiles	chipped:block/yellow_terracotta/ctm/small_yellow_terracotta_tiles_ctm/0	chipped:block/yellow_terracotta/ctm/small_yellow_terracotta_tiles_ctm/3	chipped:block/yellow_terracotta/ctm/small_yellow_terracotta_tiles_ctm/1	chipped:block/yellow_terracotta/ctm/small_yellow_terracotta_tiles_ctm/2	d33fa5318567f7795e9b8ac5a12372e61bd00dd9710ff0b98970d83767948db3
chipped:smooth_amethyst_block_column	ctm	chipped:block/smooth_amethyst_block_column	minecraft:block/cube_all	chipped:block/amethyst_block/smooth_amethyst_block_column	chipped:block/amethyst_block/ctm/smooth_amethyst_block_column_ctm/0	chipped:block/amethyst_block/ctm/smooth_amethyst_block_column_ctm/3	chipped:block/amethyst_block/ctm/smooth_amethyst_block_column_ctm/1	chipped:block/amethyst_block/ctm/smooth_amethyst_block_column_ctm/2	9b7f375b2b157ccf9ae6d523a8f0ae89ce2d3558546345b29f8248491daa2e67
chipped:smooth_ancient_debris_column	ctm	chipped:block/smooth_ancient_debris_column	minecraft:block/cube_all	chipped:block/ancient_debris/smooth_ancient_debris_column	chipped:block/ancient_debris/ctm/smooth_ancient_debris_column_ctm/0	chipped:block/ancient_debris/ctm/smooth_ancient_debris_column_ctm/3	chipped:block/ancient_debris/ctm/smooth_ancient_debris_column_ctm/1	chipped:block/ancient_debris/ctm/smooth_ancient_debris_column_ctm/2	df63f7adf18e47b5f73a1f5e08d827ffbdb932510b611158b07a85607903f979
chipped:smooth_andesite_column	ctm	chipped:block/smooth_andesite_column	minecraft:block/cube_all	chipped:block/andesite/smooth_andesite_column	chipped:block/andesite/ctm/smooth_andesite_column_ctm/0	chipped:block/andesite/ctm/smooth_andesite_column_ctm/3	chipped:block/andesite/ctm/smooth_andesite_column_ctm/1	chipped:block/andesite/ctm/smooth_andesite_column_ctm/2	b7c9b83cb024032621e35438f6779bbe48e3e93f48605be8e7091c44f0342de5
chipped:smooth_basalt_column	ctm	chipped:block/smooth_basalt_column	minecraft:block/cube_all	chipped:block/basalt/smooth_basalt_column	chipped:block/basalt/ctm/smooth_basalt_column_ctm/0	chipped:block/basalt/ctm/smooth_basalt_column_ctm/3	chipped:block/basalt/ctm/smooth_basalt_column_ctm/1	chipped:block/basalt/ctm/smooth_basalt_column_ctm/2	ebb53516348732dff1ca16e026db8e5b92d1801383bf792004df3d89e3e9ca67
chipped:smooth_black_concrete	ctm	chipped:block/smooth_black_concrete	minecraft:block/cube_all	chipped:block/black_concrete/smooth_black_concrete	chipped:block/black_concrete/ctm/smooth_black_concrete_ctm/0	chipped:block/black_concrete/ctm/smooth_black_concrete_ctm/3	chipped:block/black_concrete/ctm/smooth_black_concrete_ctm/1	chipped:block/black_concrete/ctm/common_textures/0	6f6cdc72eacbd347900d533b77b69cad915a27db486408289f350c5b6f3ed4d7
chipped:smooth_blackstone_column	ctm	chipped:block/smooth_blackstone_column	minecraft:block/cube_all	chipped:block/blackstone/smooth_blackstone_column	chipped:block/blackstone/ctm/smooth_blackstone_column_ctm/0	chipped:block/blackstone/ctm/smooth_blackstone_column_ctm/3	chipped:block/blackstone/ctm/smooth_blackstone_column_ctm/1	chipped:block/blackstone/ctm/smooth_blackstone_column_ctm/2	cd5202da8946ed977585694be7b59debf29c822ee78a3f9d6c1e6cd311cc0afb
chipped:smooth_blue_concrete	ctm	chipped:block/smooth_blue_concrete	minecraft:block/cube_all	chipped:block/blue_concrete/smooth_blue_concrete	chipped:block/blue_concrete/ctm/common_textures/0	chipped:block/blue_concrete/ctm/smooth_blue_concrete_ctm/3	chipped:block/blue_concrete/ctm/smooth_blue_concrete_ctm/1	chipped:block/blue_concrete/ctm/common_textures/1	9f809b1a3ce131dd918e178119833e42387f1426437c079a04d887b01804346a
chipped:smooth_blue_ice_column	ctm	chipped:block/smooth_blue_ice_column	minecraft:block/cube_all	chipped:block/blue_ice/smooth_blue_ice_column	chipped:block/blue_ice/ctm/smooth_blue_ice_column_ctm/0	chipped:block/blue_ice/ctm/smooth_blue_ice_column_ctm/3	chipped:block/blue_ice/ctm/smooth_blue_ice_column_ctm/1	chipped:block/blue_ice/ctm/smooth_blue_ice_column_ctm/2	18e5441dcf5bfe132a5abea93eaaa76d63aafdc0d4daefada4a1b5135945b0bf
chipped:smooth_borderless_bricks_column	ctm	chipped:block/smooth_borderless_bricks_column	minecraft:block/cube_all	chipped:block/borderless_bricks/smooth_borderless_bricks_column	chipped:block/borderless_bricks/ctm/smooth_borderless_bricks_column_ctm/0	chipped:block/borderless_bricks/ctm/smooth_borderless_bricks_column_ctm/3	chipped:block/borderless_bricks/ctm/smooth_borderless_bricks_column_ctm/1	chipped:block/borderless_bricks/ctm/smooth_borderless_bricks_column_ctm/2	69a1f9ae50c748742ec404b559b06e6cff5c27e8d0618a58db354d744c8a8a6f
chipped:smooth_bricks_column	ctm	chipped:block/smooth_bricks_column	minecraft:block/cube_all	chipped:block/bricks/smooth_bricks_column	chipped:block/bricks/ctm/smooth_bricks_column_ctm/0	chipped:block/bricks/ctm/smooth_bricks_column_ctm/3	chipped:block/bricks/ctm/smooth_bricks_column_ctm/1	chipped:block/bricks/ctm/smooth_bricks_column_ctm/2	8c279dc53565ee8b67aa93a28f2d2bff1deb14dea0c6836ea3d740f922a69852
chipped:smooth_brown_concrete	ctm	chipped:block/smooth_brown_concrete	minecraft:block/cube_all	chipped:block/brown_concrete/smooth_brown_concrete	chipped:block/brown_concrete/ctm/common_textures/0	chipped:block/brown_concrete/ctm/smooth_brown_concrete_ctm/3	chipped:block/brown_concrete/ctm/smooth_brown_concrete_ctm/1	chipped:block/brown_concrete/ctm/common_textures/1	6d901b4a0a89972ee1e7ba77c59d81f6770c7590785fdd663dcfbea5eed2f70c
chipped:smooth_calcite_column	ctm	chipped:block/smooth_calcite_column	minecraft:block/cube_all	chipped:block/calcite/smooth_calcite_column	chipped:block/calcite/ctm/smooth_calcite_column_ctm/0	chipped:block/calcite/ctm/smooth_calcite_column_ctm/3	chipped:block/calcite/ctm/smooth_calcite_column_ctm/1	chipped:block/calcite/ctm/smooth_calcite_column_ctm/2	499af6ad9848ef207faaf5e22e741be89773254472b12af11f6c09ba082e85f5
chipped:smooth_clay_column	ctm	chipped:block/smooth_clay_column	minecraft:block/cube_all	chipped:block/clay/smooth_clay_column	chipped:block/clay/ctm/smooth_clay_column_ctm/0	chipped:block/clay/ctm/smooth_clay_column_ctm/3	chipped:block/clay/ctm/smooth_clay_column_ctm/1	chipped:block/clay/ctm/smooth_clay_column_ctm/2	4ffdf7f4376e9c71d90792dd0db5ef2f9c9cfa323cc5430247f0187a52ee75ed
chipped:smooth_coal_block_column	ctm	chipped:block/smooth_coal_block_column	minecraft:block/cube_all	chipped:block/coal_block/smooth_coal_block_column	chipped:block/coal_block/ctm/smooth_coal_block_column_ctm/0	chipped:block/coal_block/ctm/smooth_coal_block_column_ctm/3	chipped:block/coal_block/ctm/smooth_coal_block_column_ctm/1	chipped:block/coal_block/ctm/smooth_coal_block_column_ctm/2	d0ddbc28dda19bcc69632c3f53f1dae826098ac5c0f3afecd988ca05f14b2e32
chipped:smooth_cobblestone_column	ctm	chipped:block/smooth_cobblestone_column	minecraft:block/cube_all	chipped:block/cobblestone/smooth_cobblestone_column	chipped:block/cobblestone/ctm/smooth_cobblestone_column_ctm/0	chipped:block/cobblestone/ctm/smooth_cobblestone_column_ctm/3	chipped:block/cobblestone/ctm/smooth_cobblestone_column_ctm/1	chipped:block/cobblestone/ctm/smooth_cobblestone_column_ctm/2	46cbd5754c8a185baad1e9b5dcf34feba378294a6d8cc464fd25ddc00b402633
chipped:smooth_crying_obsidian_column	ctm	chipped:block/smooth_crying_obsidian_column	minecraft:block/cube_all	chipped:block/crying_obsidian/smooth_crying_obsidian_column	chipped:block/crying_obsidian/ctm/smooth_crying_obsidian_column_ctm/0	chipped:block/crying_obsidian/ctm/smooth_crying_obsidian_column_ctm/3	chipped:block/crying_obsidian/ctm/smooth_crying_obsidian_column_ctm/1	chipped:block/crying_obsidian/ctm/smooth_crying_obsidian_column_ctm/2	46f056cc793507108a3b6001e9841e882c075bf84825f6bb38ed751559ff55bd
chipped:smooth_cyan_concrete	ctm	chipped:block/smooth_cyan_concrete	minecraft:block/cube_all	chipped:block/cyan_concrete/smooth_cyan_concrete	chipped:block/cyan_concrete/ctm/common_textures/0	chipped:block/cyan_concrete/ctm/smooth_cyan_concrete_ctm/3	chipped:block/cyan_concrete/ctm/smooth_cyan_concrete_ctm/1	chipped:block/cyan_concrete/ctm/common_textures/1	dfed8831dd242916b92f00404a5a4075338ee667b16e68d2eb0543eeee53dca3
chipped:smooth_dark_prismarine_column	ctm	chipped:block/smooth_dark_prismarine_column	minecraft:block/cube_all	chipped:block/dark_prismarine/smooth_dark_prismarine_column	chipped:block/dark_prismarine/ctm/smooth_dark_prismarine_column_ctm/0	chipped:block/dark_prismarine/ctm/smooth_dark_prismarine_column_ctm/3	chipped:block/dark_prismarine/ctm/smooth_dark_prismarine_column_ctm/1	chipped:block/dark_prismarine/ctm/smooth_dark_prismarine_column_ctm/2	f7b0c1e08818e2beb86812cbad8029d2cc8e98c1a8b3f49752f481d63f08b300
chipped:smooth_deepslate_column	ctm	chipped:block/smooth_deepslate_column	minecraft:block/cube_all	chipped:block/deepslate/smooth_deepslate_column	chipped:block/deepslate/ctm/smooth_deepslate_column_ctm/0	chipped:block/deepslate/ctm/smooth_deepslate_column_ctm/3	chipped:block/deepslate/ctm/smooth_deepslate_column_ctm/1	chipped:block/deepslate/ctm/smooth_deepslate_column_ctm/2	e246cb74060136cee6cc46dd7a8eea4519828945105e238c1d9ca5f1ab07ab89
chipped:smooth_diorite_column	ctm	chipped:block/smooth_diorite_column	minecraft:block/cube_all	chipped:block/diorite/smooth_diorite_column	chipped:block/diorite/ctm/smooth_diorite_column_ctm/0	chipped:block/diorite/ctm/smooth_diorite_column_ctm/3	chipped:block/diorite/ctm/smooth_diorite_column_ctm/1	chipped:block/diorite/ctm/smooth_diorite_column_ctm/2	2b2e550495809547793ce8ea2f7a707d29bbf8a735a8136e4387423daa2b5200
chipped:smooth_dirt_column	ctm	chipped:block/smooth_dirt_column	minecraft:block/cube_all	chipped:block/dirt/smooth_dirt_column	chipped:block/dirt/ctm/smooth_dirt_column_ctm/0	chipped:block/dirt/ctm/smooth_dirt_column_ctm/3	chipped:block/dirt/ctm/smooth_dirt_column_ctm/1	chipped:block/dirt/ctm/smooth_dirt_column_ctm/2	0b37236c85650423ffee62b94d47426c2a0d3997fb66a809628b38f9eb1d191a
chipped:smooth_dripstone_block_column	ctm	chipped:block/smooth_dripstone_block_column	minecraft:block/cube_all	chipped:block/dripstone_block/smooth_dripstone_block_column	chipped:block/dripstone_block/ctm/smooth_dripstone_block_column_ctm/0	chipped:block/dripstone_block/ctm/smooth_dripstone_block_column_ctm/3	chipped:block/dripstone_block/ctm/smooth_dripstone_block_column_ctm/1	chipped:block/dripstone_block/ctm/smooth_dripstone_block_column_ctm/2	b9cc364f6a84d79694ed5aa9ac1dc7d2886c64c72b01241a820bcf8ef7786537
chipped:smooth_end_stone_column	ctm	chipped:block/smooth_end_stone_column	minecraft:block/cube_all	chipped:block/end_stone/smooth_end_stone_column	chipped:block/end_stone/ctm/smooth_end_stone_column_ctm/0	chipped:block/end_stone/ctm/smooth_end_stone_column_ctm/3	chipped:block/end_stone/ctm/smooth_end_stone_column_ctm/1	chipped:block/end_stone/ctm/smooth_end_stone_column_ctm/2	5da8ab5cf7b62f74de5594dcc20e50d71156be5ecee251685f561a1e2e5419ab
chipped:smooth_gilded_blackstone_column	ctm	chipped:block/smooth_gilded_blackstone_column	minecraft:block/cube_all	chipped:block/gilded_blackstone/smooth_gilded_blackstone_column	chipped:block/gilded_blackstone/ctm/smooth_gilded_blackstone_column_ctm/0	chipped:block/gilded_blackstone/ctm/smooth_gilded_blackstone_column_ctm/3	chipped:block/gilded_blackstone/ctm/smooth_gilded_blackstone_column_ctm/1	chipped:block/gilded_blackstone/ctm/smooth_gilded_blackstone_column_ctm/2	1a5882aee191d4ed242062e1e3b1e143fd609fd385182781801618a17afbbc1f
chipped:smooth_granite_column	ctm	chipped:block/smooth_granite_column	minecraft:block/cube_all	chipped:block/granite/smooth_granite_column	chipped:block/granite/ctm/smooth_granite_column_ctm/0	chipped:block/granite/ctm/smooth_granite_column_ctm/3	chipped:block/granite/ctm/smooth_granite_column_ctm/1	chipped:block/granite/ctm/smooth_granite_column_ctm/2	f5fb58b927a3a961a1140e0e0170f94a81a411c31dbc6b772ac462b9107b7bf7
chipped:smooth_gray_concrete	ctm	chipped:block/smooth_gray_concrete	minecraft:block/cube_all	chipped:block/gray_concrete/smooth_gray_concrete	chipped:block/gray_concrete/ctm/common_textures/0	chipped:block/gray_concrete/ctm/smooth_gray_concrete_ctm/3	chipped:block/gray_concrete/ctm/smooth_gray_concrete_ctm/1	chipped:block/gray_concrete/ctm/common_textures/1	e66935699cde20af38bb8a4ff7849fbf79c8db9406d9561508b46cf721f0de58
chipped:smooth_green_concrete	ctm	chipped:block/smooth_green_concrete	minecraft:block/cube_all	chipped:block/green_concrete/smooth_green_concrete	chipped:block/green_concrete/ctm/common_textures/0	chipped:block/green_concrete/ctm/smooth_green_concrete_ctm/3	chipped:block/green_concrete/ctm/smooth_green_concrete_ctm/1	chipped:block/green_concrete/ctm/common_textures/1	1a7a7d26070bd127202d8b6b87f70c66debe3c354abeb46d7438d0892f059e99
chipped:smooth_ice_column	ctm	chipped:block/smooth_ice_column	minecraft:block/cube_all	chipped:block/ice/smooth_ice_column	chipped:block/ice/ctm/smooth_ice_column_ctm/0	chipped:block/ice/ctm/smooth_ice_column_ctm/3	chipped:block/ice/ctm/smooth_ice_column_ctm/1	chipped:block/ice/ctm/smooth_ice_column_ctm/2	4e81adb1f829084d8a89a4b14d398d72541baf8b4d3813403d3cda230ea525d8
chipped:smooth_lapis_block_column	ctm	chipped:block/smooth_lapis_block_column	minecraft:block/cube_all	chipped:block/lapis_block/smooth_lapis_block_column	chipped:block/lapis_block/ctm/smooth_lapis_block_column_ctm/0	chipped:block/lapis_block/ctm/smooth_lapis_block_column_ctm/3	chipped:block/lapis_block/ctm/smooth_lapis_block_column_ctm/1	chipped:block/lapis_block/ctm/smooth_lapis_block_column_ctm/2	9c817c089af2f8c65f5d49382d60de7befd7c7ce17f45d90ed38a7c80185daf6
chipped:smooth_light_blue_concrete	ctm	chipped:block/smooth_light_blue_concrete	minecraft:block/cube_all	chipped:block/light_blue_concrete/smooth_light_blue_concrete	chipped:block/light_blue_concrete/ctm/common_textures/0	chipped:block/light_blue_concrete/ctm/smooth_light_blue_concrete_ctm/3	chipped:block/light_blue_concrete/ctm/smooth_light_blue_concrete_ctm/1	chipped:block/light_blue_concrete/ctm/common_textures/1	0c7b89ffb1abcfdc31bc8fb9d6d95283204fda2404e2bba2060a8ebe2d510e59
chipped:smooth_light_gray_concrete	ctm	chipped:block/smooth_light_gray_concrete	minecraft:block/cube_all	chipped:block/light_gray_concrete/smooth_light_gray_concrete	chipped:block/light_gray_concrete/ctm/common_textures/0	chipped:block/light_gray_concrete/ctm/smooth_light_gray_concrete_ctm/3	chipped:block/light_gray_concrete/ctm/smooth_light_gray_concrete_ctm/1	chipped:block/light_gray_concrete/ctm/common_textures/1	ba130a42de279e176e3eb507190ec08985a860528598b2dd8a66cd3125146fbf
chipped:smooth_lime_concrete	ctm	chipped:block/smooth_lime_concrete	minecraft:block/cube_all	chipped:block/lime_concrete/smooth_lime_concrete	chipped:block/lime_concrete/ctm/common_textures/0	chipped:block/lime_concrete/ctm/smooth_lime_concrete_ctm/3	chipped:block/lime_concrete/ctm/smooth_lime_concrete_ctm/1	chipped:block/lime_concrete/ctm/common_textures/1	9c756c2617fe63d471f1b4a2a3d8117729b2eb23eb5b3409f3966c2f35672ae3
chipped:smooth_lodestone_column	ctm	chipped:block/smooth_lodestone_column	minecraft:block/cube_all	chipped:block/lodestone/smooth_lodestone_column	chipped:block/lodestone/ctm/smooth_lodestone_column_ctm/0	chipped:block/lodestone/ctm/smooth_lodestone_column_ctm/3	chipped:block/lodestone/ctm/smooth_lodestone_column_ctm/1	chipped:block/lodestone/ctm/smooth_lodestone_column_ctm/2	5645a44a6966d82aa26bb403ac9aed35a7c190f90fe21ace0739b937742891b5
chipped:smooth_magenta_concrete	ctm	chipped:block/smooth_magenta_concrete	minecraft:block/cube_all	chipped:block/magenta_concrete/smooth_magenta_concrete	chipped:block/magenta_concrete/ctm/common_textures/0	chipped:block/magenta_concrete/ctm/smooth_magenta_concrete_ctm/3	chipped:block/magenta_concrete/ctm/smooth_magenta_concrete_ctm/1	chipped:block/magenta_concrete/ctm/common_textures/1	7e695e0d85d07f5b85f69a2c45a6c6a8aa49fb8f10dba40b879d8949da363038
chipped:smooth_magma_block_column	ctm	chipped:block/smooth_magma_block_column	minecraft:block/cube_all	chipped:block/magma_block/smooth_magma_block_column	chipped:block/magma_block/ctm/smooth_magma_block_column_ctm/0	chipped:block/magma_block/ctm/smooth_magma_block_column_ctm/3	chipped:block/magma_block/ctm/smooth_magma_block_column_ctm/1	chipped:block/magma_block/ctm/smooth_magma_block_column_ctm/2	bd63ac0b76aca558efd5b7a33b7700d63f6d02e1f672300510a6fe4ab906f115
chipped:smooth_mossy_cobblestone_column	ctm	chipped:block/smooth_mossy_cobblestone_column	minecraft:block/cube_all	chipped:block/mossy_cobblestone/smooth_mossy_cobblestone_column	chipped:block/mossy_cobblestone/ctm/smooth_mossy_cobblestone_column_ctm/0	chipped:block/mossy_cobblestone/ctm/smooth_mossy_cobblestone_column_ctm/3	chipped:block/mossy_cobblestone/ctm/smooth_mossy_cobblestone_column_ctm/1	chipped:block/mossy_cobblestone/ctm/smooth_mossy_cobblestone_column_ctm/2	feab18f0eae1f0360facf6310b10e870270093579b8bc9b33a9f1aa4fd0ac4ca
chipped:smooth_mossy_stone_bricks_column	ctm	chipped:block/smooth_mossy_stone_bricks_column	minecraft:block/cube_all	chipped:block/mossy_stone_bricks/smooth_mossy_stone_bricks_column	chipped:block/mossy_stone_bricks/ctm/smooth_mossy_stone_bricks_column_ctm/0	chipped:block/mossy_stone_bricks/ctm/smooth_mossy_stone_bricks_column_ctm/3	chipped:block/mossy_stone_bricks/ctm/smooth_mossy_stone_bricks_column_ctm/1	chipped:block/mossy_stone_bricks/ctm/smooth_mossy_stone_bricks_column_ctm/2	bf07fd715f78aa1b45972abb6da850752d95295fd3d39c68e279b077c69d399b
chipped:smooth_nether_bricks_column	ctm	chipped:block/smooth_nether_bricks_column	minecraft:block/cube_all	chipped:block/nether_bricks/smooth_nether_bricks_column	chipped:block/nether_bricks/ctm/smooth_nether_bricks_column_ctm/0	chipped:block/nether_bricks/ctm/smooth_nether_bricks_column_ctm/3	chipped:block/nether_bricks/ctm/smooth_nether_bricks_column_ctm/1	chipped:block/nether_bricks/ctm/smooth_nether_bricks_column_ctm/2	20f7dd1ed2dda9a85c1135f1665b455eab41ff64a97c5aa44a60ee34b1817e98
chipped:smooth_netherrack_column	ctm	chipped:block/smooth_netherrack_column	minecraft:block/cube_all	chipped:block/netherrack/smooth_netherrack_column	chipped:block/netherrack/ctm/smooth_netherrack_column_ctm/0	chipped:block/netherrack/ctm/smooth_netherrack_column_ctm/3	chipped:block/netherrack/ctm/smooth_netherrack_column_ctm/1	chipped:block/netherrack/ctm/smooth_netherrack_column_ctm/2	730ccc3a7870dc29058c519fee1c66378b4a7d6a474167b106a1f2355caa69a3
chipped:smooth_obsidian_column	ctm	chipped:block/smooth_obsidian_column	minecraft:block/cube_all	chipped:block/obsidian/smooth_obsidian_column	chipped:block/obsidian/ctm/smooth_obsidian_column_ctm/0	chipped:block/obsidian/ctm/smooth_obsidian_column_ctm/3	chipped:block/obsidian/ctm/smooth_obsidian_column_ctm/1	chipped:block/obsidian/ctm/smooth_obsidian_column_ctm/2	0b430f6e7f5d64f27eecd15f73adbd2087f01d34fd068ddae2fb940d4c8bd168
chipped:smooth_orange_concrete	ctm	chipped:block/smooth_orange_concrete	minecraft:block/cube_all	chipped:block/orange_concrete/smooth_orange_concrete	chipped:block/orange_concrete/ctm/common_textures/0	chipped:block/orange_concrete/ctm/smooth_orange_concrete_ctm/3	chipped:block/orange_concrete/ctm/smooth_orange_concrete_ctm/1	chipped:block/orange_concrete/ctm/common_textures/1	b860c2a546d9d5d492f87f5fe0966ecd20f3335c7ce8434c62b35687e349b13c
chipped:smooth_packed_ice_column	ctm	chipped:block/smooth_packed_ice_column	minecraft:block/cube_all	chipped:block/packed_ice/smooth_packed_ice_column	chipped:block/packed_ice/ctm/smooth_packed_ice_column_ctm/0	chipped:block/packed_ice/ctm/smooth_packed_ice_column_ctm/3	chipped:block/packed_ice/ctm/smooth_packed_ice_column_ctm/1	chipped:block/packed_ice/ctm/smooth_packed_ice_column_ctm/2	e48f9cf4860a01a2e099fbfb7c1350744c42ccc8542187fd0111b2b211324217
chipped:smooth_pink_concrete	ctm	chipped:block/smooth_pink_concrete	minecraft:block/cube_all	chipped:block/pink_concrete/smooth_pink_concrete	chipped:block/pink_concrete/ctm/common_textures/0	chipped:block/pink_concrete/ctm/smooth_pink_concrete_ctm/3	chipped:block/pink_concrete/ctm/smooth_pink_concrete_ctm/1	chipped:block/pink_concrete/ctm/common_textures/1	94ae54d073d09e0a1d8774285f124a6e040e8340fedf370f6970387f6731055d
chipped:smooth_prismarine_column	ctm	chipped:block/smooth_prismarine_column	minecraft:block/cube_all	chipped:block/prismarine/smooth_prismarine_column	chipped:block/prismarine/ctm/smooth_prismarine_column_ctm/0	chipped:block/prismarine/ctm/smooth_prismarine_column_ctm/3	chipped:block/prismarine/ctm/smooth_prismarine_column_ctm/1	chipped:block/prismarine/ctm/smooth_prismarine_column_ctm/2	a7b87b9ffa636004b73c3aefed61246b2d2c0ff50bb3aa4b0587ad02211f12f4
chipped:smooth_purple_concrete	ctm	chipped:block/smooth_purple_concrete	minecraft:block/cube_all	chipped:block/purple_concrete/smooth_purple_concrete	chipped:block/purple_concrete/ctm/common_textures/0	chipped:block/purple_concrete/ctm/smooth_purple_concrete_ctm/3	chipped:block/purple_concrete/ctm/smooth_purple_concrete_ctm/1	chipped:block/purple_concrete/ctm/common_textures/1	a5c80cad63473ae1c67f3640bfcbce53cd639d91a26fc04edc0df78bc2ba9999
chipped:smooth_purpur_block_column	ctm	chipped:block/smooth_purpur_block_column	minecraft:block/cube_all	chipped:block/purpur_block/smooth_purpur_block_column	chipped:block/purpur_block/ctm/smooth_purpur_block_column_ctm/0	chipped:block/purpur_block/ctm/smooth_purpur_block_column_ctm/3	chipped:block/purpur_block/ctm/smooth_purpur_block_column_ctm/1	chipped:block/purpur_block/ctm/smooth_purpur_block_column_ctm/2	3c737f096e1d195c6b2ced66ce6e700fd02bf2007431fa05f8f2caea34b172fa
chipped:smooth_quartz_block_column	ctm	chipped:block/smooth_quartz_block_column	minecraft:block/cube_all	chipped:block/quartz_block/smooth_quartz_block_column	chipped:block/quartz_block/ctm/smooth_quartz_block_column_ctm/0	chipped:block/quartz_block/ctm/smooth_quartz_block_column_ctm/3	chipped:block/quartz_block/ctm/smooth_quartz_block_column_ctm/1	chipped:block/quartz_block/ctm/smooth_quartz_block_column_ctm/2	91a9a5d49ccf83097a4a2ee90216863af0a60da4723b1c699615e20ed762d9b9
chipped:smooth_raw_copper_block_column	ctm	chipped:block/smooth_raw_copper_block_column	minecraft:block/cube_all	chipped:block/raw_copper_block/smooth_raw_copper_block_column	chipped:block/raw_copper_block/ctm/smooth_raw_copper_block_column_ctm/0	chipped:block/raw_copper_block/ctm/smooth_raw_copper_block_column_ctm/3	chipped:block/raw_copper_block/ctm/smooth_raw_copper_block_column_ctm/1	chipped:block/raw_copper_block/ctm/smooth_raw_copper_block_column_ctm/2	2fadc3441355b6842f89d92215480cf31d67fc50d07f9361174f1e71bd37e32a
chipped:smooth_raw_gold_block_column	ctm	chipped:block/smooth_raw_gold_block_column	minecraft:block/cube_all	chipped:block/raw_gold_block/smooth_raw_gold_block_column	chipped:block/raw_gold_block/ctm/smooth_raw_gold_block_column_ctm/0	chipped:block/raw_gold_block/ctm/smooth_raw_gold_block_column_ctm/3	chipped:block/raw_gold_block/ctm/smooth_raw_gold_block_column_ctm/1	chipped:block/raw_gold_block/ctm/smooth_raw_gold_block_column_ctm/2	f9c163a97b68d8058414374878f9e98efc27360fc2840622741429f5ea3e80d3
chipped:smooth_raw_iron_block_column	ctm	chipped:block/smooth_raw_iron_block_column	minecraft:block/cube_all	chipped:block/raw_iron_block/smooth_raw_iron_block_column	chipped:block/raw_iron_block/ctm/smooth_raw_iron_block_column_ctm/0	chipped:block/raw_iron_block/ctm/smooth_raw_iron_block_column_ctm/3	chipped:block/raw_iron_block/ctm/smooth_raw_iron_block_column_ctm/1	chipped:block/raw_iron_block/ctm/smooth_raw_iron_block_column_ctm/2	b8e74f94571cca2c449c2d25cab10607aa942326fd64cd5a887a93b5d1bdb02b
chipped:smooth_red_concrete	ctm	chipped:block/smooth_red_concrete	minecraft:block/cube_all	chipped:block/red_concrete/smooth_red_concrete	chipped:block/red_concrete/ctm/common_textures/0	chipped:block/red_concrete/ctm/smooth_red_concrete_ctm/3	chipped:block/red_concrete/ctm/smooth_red_concrete_ctm/1	chipped:block/red_concrete/ctm/common_textures/1	bad169ef2369d377d86b8d66719e0f9871dfd27b3d282a4961316aed0a5ac8a8
chipped:smooth_red_nether_bricks_column	ctm	chipped:block/smooth_red_nether_bricks_column	minecraft:block/cube_all	chipped:block/red_nether_bricks/smooth_red_nether_bricks_column	chipped:block/red_nether_bricks/ctm/smooth_red_nether_bricks_column_ctm/0	chipped:block/red_nether_bricks/ctm/smooth_red_nether_bricks_column_ctm/3	chipped:block/red_nether_bricks/ctm/smooth_red_nether_bricks_column_ctm/1	chipped:block/red_nether_bricks/ctm/smooth_red_nether_bricks_column_ctm/2	0fcbd062f9ff5a23653e9b079d3ee8f171c07d19ec99d7a65ea447e692a7d18e
chipped:smooth_red_sandstone_column	ctm	chipped:block/smooth_red_sandstone_column	minecraft:block/cube_all	chipped:block/red_sandstone/smooth_red_sandstone_column	chipped:block/red_sandstone/ctm/smooth_red_sandstone_column_ctm/0	chipped:block/red_sandstone/ctm/smooth_red_sandstone_column_ctm/3	chipped:block/red_sandstone/ctm/smooth_red_sandstone_column_ctm/1	chipped:block/red_sandstone/ctm/smooth_red_sandstone_column_ctm/2	7326b38e35e1727d92c81439a2eb90a0e77d3e08d91bb8d9632b30f2e78c0af9
chipped:smooth_redstone_block_column	ctm	chipped:block/smooth_redstone_block_column	minecraft:block/cube_all	chipped:block/redstone_block/smooth_redstone_block_column	chipped:block/redstone_block/ctm/smooth_redstone_block_column_ctm/0	chipped:block/redstone_block/ctm/smooth_redstone_block_column_ctm/3	chipped:block/redstone_block/ctm/smooth_redstone_block_column_ctm/1	chipped:block/redstone_block/ctm/smooth_redstone_block_column_ctm/2	07ee7cb00bdbb218f29ee238d0c4a0ca43ce238807c06c8d262ef817e768a670
chipped:smooth_sandstone_column	ctm	chipped:block/smooth_sandstone_column	minecraft:block/cube_all	chipped:block/sandstone/smooth_sandstone_column	chipped:block/sandstone/ctm/smooth_sandstone_column_ctm/0	chipped:block/sandstone/ctm/smooth_sandstone_column_ctm/3	chipped:block/sandstone/ctm/smooth_sandstone_column_ctm/1	chipped:block/sandstone/ctm/smooth_sandstone_column_ctm/2	cd885f72223e1c50889e15d7cd53c9938c4191a03ffafc3370d5a1b775e56949
chipped:smooth_smooth_stone_column	ctm	chipped:block/smooth_smooth_stone_column	minecraft:block/cube_all	chipped:block/smooth_stone/smooth_smooth_stone_column	chipped:block/smooth_stone/ctm/smooth_smooth_stone_column_ctm/0	chipped:block/smooth_stone/ctm/smooth_smooth_stone_column_ctm/3	chipped:block/smooth_stone/ctm/smooth_smooth_stone_column_ctm/1	chipped:block/smooth_stone/ctm/smooth_smooth_stone_column_ctm/2	ffc51be99a6db0f4158d172b452f306ded90ee887364185a80c4ba5b8a88c481
chipped:smooth_snow_block_column	ctm	chipped:block/smooth_snow_block_column	minecraft:block/cube_all	chipped:block/snow_block/smooth_snow_block_column	chipped:block/snow_block/ctm/smooth_snow_block_column_ctm/0	chipped:block/snow_block/ctm/smooth_snow_block_column_ctm/3	chipped:block/snow_block/ctm/smooth_snow_block_column_ctm/1	chipped:block/snow_block/ctm/smooth_snow_block_column_ctm/2	3dc8fedba1508006683ed33cd641668e170f9b14ffe1d2420309e217d1f0e893
chipped:smooth_stone_column	ctm	chipped:block/smooth_stone_column	minecraft:block/cube_all	chipped:block/stone/smooth_stone_column	chipped:block/stone/ctm/smooth_stone_column_ctm/0	chipped:block/stone/ctm/smooth_stone_column_ctm/3	chipped:block/stone/ctm/smooth_stone_column_ctm/1	chipped:block/stone/ctm/smooth_stone_column_ctm/2	270d6d24ca4cdbc22c67fd51c9279cd6fa1eb93d84c215d4b5558a321984e0ec
chipped:smooth_tuff_column	ctm	chipped:block/smooth_tuff_column	minecraft:block/cube_all	chipped:block/tuff/smooth_tuff_column	chipped:block/tuff/ctm/smooth_tuff_column_ctm/0	chipped:block/tuff/ctm/smooth_tuff_column_ctm/3	chipped:block/tuff/ctm/smooth_tuff_column_ctm/1	chipped:block/tuff/ctm/smooth_tuff_column_ctm/2	0471d9117628a94cd466b14f0133db4bb16f287e0f8d916d2b643a41684497e9
chipped:smooth_white_concrete	ctm	chipped:block/smooth_white_concrete	minecraft:block/cube_all	chipped:block/white_concrete/smooth_white_concrete	chipped:block/white_concrete/ctm/common_textures/0	chipped:block/white_concrete/ctm/smooth_white_concrete_ctm/3	chipped:block/white_concrete/ctm/smooth_white_concrete_ctm/1	chipped:block/white_concrete/ctm/common_textures/1	68c410deb43eee02d61d9ce4718ba1d4fbab260d6e84f00b2c7b1611d5ac0853
chipped:smooth_yellow_concrete	ctm	chipped:block/smooth_yellow_concrete	minecraft:block/cube_all	chipped:block/yellow_concrete/smooth_yellow_concrete	chipped:block/yellow_concrete/ctm/common_textures/0	chipped:block/yellow_concrete/ctm/smooth_yellow_concrete_ctm/3	chipped:block/yellow_concrete/ctm/smooth_yellow_concrete_ctm/1	chipped:block/yellow_concrete/ctm/common_textures/1	e370cec5ce3a4fbb207956cc4b91a60fa924ea0b8aa7da40fdfa708455c700df
chipped:spruce_planks_panel	ctm	chipped:block/spruce_planks_panel	minecraft:block/cube_all	chipped:block/spruce_planks/spruce_planks_panel	chipped:block/spruce_planks/ctm/spruce_planks_panel_ctm/0	chipped:block/spruce_planks/ctm/spruce_planks_panel_ctm/3	chipped:block/spruce_planks/ctm/spruce_planks_panel_ctm/1	chipped:block/spruce_planks/ctm/spruce_planks_panel_ctm/2	65d1ab6b0856b0bdba7494282a8afff67b96805d7978dab46776c82d7d0a0925
chipped:square_oak_glass	ctm	chipped:block/square_oak_glass	minecraft:block/cube_all	chipped:block/glass/square_oak_glass	chipped:block/glass/ctm/square_oak_glass_ctm/0	chipped:block/glass/ctm/square_oak_glass_ctm/3	chipped:block/glass/ctm/square_oak_glass_ctm/1	chipped:block/glass/ctm/square_oak_glass_ctm/2	334186a504bd8d201cf530f0444b208e20bd163a676ed0987ce1a843e321fb7a
chipped:square_oak_glass_pane	pane_ctm	chipped:block/square_oak_glass_pane	minecraft:block/cube_all	chipped:block/glass/square_oak_glass	chipped:block/glass/ctm/square_oak_glass_ctm/0	chipped:block/glass/ctm/square_oak_glass_ctm/3	chipped:block/glass/ctm/square_oak_glass_ctm/1	chipped:block/glass/ctm/square_oak_glass_ctm/2	334186a504bd8d201cf530f0444b208e20bd163a676ed0987ce1a843e321fb7a
chipped:starry_black_terracotta	giant	chipped:block/starry_black_terracotta	minecraft:block/cube_all	chipped:block/black_terracotta/starry_black_terracotta	chipped:block/black_terracotta/ctm/starry_black_terracotta/0	chipped:block/black_terracotta/ctm/starry_black_terracotta/1	chipped:block/black_terracotta/ctm/starry_black_terracotta/2	chipped:block/black_terracotta/ctm/starry_black_terracotta/3	c32ab98458c32c376cdf0fc4177e92d42cee6e444d9f88c6a1ee415d0030ea69
chipped:starry_blue_terracotta	giant	chipped:block/starry_blue_terracotta	minecraft:block/cube_all	chipped:block/blue_terracotta/starry_blue_terracotta	chipped:block/blue_terracotta/ctm/starry_blue_terracotta/0	chipped:block/blue_terracotta/ctm/starry_blue_terracotta/1	chipped:block/blue_terracotta/ctm/starry_blue_terracotta/2	chipped:block/blue_terracotta/ctm/starry_blue_terracotta/3	18b0e229fd16e8586702cad2167fb0cbf70d795e69a657e9b13356e11e51f2ef
chipped:starry_brown_terracotta	giant	chipped:block/starry_brown_terracotta	minecraft:block/cube_all	chipped:block/brown_terracotta/starry_brown_terracotta	chipped:block/brown_terracotta/ctm/starry_brown_terracotta/0	chipped:block/brown_terracotta/ctm/starry_brown_terracotta/1	chipped:block/brown_terracotta/ctm/starry_brown_terracotta/2	chipped:block/brown_terracotta/ctm/starry_brown_terracotta/3	dbfbc1133cdd9ccea0783b36da4028780bcfcebeae9f49df2b7d25c673507fd4
chipped:starry_cyan_terracotta	giant	chipped:block/starry_cyan_terracotta	minecraft:block/cube_all	chipped:block/cyan_terracotta/starry_cyan_terracotta	chipped:block/cyan_terracotta/ctm/starry_cyan_terracotta/0	chipped:block/cyan_terracotta/ctm/starry_cyan_terracotta/1	chipped:block/cyan_terracotta/ctm/starry_cyan_terracotta/2	chipped:block/cyan_terracotta/ctm/starry_cyan_terracotta/3	4110767149e4d3a7da5bbdbb935cf024dacfcbe1f9793483465a0a03bce16dc0
chipped:starry_gray_terracotta	giant	chipped:block/starry_gray_terracotta	minecraft:block/cube_all	chipped:block/gray_terracotta/starry_gray_terracotta	chipped:block/gray_terracotta/ctm/starry_gray_terracotta/0	chipped:block/gray_terracotta/ctm/starry_gray_terracotta/1	chipped:block/gray_terracotta/ctm/starry_gray_terracotta/2	chipped:block/gray_terracotta/ctm/starry_gray_terracotta/3	2ef9235537ddbb381ef234f3ec039baea21fe6576879cd311ac03671ef5ef03c
chipped:starry_green_terracotta	giant	chipped:block/starry_green_terracotta	minecraft:block/cube_all	chipped:block/green_terracotta/starry_green_terracotta	chipped:block/green_terracotta/ctm/starry_green_terracotta/0	chipped:block/green_terracotta/ctm/starry_green_terracotta/1	chipped:block/green_terracotta/ctm/starry_green_terracotta/2	chipped:block/green_terracotta/ctm/starry_green_terracotta/3	888a4ec8dabd59fba4eb8d44461eaee4674947f0986f1d6b7a50dd8084ca2c23
chipped:starry_light_blue_terracotta	giant	chipped:block/starry_light_blue_terracotta	minecraft:block/cube_all	chipped:block/light_blue_terracotta/starry_light_blue_terracotta	chipped:block/light_blue_terracotta/ctm/starry_light_blue_terracotta/0	chipped:block/light_blue_terracotta/ctm/starry_light_blue_terracotta/1	chipped:block/light_blue_terracotta/ctm/starry_light_blue_terracotta/2	chipped:block/light_blue_terracotta/ctm/starry_light_blue_terracotta/3	445ccd9dcdda97919dd16a4087eedc2320a0e00016c6c86646e211fb097d16ce
chipped:starry_light_gray_terracotta	giant	chipped:block/starry_light_gray_terracotta	minecraft:block/cube_all	chipped:block/light_gray_terracotta/starry_light_gray_terracotta	chipped:block/light_gray_terracotta/ctm/starry_light_gray_terracotta/0	chipped:block/light_gray_terracotta/ctm/starry_light_gray_terracotta/1	chipped:block/light_gray_terracotta/ctm/starry_light_gray_terracotta/2	chipped:block/light_gray_terracotta/ctm/starry_light_gray_terracotta/3	271b57532d6583b0b196281c2f7dc775b0b62f991a99234026dabcaf785a7ce4
chipped:starry_lime_terracotta	giant	chipped:block/starry_lime_terracotta	minecraft:block/cube_all	chipped:block/lime_terracotta/starry_lime_terracotta	chipped:block/lime_terracotta/ctm/starry_lime_terracotta/0	chipped:block/lime_terracotta/ctm/starry_lime_terracotta/1	chipped:block/lime_terracotta/ctm/starry_lime_terracotta/2	chipped:block/lime_terracotta/ctm/starry_lime_terracotta/3	b479bd5ca36814bec3d27d44d13cd768f2595ba0d16908e8b7f3e6543cd4bc66
chipped:starry_magenta_terracotta	giant	chipped:block/starry_magenta_terracotta	minecraft:block/cube_all	chipped:block/magenta_terracotta/starry_magenta_terracotta	chipped:block/magenta_terracotta/ctm/starry_magenta_terracotta/0	chipped:block/magenta_terracotta/ctm/starry_magenta_terracotta/1	chipped:block/magenta_terracotta/ctm/starry_magenta_terracotta/2	chipped:block/magenta_terracotta/ctm/starry_magenta_terracotta/3	aeb11c61e1a8b646d1d14a3185f78d64cac9664bd547715eb268517bce37fa90
chipped:starry_orange_terracotta	giant	chipped:block/starry_orange_terracotta	minecraft:block/cube_all	chipped:block/orange_terracotta/starry_orange_terracotta	chipped:block/orange_terracotta/ctm/starry_orange_terracotta/0	chipped:block/orange_terracotta/ctm/starry_orange_terracotta/1	chipped:block/orange_terracotta/ctm/starry_orange_terracotta/2	chipped:block/orange_terracotta/ctm/starry_orange_terracotta/3	7b7e45313b117c7635153cf393713dee8db7ebb1f8136e143af08f27c8935a7e
chipped:starry_pink_terracotta	giant	chipped:block/starry_pink_terracotta	minecraft:block/cube_all	chipped:block/pink_terracotta/starry_pink_terracotta	chipped:block/pink_terracotta/ctm/starry_pink_terracotta/0	chipped:block/pink_terracotta/ctm/starry_pink_terracotta/1	chipped:block/pink_terracotta/ctm/starry_pink_terracotta/2	chipped:block/pink_terracotta/ctm/starry_pink_terracotta/3	8e3f760201337f0a28ede76fbee81a4c7ed68aa5dc5f136427c61a36496b1807
chipped:starry_purple_terracotta	giant	chipped:block/starry_purple_terracotta	minecraft:block/cube_all	chipped:block/purple_terracotta/starry_purple_terracotta	chipped:block/purple_terracotta/ctm/starry_purple_terracotta/0	chipped:block/purple_terracotta/ctm/starry_purple_terracotta/1	chipped:block/purple_terracotta/ctm/starry_purple_terracotta/2	chipped:block/purple_terracotta/ctm/starry_purple_terracotta/3	93abbdf1515906a14b67d81895252e605ff20b015de38f7fa3f4cf2cec00e41b
chipped:starry_red_terracotta	giant	chipped:block/starry_red_terracotta	minecraft:block/cube_all	chipped:block/red_terracotta/starry_red_terracotta	chipped:block/red_terracotta/ctm/starry_red_terracotta/0	chipped:block/red_terracotta/ctm/starry_red_terracotta/1	chipped:block/red_terracotta/ctm/starry_red_terracotta/2	chipped:block/red_terracotta/ctm/starry_red_terracotta/3	28ab3435a59befe91f3425e53441f0ccfc91feba2b3157c7b73725a24a515838
chipped:starry_terracotta	giant	chipped:block/starry_terracotta	minecraft:block/cube_all	chipped:block/terracotta/starry_terracotta	chipped:block/terracotta/ctm/starry_terracotta/0	chipped:block/terracotta/ctm/starry_terracotta/1	chipped:block/terracotta/ctm/starry_terracotta/2	chipped:block/terracotta/ctm/starry_terracotta/3	5be35224099d80ebc6c687d22c5772d7587af4ab4e29d6e19bb56e1f4b96ef5c
chipped:starry_white_terracotta	giant	chipped:block/starry_white_terracotta	minecraft:block/cube_all	chipped:block/white_terracotta/starry_white_terracotta	chipped:block/white_terracotta/ctm/starry_white_terracotta/0	chipped:block/white_terracotta/ctm/starry_white_terracotta/1	chipped:block/white_terracotta/ctm/starry_white_terracotta/2	chipped:block/white_terracotta/ctm/starry_white_terracotta/3	9ce8aa20f0bd6f95e73934fe349749c72407892b2e33d9de8ab584f52e326821
chipped:starry_yellow_terracotta	giant	chipped:block/starry_yellow_terracotta	minecraft:block/cube_all	chipped:block/yellow_terracotta/starry_yellow_terracotta	chipped:block/yellow_terracotta/ctm/starry_yellow_terracotta/0	chipped:block/yellow_terracotta/ctm/starry_yellow_terracotta/1	chipped:block/yellow_terracotta/ctm/starry_yellow_terracotta/2	chipped:block/yellow_terracotta/ctm/starry_yellow_terracotta/3	e5a8737bcc951ae8534aa2db8703f16458ad9ce22f062d4a77b001cd9551d2fd
chipped:striped_black_concrete	ctm	chipped:block/striped_black_concrete	minecraft:block/cube_all	chipped:block/black_concrete/striped_black_concrete	chipped:block/black_concrete/ctm/striped_black_concrete_ctm/0	chipped:block/black_concrete/ctm/striped_black_concrete_ctm/3	chipped:block/black_concrete/ctm/striped_black_concrete_ctm/1	chipped:block/black_concrete/ctm/striped_black_concrete_ctm/2	f2dfc65bf714d7d7de91cc40fec6395c2317d96ab6e87af8f175bf838951607d
chipped:striped_blue_concrete	ctm	chipped:block/striped_blue_concrete	minecraft:block/cube_all	chipped:block/blue_concrete/striped_blue_concrete	chipped:block/blue_concrete/ctm/striped_blue_concrete_ctm/0	chipped:block/blue_concrete/ctm/striped_blue_concrete_ctm/3	chipped:block/blue_concrete/ctm/striped_blue_concrete_ctm/1	chipped:block/blue_concrete/ctm/striped_blue_concrete_ctm/2	c44922f7931a2a8233478456665be09963d1943635ddc219e2159f5daf3223fc
chipped:striped_brown_concrete	ctm	chipped:block/striped_brown_concrete	minecraft:block/cube_all	chipped:block/brown_concrete/striped_brown_concrete	chipped:block/brown_concrete/ctm/striped_brown_concrete_ctm/0	chipped:block/brown_concrete/ctm/striped_brown_concrete_ctm/3	chipped:block/brown_concrete/ctm/striped_brown_concrete_ctm/1	chipped:block/brown_concrete/ctm/striped_brown_concrete_ctm/2	2702e50825abaca2e1e13e0ce33e2a6f178a5cbb0a77d71cbe40860d7dfc20bf
chipped:striped_cyan_concrete	ctm	chipped:block/striped_cyan_concrete	minecraft:block/cube_all	chipped:block/cyan_concrete/striped_cyan_concrete	chipped:block/cyan_concrete/ctm/striped_cyan_concrete_ctm/0	chipped:block/cyan_concrete/ctm/striped_cyan_concrete_ctm/3	chipped:block/cyan_concrete/ctm/striped_cyan_concrete_ctm/1	chipped:block/cyan_concrete/ctm/striped_cyan_concrete_ctm/2	f9d50961c7d5c563ebdb2ada4396904567ba5098a1bb56a3a874602603a2c045
chipped:striped_gray_concrete	ctm	chipped:block/striped_gray_concrete	minecraft:block/cube_all	chipped:block/gray_concrete/striped_gray_concrete	chipped:block/gray_concrete/ctm/striped_gray_concrete_ctm/0	chipped:block/gray_concrete/ctm/striped_gray_concrete_ctm/3	chipped:block/gray_concrete/ctm/striped_gray_concrete_ctm/1	chipped:block/gray_concrete/ctm/striped_gray_concrete_ctm/2	20d6cd48f2ecd9a47df8faa833090d8e451de11fc5b08cb986369c21377b5cad
chipped:striped_green_concrete	ctm	chipped:block/striped_green_concrete	minecraft:block/cube_all	chipped:block/green_concrete/striped_green_concrete	chipped:block/green_concrete/ctm/striped_green_concrete_ctm/0	chipped:block/green_concrete/ctm/striped_green_concrete_ctm/3	chipped:block/green_concrete/ctm/striped_green_concrete_ctm/1	chipped:block/green_concrete/ctm/striped_green_concrete_ctm/2	a732973a521bdd07b36737f3141c6cb52f901d7a4ef634435829fbb3653a36c4
chipped:striped_light_blue_concrete	ctm	chipped:block/striped_light_blue_concrete	minecraft:block/cube_all	chipped:block/light_blue_concrete/striped_light_blue_concrete	chipped:block/light_blue_concrete/ctm/striped_light_blue_concrete_ctm/0	chipped:block/light_blue_concrete/ctm/striped_light_blue_concrete_ctm/3	chipped:block/light_blue_concrete/ctm/striped_light_blue_concrete_ctm/1	chipped:block/light_blue_concrete/ctm/striped_light_blue_concrete_ctm/2	3701cc0e1b06798c01857bea5999695a466b02356bea0f7894ff07e8cce04331
chipped:striped_light_gray_concrete	ctm	chipped:block/striped_light_gray_concrete	minecraft:block/cube_all	chipped:block/light_gray_concrete/striped_light_gray_concrete	chipped:block/light_gray_concrete/ctm/striped_light_gray_concrete_ctm/0	chipped:block/light_gray_concrete/ctm/striped_light_gray_concrete_ctm/3	chipped:block/light_gray_concrete/ctm/striped_light_gray_concrete_ctm/1	chipped:block/light_gray_concrete/ctm/striped_light_gray_concrete_ctm/2	d69b600116f5a1c0c66dc96f8a35a770d157856638fe1ca6193a698eee6e7bd1
chipped:striped_lime_concrete	ctm	chipped:block/striped_lime_concrete	minecraft:block/cube_all	chipped:block/lime_concrete/striped_lime_concrete	chipped:block/lime_concrete/ctm/striped_lime_concrete_ctm/0	chipped:block/lime_concrete/ctm/striped_lime_concrete_ctm/3	chipped:block/lime_concrete/ctm/striped_lime_concrete_ctm/1	chipped:block/lime_concrete/ctm/striped_lime_concrete_ctm/2	5fa41d63b04efd6532096dc3f4a787b64efb73b338e69bef2ea728e83998892d
chipped:striped_magenta_concrete	ctm	chipped:block/striped_magenta_concrete	minecraft:block/cube_all	chipped:block/magenta_concrete/striped_magenta_concrete	chipped:block/magenta_concrete/ctm/striped_magenta_concrete_ctm/0	chipped:block/magenta_concrete/ctm/striped_magenta_concrete_ctm/3	chipped:block/magenta_concrete/ctm/striped_magenta_concrete_ctm/1	chipped:block/magenta_concrete/ctm/striped_magenta_concrete_ctm/2	b43fd7f254a0d4783fa6856e0bdb4206510aaaac5af274de0b8162d0442f6acc
chipped:striped_orange_concrete	ctm	chipped:block/striped_orange_concrete	minecraft:block/cube_all	chipped:block/orange_concrete/striped_orange_concrete	chipped:block/orange_concrete/ctm/striped_orange_concrete_ctm/0	chipped:block/orange_concrete/ctm/striped_orange_concrete_ctm/3	chipped:block/orange_concrete/ctm/striped_orange_concrete_ctm/1	chipped:block/orange_concrete/ctm/striped_orange_concrete_ctm/2	cbbab9f93e62ad9ea2cbe0090a6061e9fac728f220594f8a1f905f567542c3c0
chipped:striped_pink_concrete	ctm	chipped:block/striped_pink_concrete	minecraft:block/cube_all	chipped:block/pink_concrete/striped_pink_concrete	chipped:block/pink_concrete/ctm/striped_pink_concrete_ctm/0	chipped:block/pink_concrete/ctm/striped_pink_concrete_ctm/3	chipped:block/pink_concrete/ctm/striped_pink_concrete_ctm/1	chipped:block/pink_concrete/ctm/striped_pink_concrete_ctm/2	121054ef75848719b16b3b4e244fc0004fd24473336adfd03cabda4cb43cfa7a
chipped:striped_purple_concrete	ctm	chipped:block/striped_purple_concrete	minecraft:block/cube_all	chipped:block/purple_concrete/striped_purple_concrete	chipped:block/purple_concrete/ctm/striped_purple_concrete_ctm/0	chipped:block/purple_concrete/ctm/striped_purple_concrete_ctm/3	chipped:block/purple_concrete/ctm/striped_purple_concrete_ctm/1	chipped:block/purple_concrete/ctm/striped_purple_concrete_ctm/2	8a71d0cf7bb8c86a6f0aba80176e173d473f358211c9ce0a3f1466f5d0376706
chipped:striped_red_concrete	ctm	chipped:block/striped_red_concrete	minecraft:block/cube_all	chipped:block/red_concrete/striped_red_concrete	chipped:block/red_concrete/ctm/striped_red_concrete_ctm/0	chipped:block/red_concrete/ctm/striped_red_concrete_ctm/3	chipped:block/red_concrete/ctm/striped_red_concrete_ctm/1	chipped:block/red_concrete/ctm/striped_red_concrete_ctm/2	f1cc0223d615f7c8d1c3ae2cb6ca868e774a9acf54842b22d0fe5b2a46c3d1f7
chipped:striped_white_concrete	ctm	chipped:block/striped_white_concrete	minecraft:block/cube_all	chipped:block/white_concrete/striped_white_concrete	chipped:block/white_concrete/ctm/striped_white_concrete_ctm/0	chipped:block/white_concrete/ctm/striped_white_concrete_ctm/3	chipped:block/white_concrete/ctm/striped_white_concrete_ctm/1	chipped:block/white_concrete/ctm/striped_white_concrete_ctm/2	939628256f1055f149bf8d6630547027eca18a7033e4d403161a021fa4910601
chipped:striped_yellow_concrete	ctm	chipped:block/striped_yellow_concrete	minecraft:block/cube_all	chipped:block/yellow_concrete/striped_yellow_concrete	chipped:block/yellow_concrete/ctm/striped_yellow_concrete_ctm/0	chipped:block/yellow_concrete/ctm/striped_yellow_concrete_ctm/3	chipped:block/yellow_concrete/ctm/striped_yellow_concrete_ctm/1	chipped:block/yellow_concrete/ctm/striped_yellow_concrete_ctm/2	8d5806b3b3d483e8d2cb981723d63a43ac4a3948edc4f98067de360659bb34c6
chipped:terracotta_column	pillar	chipped:block/terracotta_column	minecraft:block/cube_column	chipped:block/terracotta/terracotta_column	chipped:block/terracotta/ctm/terracotta_column/0	chipped:block/terracotta/ctm/terracotta_column/1	chipped:block/terracotta/ctm/terracotta_column/2	chipped:block/terracotta/ctm/terracotta_column/3	3e58e2a896667f2135304044a72a12b6116a0c3e3b2fe40c61fc94ab14f29f3e
chipped:terracotta_pillar	pillar	chipped:block/terracotta_pillar	minecraft:block/cube_column	chipped:block/terracotta/terracotta_pillar	chipped:block/terracotta/ctm/terracotta_pillar/0	chipped:block/terracotta/ctm/terracotta_pillar/1	chipped:block/terracotta/ctm/terracotta_pillar/2	chipped:block/terracotta/ctm/terracotta_pillar/3	e1ef0434789baaa01636e9342438e126e0fa79b6b07b60982ffb8a13a9fbc7dd
chipped:thick_inlayed_amethyst_block	ctm	chipped:block/thick_inlayed_amethyst_block	minecraft:block/cube_all	chipped:block/amethyst_block/thick_inlayed_amethyst_block	chipped:block/amethyst_block/ctm/common_textures/1	chipped:block/amethyst_block/ctm/common_textures/2	chipped:block/amethyst_block/ctm/thick_inlayed_amethyst_block_ctm/1	chipped:block/amethyst_block/ctm/thick_inlayed_amethyst_block_ctm/2	aa8c3206e85207b57d0fdfbecf4b8f0d6c915e7f0ba6ccdf8ff5804118b00738
chipped:thick_inlayed_ancient_debris	ctm	chipped:block/thick_inlayed_ancient_debris	minecraft:block/cube_all	chipped:block/ancient_debris/thick_inlayed_ancient_debris	chipped:block/ancient_debris/ctm/common_textures/1	chipped:block/ancient_debris/ctm/common_textures/2	chipped:block/ancient_debris/ctm/thick_inlayed_ancient_debris_ctm/1	chipped:block/ancient_debris/ctm/thick_inlayed_ancient_debris_ctm/2	cc925a1039638a91a36c7eb4bfb609dd9de0b10ad193a4367d63bf59c36995f1
chipped:thick_inlayed_andesite	ctm	chipped:block/thick_inlayed_andesite	minecraft:block/cube_all	chipped:block/andesite/thick_inlayed_andesite	chipped:block/andesite/ctm/common_textures/1	chipped:block/andesite/ctm/common_textures/2	chipped:block/andesite/ctm/thick_inlayed_andesite_ctm/1	chipped:block/andesite/ctm/thick_inlayed_andesite_ctm/2	c0d2602b2298fa3d668da4e08af52bb70c037223b2bb9eeb75e5e875f715d789
chipped:thick_inlayed_basalt	ctm	chipped:block/thick_inlayed_basalt	minecraft:block/cube_all	chipped:block/basalt/thick_inlayed_basalt	chipped:block/basalt/ctm/common_textures/1	chipped:block/basalt/ctm/thick_inlayed_basalt_ctm/3	chipped:block/basalt/ctm/thick_inlayed_basalt_ctm/1	chipped:block/basalt/ctm/thick_inlayed_basalt_ctm/2	731e54aaf5ad1eee67b5c8b13345b93db7b02314e67b44ab08b1419e6db6d7c8
chipped:thick_inlayed_blackstone	ctm	chipped:block/thick_inlayed_blackstone	minecraft:block/cube_all	chipped:block/blackstone/thick_inlayed_blackstone	chipped:block/blackstone/ctm/common_textures/1	chipped:block/blackstone/ctm/thick_inlayed_blackstone_ctm/3	chipped:block/blackstone/ctm/thick_inlayed_blackstone_ctm/1	chipped:block/blackstone/ctm/thick_inlayed_blackstone_ctm/2	4a2b5055552015473bfb1b514b1f3604b6642be78b562b2095c4dee2975d5e20
chipped:thick_inlayed_blue_ice	ctm	chipped:block/thick_inlayed_blue_ice	minecraft:block/cube_all	chipped:block/blue_ice/thick_inlayed_blue_ice	chipped:block/blue_ice/ctm/common_textures/1	chipped:block/blue_ice/ctm/common_textures/2	chipped:block/blue_ice/ctm/thick_inlayed_blue_ice_ctm/1	chipped:block/blue_ice/ctm/thick_inlayed_blue_ice_ctm/2	276e71d04543403bb6fac7508bf80ac5d63c148da83dc257b329e868a5854d86
chipped:thick_inlayed_borderless_bricks	ctm	chipped:block/thick_inlayed_borderless_bricks	minecraft:block/cube_all	chipped:block/borderless_bricks/thick_inlayed_borderless_bricks	chipped:block/borderless_bricks/ctm/common_textures/1	chipped:block/borderless_bricks/ctm/common_textures/2	chipped:block/borderless_bricks/ctm/thick_inlayed_borderless_bricks_ctm/1	chipped:block/borderless_bricks/ctm/thick_inlayed_borderless_bricks_ctm/2	24b34f240793d76168d8dabf4b3dbfd5d185b1587e5cfb1ebd49d79b4bdc2d2f
chipped:thick_inlayed_bricks	ctm	chipped:block/thick_inlayed_bricks	minecraft:block/cube_all	chipped:block/bricks/thick_inlayed_bricks	chipped:block/bricks/ctm/common_textures/1	chipped:block/bricks/ctm/thick_inlayed_bricks_ctm/3	chipped:block/bricks/ctm/thick_inlayed_bricks_ctm/1	chipped:block/bricks/ctm/thick_inlayed_bricks_ctm/2	7ab2ee52847848ffca49951db6bcf5cf63ad160698f2a1f118d5b08d371e5f45
chipped:thick_inlayed_calcite	ctm	chipped:block/thick_inlayed_calcite	minecraft:block/cube_all	chipped:block/calcite/thick_inlayed_calcite	chipped:block/calcite/ctm/common_textures/1	chipped:block/calcite/ctm/common_textures/2	chipped:block/calcite/ctm/thick_inlayed_calcite_ctm/1	chipped:block/calcite/ctm/thick_inlayed_calcite_ctm/2	4f4887ec7aa4a67315175c8c6bf0fa771881ed2670bd36dfd231209c351d0a67
chipped:thick_inlayed_clay	ctm	chipped:block/thick_inlayed_clay	minecraft:block/cube_all	chipped:block/clay/thick_inlayed_clay	chipped:block/clay/ctm/common_textures/1	chipped:block/clay/ctm/common_textures/2	chipped:block/clay/ctm/thick_inlayed_clay_ctm/1	chipped:block/clay/ctm/thick_inlayed_clay_ctm/2	2c1d58a7c895a3517c5866b152d20f113f8601e94f0fdb19aa783347c776d450
chipped:thick_inlayed_coal_block	ctm	chipped:block/thick_inlayed_coal_block	minecraft:block/cube_all	chipped:block/coal_block/thick_inlayed_coal_block	chipped:block/coal_block/ctm/common_textures/1	chipped:block/coal_block/ctm/common_textures/2	chipped:block/coal_block/ctm/thick_inlayed_coal_block_ctm/1	chipped:block/coal_block/ctm/thick_inlayed_coal_block_ctm/2	a1c212f27d71c16d1c0ce140afac8f06c07b6997d770b565f98353ac1bd2c7fb
chipped:thick_inlayed_cobblestone	ctm	chipped:block/thick_inlayed_cobblestone	minecraft:block/cube_all	chipped:block/cobblestone/thick_inlayed_cobblestone	chipped:block/cobblestone/ctm/common_textures/1	chipped:block/cobblestone/ctm/common_textures/2	chipped:block/cobblestone/ctm/thick_inlayed_cobblestone_ctm/1	chipped:block/cobblestone/ctm/thick_inlayed_cobblestone_ctm/2	d977495c6fb39dc6702f9ef37aeeefbd404171fa3974605a8093aa7b75c88375
chipped:thick_inlayed_crying_obsidian	ctm	chipped:block/thick_inlayed_crying_obsidian	minecraft:block/cube_all	chipped:block/crying_obsidian/thick_inlayed_crying_obsidian	chipped:block/crying_obsidian/ctm/common_textures/1	chipped:block/crying_obsidian/ctm/thick_inlayed_crying_obsidian_ctm/3	chipped:block/crying_obsidian/ctm/thick_inlayed_crying_obsidian_ctm/1	chipped:block/crying_obsidian/ctm/thick_inlayed_crying_obsidian_ctm/2	af4cec1925f1bd7b0075096dfa654297c88c04dadca9fb4e75427ea5f637ea80
chipped:thick_inlayed_dark_prismarine	ctm	chipped:block/thick_inlayed_dark_prismarine	minecraft:block/cube_all	chipped:block/dark_prismarine/thick_inlayed_dark_prismarine	chipped:block/dark_prismarine/ctm/common_textures/1	chipped:block/dark_prismarine/ctm/common_textures/2	chipped:block/dark_prismarine/ctm/thick_inlayed_dark_prismarine_ctm/1	chipped:block/dark_prismarine/ctm/thick_inlayed_dark_prismarine_ctm/2	5ea2230ce366c73df64668d7fd745a929aa7f6073c7f6facd47852e19f3c3321
chipped:thick_inlayed_deepslate	ctm	chipped:block/thick_inlayed_deepslate	minecraft:block/cube_all	chipped:block/deepslate/thick_inlayed_deepslate	chipped:block/deepslate/ctm/common_textures/1	chipped:block/deepslate/ctm/common_textures/2	chipped:block/deepslate/ctm/thick_inlayed_deepslate_ctm/1	chipped:block/deepslate/ctm/thick_inlayed_deepslate_ctm/2	bbba05fe1d9ce4bf2ebbedfc5921a3da7d61447e6cf19874fc6a35f00fcccffc
chipped:thick_inlayed_diorite	ctm	chipped:block/thick_inlayed_diorite	minecraft:block/cube_all	chipped:block/diorite/thick_inlayed_diorite	chipped:block/diorite/ctm/common_textures/1	chipped:block/diorite/ctm/common_textures/2	chipped:block/diorite/ctm/thick_inlayed_diorite_ctm/1	chipped:block/diorite/ctm/thick_inlayed_diorite_ctm/2	7baa3ee01b57d47c5a2cc16e192fedc0d5e8bda666eab9aa1eeb0764aff574ef
chipped:thick_inlayed_dirt	ctm	chipped:block/thick_inlayed_dirt	minecraft:block/cube_all	chipped:block/dirt/thick_inlayed_dirt	chipped:block/dirt/ctm/thick_inlayed_dirt_ctm/0	chipped:block/dirt/ctm/thick_inlayed_dirt_ctm/3	chipped:block/dirt/ctm/thick_inlayed_dirt_ctm/1	chipped:block/dirt/ctm/thick_inlayed_dirt_ctm/2	40dac845f1e2e19037c0c002f7e30c5c5a6efa676e3d400df78f3491ecd8642a
chipped:thick_inlayed_dripstone_block	ctm	chipped:block/thick_inlayed_dripstone_block	minecraft:block/cube_all	chipped:block/dripstone_block/thick_inlayed_dripstone_block	chipped:block/dripstone_block/ctm/common_textures/1	chipped:block/dripstone_block/ctm/common_textures/2	chipped:block/dripstone_block/ctm/thick_inlayed_dripstone_block_ctm/1	chipped:block/dripstone_block/ctm/thick_inlayed_dripstone_block_ctm/2	69ad0a975d813180b1c0a33bbceea4e0bdd54195afb67d2756b8c32c1e1d372b
chipped:thick_inlayed_end_stone	ctm	chipped:block/thick_inlayed_end_stone	minecraft:block/cube_all	chipped:block/end_stone/thick_inlayed_end_stone	chipped:block/end_stone/ctm/common_textures/1	chipped:block/end_stone/ctm/common_textures/2	chipped:block/end_stone/ctm/thick_inlayed_end_stone_ctm/1	chipped:block/end_stone/ctm/thick_inlayed_end_stone_ctm/2	578a04167f9ed1484ff3b1ed5fc210c00e24f3115beb18e64c68d66d5c0d3976
chipped:thick_inlayed_gilded_blackstone	ctm	chipped:block/thick_inlayed_gilded_blackstone	minecraft:block/cube_all	chipped:block/gilded_blackstone/thick_inlayed_gilded_blackstone	chipped:block/gilded_blackstone/ctm/common_textures/1	chipped:block/gilded_blackstone/ctm/thick_inlayed_gilded_blackstone_ctm/3	chipped:block/gilded_blackstone/ctm/thick_inlayed_gilded_blackstone_ctm/1	chipped:block/gilded_blackstone/ctm/thick_inlayed_gilded_blackstone_ctm/2	a26c13cf49fc197bdcec32f930a6877d5c33c71d673a66f2c535008a8592f5a6
chipped:thick_inlayed_granite	ctm	chipped:block/thick_inlayed_granite	minecraft:block/cube_all	chipped:block/granite/thick_inlayed_granite	chipped:block/granite/ctm/common_textures/1	chipped:block/granite/ctm/common_textures/2	chipped:block/granite/ctm/thick_inlayed_granite_ctm/1	chipped:block/granite/ctm/thick_inlayed_granite_ctm/2	361585b002bd949487306fc0b6358af00e1fff11130814922d668c32f477913c
chipped:thick_inlayed_ice	ctm	chipped:block/thick_inlayed_ice	minecraft:block/cube_all	chipped:block/ice/thick_inlayed_ice	chipped:block/ice/ctm/common_textures/1	chipped:block/ice/ctm/common_textures/2	chipped:block/ice/ctm/thick_inlayed_ice_ctm/1	chipped:block/ice/ctm/thick_inlayed_ice_ctm/2	94f03b29705304e8699d9927569f015022c5d1d8fafbd5c320dabc96b20327c9
chipped:thick_inlayed_lapis_block	ctm	chipped:block/thick_inlayed_lapis_block	minecraft:block/cube_all	chipped:block/lapis_block/thick_inlayed_lapis_block	chipped:block/lapis_block/ctm/common_textures/1	chipped:block/lapis_block/ctm/common_textures/2	chipped:block/lapis_block/ctm/thick_inlayed_lapis_block_ctm/1	chipped:block/lapis_block/ctm/thick_inlayed_lapis_block_ctm/2	073eefde4c5594cc46cdf3753e260a848333d85d914f07832fc3be30858885bb
chipped:thick_inlayed_lodestone	ctm	chipped:block/thick_inlayed_lodestone	minecraft:block/cube_all	chipped:block/lodestone/thick_inlayed_lodestone	chipped:block/lodestone/ctm/common_textures/1	chipped:block/lodestone/ctm/common_textures/2	chipped:block/lodestone/ctm/thick_inlayed_lodestone_ctm/1	chipped:block/lodestone/ctm/thick_inlayed_lodestone_ctm/2	04a52b035833bd64cb3196450c2924ee91966cfb822fb8fbe0e2832bc62cdbc7
chipped:thick_inlayed_magma_block	ctm	chipped:block/thick_inlayed_magma_block	minecraft:block/cube_all	chipped:block/magma_block/thick_inlayed_magma_block	chipped:block/magma_block/ctm/common_textures/1	chipped:block/magma_block/ctm/thick_inlayed_magma_block_ctm/3	chipped:block/magma_block/ctm/thick_inlayed_magma_block_ctm/1	chipped:block/magma_block/ctm/thick_inlayed_magma_block_ctm/2	7ab2f0c682f6f6e3a3120615e57213c90944b1e297692fa0a6b837774b93e466
chipped:thick_inlayed_mossy_cobblestone	ctm	chipped:block/thick_inlayed_mossy_cobblestone	minecraft:block/cube_all	chipped:block/mossy_cobblestone/thick_inlayed_mossy_cobblestone	chipped:block/mossy_cobblestone/ctm/common_textures/1	chipped:block/mossy_cobblestone/ctm/common_textures/2	chipped:block/mossy_cobblestone/ctm/thick_inlayed_mossy_cobblestone_ctm/1	chipped:block/mossy_cobblestone/ctm/thick_inlayed_mossy_cobblestone_ctm/2	14cdfab5af514aefea98212c23c0fa082008ae3bd7aafd1c3b076d95c0fffd27
chipped:thick_inlayed_mossy_stone_bricks	ctm	chipped:block/thick_inlayed_mossy_stone_bricks	minecraft:block/cube_all	chipped:block/mossy_stone_bricks/thick_inlayed_mossy_stone_bricks	chipped:block/mossy_stone_bricks/ctm/common_textures/1	chipped:block/mossy_stone_bricks/ctm/common_textures/2	chipped:block/mossy_stone_bricks/ctm/thick_inlayed_mossy_stone_bricks_ctm/1	chipped:block/mossy_stone_bricks/ctm/thick_inlayed_mossy_stone_bricks_ctm/2	2db51141427a04b682c591e5f16c14ce036753406b16c5f23d1ef19b95276c7b
chipped:thick_inlayed_nether_bricks	ctm	chipped:block/thick_inlayed_nether_bricks	minecraft:block/cube_all	chipped:block/nether_bricks/thick_inlayed_nether_bricks	chipped:block/nether_bricks/ctm/common_textures/1	chipped:block/nether_bricks/ctm/common_textures/2	chipped:block/nether_bricks/ctm/thick_inlayed_nether_bricks_ctm/1	chipped:block/nether_bricks/ctm/thick_inlayed_nether_bricks_ctm/2	91e6c3743a614008d9307290392cf9557c4d938a5d032e13774c5e4635b4d4a6
chipped:thick_inlayed_netherrack	ctm	chipped:block/thick_inlayed_netherrack	minecraft:block/cube_all	chipped:block/netherrack/thick_inlayed_netherrack	chipped:block/netherrack/ctm/common_textures/1	chipped:block/netherrack/ctm/common_textures/2	chipped:block/netherrack/ctm/thick_inlayed_netherrack_ctm/1	chipped:block/netherrack/ctm/thick_inlayed_netherrack_ctm/2	17c46b77d5b6c457ea2cad5dca25b25bce525425eee7bf3c684ca5fa833fcbad
chipped:thick_inlayed_obsidian	ctm	chipped:block/thick_inlayed_obsidian	minecraft:block/cube_all	chipped:block/obsidian/thick_inlayed_obsidian	chipped:block/obsidian/ctm/common_textures/1	chipped:block/obsidian/ctm/common_textures/2	chipped:block/obsidian/ctm/thick_inlayed_obsidian_ctm/1	chipped:block/obsidian/ctm/thick_inlayed_obsidian_ctm/2	23ff37753f939a6fc31e4f75cdf866cf912325dd8833ccc41ad0065471edaa52
chipped:thick_inlayed_packed_ice	ctm	chipped:block/thick_inlayed_packed_ice	minecraft:block/cube_all	chipped:block/packed_ice/thick_inlayed_packed_ice	chipped:block/packed_ice/ctm/common_textures/1	chipped:block/packed_ice/ctm/common_textures/2	chipped:block/packed_ice/ctm/thick_inlayed_packed_ice_ctm/1	chipped:block/packed_ice/ctm/thick_inlayed_packed_ice_ctm/2	9670b93ddd8eae1cda95c043c7c591c9c17ff4f6182b765c66b84b18dba666a7
chipped:thick_inlayed_prismarine	ctm	chipped:block/thick_inlayed_prismarine	minecraft:block/cube_all	chipped:block/prismarine/thick_inlayed_prismarine	chipped:block/prismarine/ctm/common_textures/1	chipped:block/prismarine/ctm/common_textures/2	chipped:block/prismarine/ctm/thick_inlayed_prismarine_ctm/1	chipped:block/prismarine/ctm/thick_inlayed_prismarine_ctm/2	fa8cdc2f96a461b038fc2084ef6b2ed62906bfcad37d2b8915f2f9cab8522424
chipped:thick_inlayed_purpur_block	ctm	chipped:block/thick_inlayed_purpur_block	minecraft:block/cube_all	chipped:block/purpur_block/thick_inlayed_purpur_block	chipped:block/purpur_block/ctm/common_textures/1	chipped:block/purpur_block/ctm/common_textures/2	chipped:block/purpur_block/ctm/thick_inlayed_purpur_block_ctm/1	chipped:block/purpur_block/ctm/thick_inlayed_purpur_block_ctm/2	0fd96e7568ac23d2f77f8e3be97dafc89f57bf9bd3c1c27e323b8c11300ade1a
chipped:thick_inlayed_quartz_block	ctm	chipped:block/thick_inlayed_quartz_block	minecraft:block/cube_all	chipped:block/quartz_block/thick_inlayed_quartz_block	chipped:block/quartz_block/ctm/common_textures/1	chipped:block/quartz_block/ctm/common_textures/2	chipped:block/quartz_block/ctm/thick_inlayed_quartz_block_ctm/1	chipped:block/quartz_block/ctm/thick_inlayed_quartz_block_ctm/2	6002f3179db2377efe49bac8f1c2ad78a8dd53e29d2ec9947e36bead7f6a4b7c
chipped:thick_inlayed_raw_copper_block	ctm	chipped:block/thick_inlayed_raw_copper_block	minecraft:block/cube_all	chipped:block/raw_copper_block/thick_inlayed_raw_copper_block	chipped:block/raw_copper_block/ctm/thick_inlayed_raw_copper_block_ctm/0	chipped:block/raw_copper_block/ctm/thick_inlayed_raw_copper_block_ctm/3	chipped:block/raw_copper_block/ctm/thick_inlayed_raw_copper_block_ctm/1	chipped:block/raw_copper_block/ctm/thick_inlayed_raw_copper_block_ctm/2	4dea41edc257fb58728dd6b88f6c8dce69e76164f88911bd384a6282d6551baf
chipped:thick_inlayed_raw_gold_block	ctm	chipped:block/thick_inlayed_raw_gold_block	minecraft:block/cube_all	chipped:block/raw_gold_block/thick_inlayed_raw_gold_block	chipped:block/raw_gold_block/ctm/common_textures/1	chipped:block/raw_gold_block/ctm/common_textures/2	chipped:block/raw_gold_block/ctm/thick_inlayed_raw_gold_block_ctm/1	chipped:block/raw_gold_block/ctm/thick_inlayed_raw_gold_block_ctm/2	d4f703e3e16f0beb3c5c9d3ee137b6ff3a6a1176c39b3aac12144a1dbd65b644
chipped:thick_inlayed_raw_iron_block	ctm	chipped:block/thick_inlayed_raw_iron_block	minecraft:block/cube_all	chipped:block/raw_iron_block/thick_inlayed_raw_iron_block	chipped:block/raw_iron_block/ctm/common_textures/1	chipped:block/raw_iron_block/ctm/common_textures/2	chipped:block/raw_iron_block/ctm/thick_inlayed_raw_iron_block_ctm/1	chipped:block/raw_iron_block/ctm/thick_inlayed_raw_iron_block_ctm/2	3d766e7e7473059a06ab17da75504d3c3a6d48f1d1f3ce4fcb5c3a18642985f1
chipped:thick_inlayed_red_nether_bricks	ctm	chipped:block/thick_inlayed_red_nether_bricks	minecraft:block/cube_all	chipped:block/red_nether_bricks/thick_inlayed_red_nether_bricks	chipped:block/red_nether_bricks/ctm/common_textures/1	chipped:block/red_nether_bricks/ctm/common_textures/2	chipped:block/red_nether_bricks/ctm/thick_inlayed_red_nether_bricks_ctm/1	chipped:block/red_nether_bricks/ctm/thick_inlayed_red_nether_bricks_ctm/2	b163dacd8a4935f80ca6c271c5075432650d3648ac85f56fcc2d1fee5f5615cf
chipped:thick_inlayed_red_sandstone	ctm	chipped:block/thick_inlayed_red_sandstone	minecraft:block/cube_all	chipped:block/red_sandstone/thick_inlayed_red_sandstone	chipped:block/red_sandstone/ctm/common_textures/1	chipped:block/red_sandstone/ctm/common_textures/2	chipped:block/red_sandstone/ctm/thick_inlayed_red_sandstone_ctm/1	chipped:block/red_sandstone/ctm/thick_inlayed_red_sandstone_ctm/2	1dcb46b24927b9f044cf536163f3ee04b4edfec077d0f7b8f0d8154cb0784653
chipped:thick_inlayed_redstone_block	ctm	chipped:block/thick_inlayed_redstone_block	minecraft:block/cube_all	chipped:block/redstone_block/thick_inlayed_redstone_block	chipped:block/redstone_block/ctm/common_textures/1	chipped:block/redstone_block/ctm/common_textures/2	chipped:block/redstone_block/ctm/thick_inlayed_redstone_block_ctm/1	chipped:block/redstone_block/ctm/thick_inlayed_redstone_block_ctm/2	8a0ba8a1810365f59c8818a1d0ca2c734f8366933778aee0b8f3ce9b06a88252
chipped:thick_inlayed_sandstone	ctm	chipped:block/thick_inlayed_sandstone	minecraft:block/cube_all	chipped:block/sandstone/thick_inlayed_sandstone	chipped:block/sandstone/ctm/common_textures/1	chipped:block/sandstone/ctm/common_textures/2	chipped:block/sandstone/ctm/thick_inlayed_sandstone_ctm/1	chipped:block/sandstone/ctm/thick_inlayed_sandstone_ctm/2	b73d142da019ff300a9b316e7df7b10ae552dca664b05523eef3f99b96d4783a
chipped:thick_inlayed_smooth_stone	ctm	chipped:block/thick_inlayed_smooth_stone	minecraft:block/cube_all	chipped:block/smooth_stone/thick_inlayed_smooth_stone	chipped:block/smooth_stone/ctm/thick_inlayed_smooth_stone_ctm/0	chipped:block/smooth_stone/ctm/thick_inlayed_smooth_stone_ctm/3	chipped:block/smooth_stone/ctm/thick_inlayed_smooth_stone_ctm/1	chipped:block/smooth_stone/ctm/thick_inlayed_smooth_stone_ctm/2	9442456e167b028d2a0ec125d6b238a4a38db40c02c1f41539860b8d9d0edcdb
chipped:thick_inlayed_snow_block	ctm	chipped:block/thick_inlayed_snow_block	minecraft:block/cube_all	chipped:block/snow_block/thick_inlayed_snow_block	chipped:block/snow_block/ctm/common_textures/1	chipped:block/snow_block/ctm/common_textures/2	chipped:block/snow_block/ctm/thick_inlayed_snow_block_ctm/1	chipped:block/snow_block/ctm/thick_inlayed_snow_block_ctm/2	b112b81160cd2942074805eb46cc0f707feb1f493fcdeeeeff9b6a54f4593817
chipped:thick_inlayed_stone	ctm	chipped:block/thick_inlayed_stone	minecraft:block/cube_all	chipped:block/stone/thick_inlayed_stone	chipped:block/stone/ctm/common_textures/1	chipped:block/stone/ctm/common_textures/2	chipped:block/stone/ctm/thick_inlayed_stone_ctm/1	chipped:block/stone/ctm/thick_inlayed_stone_ctm/2	e2d5a656bbeab0e01007f3f760889c7c1f55ab86aa3aaff49a67a90bf260ffe0
chipped:thick_inlayed_tuff	ctm	chipped:block/thick_inlayed_tuff	minecraft:block/cube_all	chipped:block/tuff/thick_inlayed_tuff	chipped:block/tuff/ctm/common_textures/1	chipped:block/tuff/ctm/common_textures/2	chipped:block/tuff/ctm/thick_inlayed_tuff_ctm/1	chipped:block/tuff/ctm/thick_inlayed_tuff_ctm/2	4da4327e74d8ce2aee61cdbd7cc5038c61c54b4ccc31c76e90679533d7f944a5
chipped:tied_bamboo_planks	ctm	chipped:block/tied_bamboo_planks	minecraft:block/cube_all	chipped:block/bamboo_planks/tied_bamboo_planks	chipped:block/bamboo_planks/ctm/tied_bamboo_planks_ctm/0	chipped:block/bamboo_planks/ctm/tied_bamboo_planks_ctm/3	chipped:block/bamboo_planks/ctm/tied_bamboo_planks_ctm/1	chipped:block/bamboo_planks/ctm/tied_bamboo_planks_ctm/2	19dc40d9d9302eaa9ab8d00734b483e3653925000fdac657979cfcbe289e213a
chipped:tiled_amethyst_block_column	ctm	chipped:block/tiled_amethyst_block_column	minecraft:block/cube_all	chipped:block/amethyst_block/tiled_amethyst_block_column	chipped:block/amethyst_block/ctm/tiled_amethyst_block_column_ctm/0	chipped:block/amethyst_block/ctm/tiled_amethyst_block_column_ctm/3	chipped:block/amethyst_block/ctm/tiled_amethyst_block_column_ctm/1	chipped:block/amethyst_block/ctm/tiled_amethyst_block_column_ctm/2	46dec7ac0739de5472b79530823fc93344261d91e1073fd2da369b210cb2ca5f
chipped:tiled_ancient_debris_column	ctm	chipped:block/tiled_ancient_debris_column	minecraft:block/cube_all	chipped:block/ancient_debris/tiled_ancient_debris_column	chipped:block/ancient_debris/ctm/tiled_ancient_debris_column_ctm/0	chipped:block/ancient_debris/ctm/tiled_ancient_debris_column_ctm/3	chipped:block/ancient_debris/ctm/tiled_ancient_debris_column_ctm/1	chipped:block/ancient_debris/ctm/tiled_ancient_debris_column_ctm/2	45dc2c31fe3a80a95264a66b1fac01be53bfe768352f55b5dc7217b6ead12470
chipped:tiled_andesite_column	ctm	chipped:block/tiled_andesite_column	minecraft:block/cube_all	chipped:block/andesite/tiled_andesite_column	chipped:block/andesite/ctm/tiled_andesite_column_ctm/0	chipped:block/andesite/ctm/tiled_andesite_column_ctm/3	chipped:block/andesite/ctm/tiled_andesite_column_ctm/1	chipped:block/andesite/ctm/tiled_andesite_column_ctm/2	fda87df13deac9e81f9e68fcca2e1f88c5ba7556c127e423f0e47abc63ee4663
chipped:tiled_basalt_column	ctm	chipped:block/tiled_basalt_column	minecraft:block/cube_all	chipped:block/basalt/tiled_basalt_column	chipped:block/basalt/ctm/tiled_basalt_column_ctm/0	chipped:block/basalt/ctm/tiled_basalt_column_ctm/3	chipped:block/basalt/ctm/tiled_basalt_column_ctm/1	chipped:block/basalt/ctm/tiled_basalt_column_ctm/2	e963b729e1e4f80a4a5dfeb72db257aa9d460edd17d513f381f5d9d6561de800
chipped:tiled_black_stained_glass	ctm	chipped:block/tiled_black_stained_glass	minecraft:block/cube_all	chipped:block/black_stained_glass/tiled_black_stained_glass	chipped:block/black_stained_glass/ctm/tiled_black_stained_glass_ctm/0	chipped:block/black_stained_glass/ctm/tiled_black_stained_glass_ctm/3	chipped:block/black_stained_glass/ctm/tiled_black_stained_glass_ctm/1	chipped:block/black_stained_glass/ctm/tiled_black_stained_glass_ctm/2	6f3ec372a587ff4609d7a42c675215c9a25fac1a27de5a3f67096dc4ef5f3440
chipped:tiled_black_stained_glass_pane	pane_ctm	chipped:block/tiled_black_stained_glass_pane	minecraft:block/cube_all	chipped:block/black_stained_glass/tiled_black_stained_glass	chipped:block/black_stained_glass/ctm/tiled_black_stained_glass_ctm/0	chipped:block/black_stained_glass/ctm/tiled_black_stained_glass_ctm/3	chipped:block/black_stained_glass/ctm/tiled_black_stained_glass_ctm/1	chipped:block/black_stained_glass/ctm/tiled_black_stained_glass_ctm/2	6f3ec372a587ff4609d7a42c675215c9a25fac1a27de5a3f67096dc4ef5f3440
chipped:tiled_blackstone_column	ctm	chipped:block/tiled_blackstone_column	minecraft:block/cube_all	chipped:block/blackstone/tiled_blackstone_column	chipped:block/blackstone/ctm/tiled_blackstone_column_ctm/0	chipped:block/blackstone/ctm/tiled_blackstone_column_ctm/3	chipped:block/blackstone/ctm/tiled_blackstone_column_ctm/1	chipped:block/blackstone/ctm/tiled_blackstone_column_ctm/2	7b09edb2b8147799536d8a23f1b8af744f506b7c68819faed0685a8967aa803b
chipped:tiled_blue_ice_column	ctm	chipped:block/tiled_blue_ice_column	minecraft:block/cube_all	chipped:block/blue_ice/tiled_blue_ice_column	chipped:block/blue_ice/ctm/tiled_blue_ice_column_ctm/0	chipped:block/blue_ice/ctm/tiled_blue_ice_column_ctm/3	chipped:block/blue_ice/ctm/tiled_blue_ice_column_ctm/1	chipped:block/blue_ice/ctm/tiled_blue_ice_column_ctm/2	2fdabb6804f9bc7a2428ebe1fbecead5780ac21684560eb3c1cea6a5567fed06
chipped:tiled_blue_stained_glass	ctm	chipped:block/tiled_blue_stained_glass	minecraft:block/cube_all	chipped:block/blue_stained_glass/tiled_blue_stained_glass	chipped:block/blue_stained_glass/ctm/tiled_blue_stained_glass_ctm/0	chipped:block/blue_stained_glass/ctm/tiled_blue_stained_glass_ctm/3	chipped:block/blue_stained_glass/ctm/tiled_blue_stained_glass_ctm/1	chipped:block/blue_stained_glass/ctm/tiled_blue_stained_glass_ctm/2	5c1cb304a1353f5f9b3c38a470a6857324004ba6fdb55e18e5b633b3aeeb29a9
chipped:tiled_blue_stained_glass_pane	pane_ctm	chipped:block/tiled_blue_stained_glass_pane	minecraft:block/cube_all	chipped:block/blue_stained_glass/tiled_blue_stained_glass	chipped:block/blue_stained_glass/ctm/tiled_blue_stained_glass_ctm/0	chipped:block/blue_stained_glass/ctm/tiled_blue_stained_glass_ctm/3	chipped:block/blue_stained_glass/ctm/tiled_blue_stained_glass_ctm/1	chipped:block/blue_stained_glass/ctm/tiled_blue_stained_glass_ctm/2	5c1cb304a1353f5f9b3c38a470a6857324004ba6fdb55e18e5b633b3aeeb29a9
chipped:tiled_bordered_amethyst_block	ctm	chipped:block/tiled_bordered_amethyst_block	minecraft:block/cube_all	chipped:block/amethyst_block/tiled_bordered_amethyst_block	chipped:block/amethyst_block/ctm/common_textures/0	chipped:block/amethyst_block/ctm/tiled_bordered_amethyst_block_ctm/3	chipped:block/amethyst_block/ctm/tiled_bordered_amethyst_block_ctm/1	chipped:block/amethyst_block/ctm/tiled_bordered_amethyst_block_ctm/2	e3c67d3ad54b1ce66f318ed36aebb2ad3fec3f97e54e06234c155ea50d7251de
chipped:tiled_bordered_ancient_debris	ctm	chipped:block/tiled_bordered_ancient_debris	minecraft:block/cube_all	chipped:block/ancient_debris/tiled_bordered_ancient_debris	chipped:block/ancient_debris/ctm/common_textures/0	chipped:block/ancient_debris/ctm/tiled_bordered_ancient_debris_ctm/3	chipped:block/ancient_debris/ctm/tiled_bordered_ancient_debris_ctm/1	chipped:block/ancient_debris/ctm/tiled_bordered_ancient_debris_ctm/2	265c4abb53b15b34c5da42f98ffbffad2aef7e4addc6e924c9506805d64ed1f9
chipped:tiled_bordered_andesite	ctm	chipped:block/tiled_bordered_andesite	minecraft:block/cube_all	chipped:block/andesite/tiled_bordered_andesite	chipped:block/andesite/ctm/common_textures/0	chipped:block/andesite/ctm/tiled_bordered_andesite_ctm/3	chipped:block/andesite/ctm/tiled_bordered_andesite_ctm/1	chipped:block/andesite/ctm/tiled_bordered_andesite_ctm/2	bb3b944ba685f3cb97fd78b00f2ab13a37a13882fc1d2e0351931fba429e37ae
chipped:tiled_bordered_basalt	ctm	chipped:block/tiled_bordered_basalt	minecraft:block/cube_all	chipped:block/basalt/tiled_bordered_basalt	chipped:block/basalt/ctm/common_textures/0	chipped:block/basalt/ctm/tiled_bordered_basalt_ctm/3	chipped:block/basalt/ctm/tiled_bordered_basalt_ctm/1	chipped:block/basalt/ctm/tiled_bordered_basalt_ctm/2	efe319979dea3584320823928eb9a334d02b2dae57ef477847532d5cb9237f95
chipped:tiled_bordered_blackstone	ctm	chipped:block/tiled_bordered_blackstone	minecraft:block/cube_all	chipped:block/blackstone/tiled_bordered_blackstone	chipped:block/blackstone/ctm/common_textures/0	chipped:block/blackstone/ctm/tiled_bordered_blackstone_ctm/3	chipped:block/blackstone/ctm/tiled_bordered_blackstone_ctm/1	chipped:block/blackstone/ctm/tiled_bordered_blackstone_ctm/2	eae050e75f9552c9f369044b4fd4d610eb7bfc3da22a8b687c99c870716569d2
chipped:tiled_bordered_blue_ice	ctm	chipped:block/tiled_bordered_blue_ice	minecraft:block/cube_all	chipped:block/blue_ice/tiled_bordered_blue_ice	chipped:block/blue_ice/ctm/common_textures/0	chipped:block/blue_ice/ctm/tiled_bordered_blue_ice_ctm/3	chipped:block/blue_ice/ctm/tiled_bordered_blue_ice_ctm/1	chipped:block/blue_ice/ctm/tiled_bordered_blue_ice_ctm/2	9dd792321976c12dd2f69d047bfd04434738b0233ac671dd586aa96447a554ac
chipped:tiled_bordered_borderless_bricks	ctm	chipped:block/tiled_bordered_borderless_bricks	minecraft:block/cube_all	chipped:block/borderless_bricks/tiled_bordered_borderless_bricks	chipped:block/borderless_bricks/ctm/common_textures/0	chipped:block/borderless_bricks/ctm/tiled_bordered_borderless_bricks_ctm/3	chipped:block/borderless_bricks/ctm/tiled_bordered_borderless_bricks_ctm/1	chipped:block/borderless_bricks/ctm/tiled_bordered_borderless_bricks_ctm/2	902937598b5f72dc81e398255e7ff5ae6a11a6fc1160d9b0b029a4e841c94627
chipped:tiled_bordered_bricks	ctm	chipped:block/tiled_bordered_bricks	minecraft:block/cube_all	chipped:block/bricks/tiled_bordered_bricks	chipped:block/bricks/ctm/common_textures/0	chipped:block/bricks/ctm/tiled_bordered_bricks_ctm/3	chipped:block/bricks/ctm/tiled_bordered_bricks_ctm/1	chipped:block/bricks/ctm/tiled_bordered_bricks_ctm/2	6146b443c0a857446871e8ca5fcfaff25cba2400d6bf46cab7746cd14a1bc11f
chipped:tiled_bordered_calcite	ctm	chipped:block/tiled_bordered_calcite	minecraft:block/cube_all	chipped:block/calcite/tiled_bordered_calcite	chipped:block/calcite/ctm/common_textures/0	chipped:block/calcite/ctm/tiled_bordered_calcite_ctm/3	chipped:block/calcite/ctm/tiled_bordered_calcite_ctm/1	chipped:block/calcite/ctm/tiled_bordered_calcite_ctm/2	e4fdf705cdd1dabf0c059473784eae47b0978fd48daab1094ed5aaad983ceb7b
chipped:tiled_bordered_clay	ctm	chipped:block/tiled_bordered_clay	minecraft:block/cube_all	chipped:block/clay/tiled_bordered_clay	chipped:block/clay/ctm/common_textures/0	chipped:block/clay/ctm/tiled_bordered_clay_ctm/3	chipped:block/clay/ctm/tiled_bordered_clay_ctm/1	chipped:block/clay/ctm/tiled_bordered_clay_ctm/2	e329b5268589562740bded6b3caaa22c64c5222099f993052c57680a12d5ab39
chipped:tiled_bordered_coal_block	ctm	chipped:block/tiled_bordered_coal_block	minecraft:block/cube_all	chipped:block/coal_block/tiled_bordered_coal_block	chipped:block/coal_block/ctm/common_textures/0	chipped:block/coal_block/ctm/tiled_bordered_coal_block_ctm/3	chipped:block/coal_block/ctm/tiled_bordered_coal_block_ctm/1	chipped:block/coal_block/ctm/tiled_bordered_coal_block_ctm/2	5eeddbb966a9b6b11c6607a160388073c9eab8adbf02ff1d003eef36d21e9d09
chipped:tiled_bordered_cobblestone	ctm	chipped:block/tiled_bordered_cobblestone	minecraft:block/cube_all	chipped:block/cobblestone/tiled_bordered_cobblestone	chipped:block/cobblestone/ctm/common_textures/0	chipped:block/cobblestone/ctm/tiled_bordered_cobblestone_ctm/3	chipped:block/cobblestone/ctm/tiled_bordered_cobblestone_ctm/1	chipped:block/cobblestone/ctm/tiled_bordered_cobblestone_ctm/2	6294ab531c12aa89be0289d6d7ff7e7820dde11ea79cf9b6c77868e306f0a147
chipped:tiled_bordered_crying_obsidian	ctm	chipped:block/tiled_bordered_crying_obsidian	minecraft:block/cube_all	chipped:block/crying_obsidian/tiled_bordered_crying_obsidian	chipped:block/crying_obsidian/ctm/common_textures/0	chipped:block/crying_obsidian/ctm/tiled_bordered_crying_obsidian_ctm/3	chipped:block/crying_obsidian/ctm/tiled_bordered_crying_obsidian_ctm/1	chipped:block/crying_obsidian/ctm/tiled_bordered_crying_obsidian_ctm/2	57d87152add1cfbaf329482943705f0b31e46640753a6bd0fb47473c87698a92
chipped:tiled_bordered_dark_prismarine	ctm	chipped:block/tiled_bordered_dark_prismarine	minecraft:block/cube_all	chipped:block/dark_prismarine/tiled_bordered_dark_prismarine	chipped:block/dark_prismarine/ctm/common_textures/0	chipped:block/dark_prismarine/ctm/tiled_bordered_dark_prismarine_ctm/3	chipped:block/dark_prismarine/ctm/tiled_bordered_dark_prismarine_ctm/1	chipped:block/dark_prismarine/ctm/tiled_bordered_dark_prismarine_ctm/2	c472a553be595d938a39f30536397083c9490572262a395ccdbbd2113024a9d6
chipped:tiled_bordered_deepslate	ctm	chipped:block/tiled_bordered_deepslate	minecraft:block/cube_all	chipped:block/deepslate/tiled_bordered_deepslate	chipped:block/deepslate/ctm/common_textures/0	chipped:block/deepslate/ctm/tiled_bordered_deepslate_ctm/3	chipped:block/deepslate/ctm/tiled_bordered_deepslate_ctm/1	chipped:block/deepslate/ctm/tiled_bordered_deepslate_ctm/2	17f4c8f1036ab0d13132db06b58c68cfd65950675e4d3aaf6e1eeeacbbc9ac1b
chipped:tiled_bordered_diorite	ctm	chipped:block/tiled_bordered_diorite	minecraft:block/cube_all	chipped:block/diorite/tiled_bordered_diorite	chipped:block/diorite/ctm/common_textures/0	chipped:block/diorite/ctm/tiled_bordered_diorite_ctm/3	chipped:block/diorite/ctm/tiled_bordered_diorite_ctm/1	chipped:block/diorite/ctm/tiled_bordered_diorite_ctm/2	e14c4d7a8b2921ecd1f524f2ca2b4a0ed070f2132fa7e2c9b9f95f1478e8d8ce
chipped:tiled_bordered_dirt	ctm	chipped:block/tiled_bordered_dirt	minecraft:block/cube_all	chipped:block/dirt/tiled_bordered_dirt	chipped:block/dirt/ctm/tiled_bordered_dirt_ctm/0	chipped:block/dirt/ctm/tiled_bordered_dirt_ctm/3	chipped:block/dirt/ctm/tiled_bordered_dirt_ctm/1	chipped:block/dirt/ctm/tiled_bordered_dirt_ctm/2	02de52cc089d981b8b762ce98710f8c508c207519f5e311ecc072e2e13659f0f
chipped:tiled_bordered_dripstone_block	ctm	chipped:block/tiled_bordered_dripstone_block	minecraft:block/cube_all	chipped:block/dripstone_block/tiled_bordered_dripstone_block	chipped:block/dripstone_block/ctm/common_textures/0	chipped:block/dripstone_block/ctm/tiled_bordered_dripstone_block_ctm/3	chipped:block/dripstone_block/ctm/tiled_bordered_dripstone_block_ctm/1	chipped:block/dripstone_block/ctm/tiled_bordered_dripstone_block_ctm/2	a6aff5ac2e4dcce5e7ade57142206835006e45b04949e8d204cdf8b2009c9765
chipped:tiled_bordered_end_stone	ctm	chipped:block/tiled_bordered_end_stone	minecraft:block/cube_all	chipped:block/end_stone/tiled_bordered_end_stone	chipped:block/end_stone/ctm/common_textures/0	chipped:block/end_stone/ctm/tiled_bordered_end_stone_ctm/3	chipped:block/end_stone/ctm/tiled_bordered_end_stone_ctm/1	chipped:block/end_stone/ctm/tiled_bordered_end_stone_ctm/2	75ea381f035af4e3d8fe6142400c42bbe9865f1d50f3912b1df84988214d3139
chipped:tiled_bordered_gilded_blackstone	ctm	chipped:block/tiled_bordered_gilded_blackstone	minecraft:block/cube_all	chipped:block/gilded_blackstone/tiled_bordered_gilded_blackstone	chipped:block/gilded_blackstone/ctm/common_textures/0	chipped:block/gilded_blackstone/ctm/tiled_bordered_gilded_blackstone_ctm/3	chipped:block/gilded_blackstone/ctm/tiled_bordered_gilded_blackstone_ctm/1	chipped:block/gilded_blackstone/ctm/tiled_bordered_gilded_blackstone_ctm/2	73094dd763776c0025f6fee17e4273ff4b290edf8816b6012b1510a0c24780f9
chipped:tiled_bordered_granite	ctm	chipped:block/tiled_bordered_granite	minecraft:block/cube_all	chipped:block/granite/tiled_bordered_granite	chipped:block/granite/ctm/common_textures/0	chipped:block/granite/ctm/tiled_bordered_granite_ctm/3	chipped:block/granite/ctm/tiled_bordered_granite_ctm/1	chipped:block/granite/ctm/tiled_bordered_granite_ctm/2	39f5c48fa8cbe0598f37ceecc9dc0fc5ccdd233a1aa22f9263f2b1cd071fb558
chipped:tiled_bordered_ice	ctm	chipped:block/tiled_bordered_ice	minecraft:block/cube_all	chipped:block/ice/tiled_bordered_ice	chipped:block/ice/ctm/common_textures/0	chipped:block/ice/ctm/tiled_bordered_ice_ctm/3	chipped:block/ice/ctm/tiled_bordered_ice_ctm/1	chipped:block/ice/ctm/tiled_bordered_ice_ctm/2	ad857578c37d614ae97e06bdeb53ef2b2c8e3577e918a28ffb759f2c08c648e1
chipped:tiled_bordered_lapis_block	ctm	chipped:block/tiled_bordered_lapis_block	minecraft:block/cube_all	chipped:block/lapis_block/tiled_bordered_lapis_block	chipped:block/lapis_block/ctm/common_textures/0	chipped:block/lapis_block/ctm/tiled_bordered_lapis_block_ctm/3	chipped:block/lapis_block/ctm/tiled_bordered_lapis_block_ctm/1	chipped:block/lapis_block/ctm/tiled_bordered_lapis_block_ctm/2	b6c55da22b509953d9450922bd2b684b23a943031938bb7a9af5a459c09ec2b2
chipped:tiled_bordered_lodestone	ctm	chipped:block/tiled_bordered_lodestone	minecraft:block/cube_all	chipped:block/lodestone/tiled_bordered_lodestone	chipped:block/lodestone/ctm/common_textures/0	chipped:block/lodestone/ctm/tiled_bordered_lodestone_ctm/3	chipped:block/lodestone/ctm/tiled_bordered_lodestone_ctm/1	chipped:block/lodestone/ctm/tiled_bordered_lodestone_ctm/2	a2ad83ec4570f6aa9e6bbb34ac206263d2b48e7a1981a404980c9607b038763d
chipped:tiled_bordered_magma_block	ctm	chipped:block/tiled_bordered_magma_block	minecraft:block/cube_all	chipped:block/magma_block/tiled_bordered_magma_block	chipped:block/magma_block/ctm/common_textures/0	chipped:block/magma_block/ctm/tiled_bordered_magma_block_ctm/3	chipped:block/magma_block/ctm/tiled_bordered_magma_block_ctm/1	chipped:block/magma_block/ctm/tiled_bordered_magma_block_ctm/2	d3650601bd19797eee3efc654998d87c4e3e67f23144528c7471c6225359390b
chipped:tiled_bordered_mossy_cobblestone	ctm	chipped:block/tiled_bordered_mossy_cobblestone	minecraft:block/cube_all	chipped:block/mossy_cobblestone/tiled_bordered_mossy_cobblestone	chipped:block/mossy_cobblestone/ctm/tiled_bordered_mossy_cobblestone_ctm/0	chipped:block/mossy_cobblestone/ctm/tiled_bordered_mossy_cobblestone_ctm/3	chipped:block/mossy_cobblestone/ctm/tiled_bordered_mossy_cobblestone_ctm/1	chipped:block/mossy_cobblestone/ctm/tiled_bordered_mossy_cobblestone_ctm/2	8effdfbd859c40412f9d0003fa7fd04e28c0431432281af3b901954ebb152204
chipped:tiled_bordered_mossy_stone_bricks	ctm	chipped:block/tiled_bordered_mossy_stone_bricks	minecraft:block/cube_all	chipped:block/mossy_stone_bricks/tiled_bordered_mossy_stone_bricks	chipped:block/mossy_stone_bricks/ctm/tiled_bordered_mossy_stone_bricks_ctm/0	chipped:block/mossy_stone_bricks/ctm/tiled_bordered_mossy_stone_bricks_ctm/3	chipped:block/mossy_stone_bricks/ctm/tiled_bordered_mossy_stone_bricks_ctm/1	chipped:block/mossy_stone_bricks/ctm/tiled_bordered_mossy_stone_bricks_ctm/2	ee816a7e3f94a9816d81aa758fc23a626fb432b169ecaeeed10b775198686437
chipped:tiled_bordered_mud	ctm	chipped:block/tiled_bordered_mud	minecraft:block/cube_all	chipped:block/mud/tiled_bordered_mud	chipped:block/mud/ctm/tiled_bordered_mud_ctm/0	chipped:block/mud/ctm/tiled_bordered_mud_ctm/3	chipped:block/mud/ctm/tiled_bordered_mud_ctm/1	chipped:block/mud/ctm/tiled_bordered_mud_ctm/2	6f1d004d73cfb8efc02b503c24c48832ed962dcb3b0a1d24be0a3044cfb883df
chipped:tiled_bordered_mud_bricks	ctm	chipped:block/tiled_bordered_mud_bricks	minecraft:block/cube_all	chipped:block/mud_bricks/tiled_bordered_mud_bricks	chipped:block/mud_bricks/ctm/tiled_bordered_mud_bricks_ctm/0	chipped:block/mud_bricks/ctm/tiled_bordered_mud_bricks_ctm/3	chipped:block/mud_bricks/ctm/tiled_bordered_mud_bricks_ctm/1	chipped:block/mud_bricks/ctm/tiled_bordered_mud_bricks_ctm/2	eac34080ff417ebd75fcf2a73b37e84b1378ed63bd6dd4c6fc2588f28f1f7a95
chipped:tiled_bordered_nether_bricks	ctm	chipped:block/tiled_bordered_nether_bricks	minecraft:block/cube_all	chipped:block/nether_bricks/tiled_bordered_nether_bricks	chipped:block/nether_bricks/ctm/common_textures/0	chipped:block/nether_bricks/ctm/tiled_bordered_nether_bricks_ctm/3	chipped:block/nether_bricks/ctm/tiled_bordered_nether_bricks_ctm/1	chipped:block/nether_bricks/ctm/tiled_bordered_nether_bricks_ctm/2	7f6eb4a45e20fffd3bf6b8486d510417c9adf30eed3c3f44823842cdd2bfa154
chipped:tiled_bordered_netherrack	ctm	chipped:block/tiled_bordered_netherrack	minecraft:block/cube_all	chipped:block/netherrack/tiled_bordered_netherrack	chipped:block/netherrack/ctm/common_textures/0	chipped:block/netherrack/ctm/tiled_bordered_netherrack_ctm/3	chipped:block/netherrack/ctm/tiled_bordered_netherrack_ctm/1	chipped:block/netherrack/ctm/tiled_bordered_netherrack_ctm/2	c25b3c515cd359254ae3c609f18ab5b1fb24ec7a6eabcc9be4e990bbbf299871
chipped:tiled_bordered_obsidian	ctm	chipped:block/tiled_bordered_obsidian	minecraft:block/cube_all	chipped:block/obsidian/tiled_bordered_obsidian	chipped:block/obsidian/ctm/common_textures/0	chipped:block/obsidian/ctm/tiled_bordered_obsidian_ctm/3	chipped:block/obsidian/ctm/tiled_bordered_obsidian_ctm/1	chipped:block/obsidian/ctm/tiled_bordered_obsidian_ctm/2	a816ed4119607701d0f00852cd9afe64130f213799723bf3e8b72de3adde29da
chipped:tiled_bordered_packed_ice	ctm	chipped:block/tiled_bordered_packed_ice	minecraft:block/cube_all	chipped:block/packed_ice/tiled_bordered_packed_ice	chipped:block/packed_ice/ctm/common_textures/0	chipped:block/packed_ice/ctm/tiled_bordered_packed_ice_ctm/3	chipped:block/packed_ice/ctm/tiled_bordered_packed_ice_ctm/1	chipped:block/packed_ice/ctm/tiled_bordered_packed_ice_ctm/2	ef101a5cb234879581676872c50b8d3441b5b12e3818959f4d5dab7031fb0a6c
chipped:tiled_bordered_packed_mud	ctm	chipped:block/tiled_bordered_packed_mud	minecraft:block/cube_all	chipped:block/packed_mud/tiled_bordered_packed_mud	chipped:block/packed_mud/ctm/tiled_bordered_packed_mud_ctm/0	chipped:block/packed_mud/ctm/tiled_bordered_packed_mud_ctm/3	chipped:block/packed_mud/ctm/tiled_bordered_packed_mud_ctm/1	chipped:block/packed_mud/ctm/tiled_bordered_packed_mud_ctm/2	f05ba0920c2f1c6e411ccdeb4645ab61655242d8799105cc201e8335297c3f9c
chipped:tiled_bordered_prismarine	ctm	chipped:block/tiled_bordered_prismarine	minecraft:block/cube_all	chipped:block/prismarine/tiled_bordered_prismarine	chipped:block/prismarine/ctm/common_textures/0	chipped:block/prismarine/ctm/tiled_bordered_prismarine_ctm/3	chipped:block/prismarine/ctm/tiled_bordered_prismarine_ctm/1	chipped:block/prismarine/ctm/tiled_bordered_prismarine_ctm/2	bc9f114a917fa74e335e258d9b0e8f3890b5b7544447c1c0fdd251f5c4dcbcfe
chipped:tiled_bordered_purpur_block	ctm	chipped:block/tiled_bordered_purpur_block	minecraft:block/cube_all	chipped:block/purpur_block/tiled_bordered_purpur_block	chipped:block/purpur_block/ctm/common_textures/0	chipped:block/purpur_block/ctm/tiled_bordered_purpur_block_ctm/3	chipped:block/purpur_block/ctm/tiled_bordered_purpur_block_ctm/1	chipped:block/purpur_block/ctm/tiled_bordered_purpur_block_ctm/2	cdea7f7829d5158f379945d65e5206057296b5608daa37d439272d2d3802c45a
chipped:tiled_bordered_quartz_block	ctm	chipped:block/tiled_bordered_quartz_block	minecraft:block/cube_all	chipped:block/quartz_block/tiled_bordered_quartz_block	chipped:block/quartz_block/ctm/common_textures/0	chipped:block/quartz_block/ctm/tiled_bordered_quartz_block_ctm/3	chipped:block/quartz_block/ctm/tiled_bordered_quartz_block_ctm/1	chipped:block/quartz_block/ctm/tiled_bordered_quartz_block_ctm/2	e6e24e8b36a0854f94fa5eb58981589986361e96bfdab408eb95afc1e7c8d213
chipped:tiled_bordered_raw_copper_block	ctm	chipped:block/tiled_bordered_raw_copper_block	minecraft:block/cube_all	chipped:block/raw_copper_block/tiled_bordered_raw_copper_block	chipped:block/raw_copper_block/ctm/tiled_bordered_raw_copper_block_ctm/0	chipped:block/raw_copper_block/ctm/tiled_bordered_raw_copper_block_ctm/3	chipped:block/raw_copper_block/ctm/tiled_bordered_raw_copper_block_ctm/1	chipped:block/raw_copper_block/ctm/tiled_bordered_raw_copper_block_ctm/2	68dfab216319704c58ff0c935d0a304567b93d40575604a62ed35b090d1e04ae
chipped:tiled_bordered_raw_gold_block	ctm	chipped:block/tiled_bordered_raw_gold_block	minecraft:block/cube_all	chipped:block/raw_gold_block/tiled_bordered_raw_gold_block	chipped:block/raw_gold_block/ctm/common_textures/0	chipped:block/raw_gold_block/ctm/tiled_bordered_raw_gold_block_ctm/3	chipped:block/raw_gold_block/ctm/tiled_bordered_raw_gold_block_ctm/1	chipped:block/raw_gold_block/ctm/tiled_bordered_raw_gold_block_ctm/2	504bcd8b3284e5424b3da7a9a8498ac4456f32044aaa0d52bbcac49c74db8250
chipped:tiled_bordered_raw_iron_block	ctm	chipped:block/tiled_bordered_raw_iron_block	minecraft:block/cube_all	chipped:block/raw_iron_block/tiled_bordered_raw_iron_block	chipped:block/raw_iron_block/ctm/common_textures/0	chipped:block/raw_iron_block/ctm/tiled_bordered_raw_iron_block_ctm/3	chipped:block/raw_iron_block/ctm/tiled_bordered_raw_iron_block_ctm/1	chipped:block/raw_iron_block/ctm/tiled_bordered_raw_iron_block_ctm/2	68839379c4aa3fc99abea06df0b989aea3cc1e4fcdb540af6151ee7000dfa8b1
chipped:tiled_bordered_red_nether_bricks	ctm	chipped:block/tiled_bordered_red_nether_bricks	minecraft:block/cube_all	chipped:block/red_nether_bricks/tiled_bordered_red_nether_bricks	chipped:block/red_nether_bricks/ctm/common_textures/0	chipped:block/red_nether_bricks/ctm/tiled_bordered_red_nether_bricks_ctm/3	chipped:block/red_nether_bricks/ctm/tiled_bordered_red_nether_bricks_ctm/1	chipped:block/red_nether_bricks/ctm/tiled_bordered_red_nether_bricks_ctm/2	0e29422276ba7da270f99abc3cc7378e28cafd297e0d23ca2550b34c0f105dac
chipped:tiled_bordered_red_sandstone	ctm	chipped:block/tiled_bordered_red_sandstone	minecraft:block/cube_all	chipped:block/red_sandstone/tiled_bordered_red_sandstone	chipped:block/red_sandstone/ctm/common_textures/0	chipped:block/red_sandstone/ctm/tiled_bordered_red_sandstone_ctm/3	chipped:block/red_sandstone/ctm/tiled_bordered_red_sandstone_ctm/1	chipped:block/red_sandstone/ctm/tiled_bordered_red_sandstone_ctm/2	14e35a3f9107cfad2c97c3a78becc70ca5283db627e96ac57b5264f85244c21a
chipped:tiled_bordered_redstone_block	ctm	chipped:block/tiled_bordered_redstone_block	minecraft:block/cube_all	chipped:block/redstone_block/tiled_bordered_redstone_block	chipped:block/redstone_block/ctm/common_textures/0	chipped:block/redstone_block/ctm/tiled_bordered_redstone_block_ctm/3	chipped:block/redstone_block/ctm/tiled_bordered_redstone_block_ctm/1	chipped:block/redstone_block/ctm/tiled_bordered_redstone_block_ctm/2	2735c993257f0b5d0a080d1bda9980b03a98e59bb5a29cfbee8585487469b88c
chipped:tiled_bordered_sandstone	ctm	chipped:block/tiled_bordered_sandstone	minecraft:block/cube_all	chipped:block/sandstone/tiled_bordered_sandstone	chipped:block/sandstone/ctm/common_textures/0	chipped:block/sandstone/ctm/tiled_bordered_sandstone_ctm/3	chipped:block/sandstone/ctm/tiled_bordered_sandstone_ctm/1	chipped:block/sandstone/ctm/tiled_bordered_sandstone_ctm/2	7dcef5781b9ae104fa53aa39be2e1057ca9a2708b9cba6e69d81f47344482841
chipped:tiled_bordered_smooth_stone	ctm	chipped:block/tiled_bordered_smooth_stone	minecraft:block/cube_all	chipped:block/smooth_stone/tiled_bordered_smooth_stone	chipped:block/smooth_stone/ctm/tiled_bordered_smooth_stone_ctm/0	chipped:block/smooth_stone/ctm/tiled_bordered_smooth_stone_ctm/3	chipped:block/smooth_stone/ctm/tiled_bordered_smooth_stone_ctm/1	chipped:block/smooth_stone/ctm/tiled_bordered_smooth_stone_ctm/2	1926dcd0e798174c094a1f3fb633e23e458a6b0c7364459286163ec74e28199b
chipped:tiled_bordered_snow_block	ctm	chipped:block/tiled_bordered_snow_block	minecraft:block/cube_all	chipped:block/snow_block/tiled_bordered_snow_block	chipped:block/snow_block/ctm/common_textures/0	chipped:block/snow_block/ctm/tiled_bordered_snow_block_ctm/3	chipped:block/snow_block/ctm/tiled_bordered_snow_block_ctm/1	chipped:block/snow_block/ctm/tiled_bordered_snow_block_ctm/2	0871aeab7f43091211da89594c548e328addf01b7b7dfcae38cdf441173cd67a
chipped:tiled_bordered_stone	ctm	chipped:block/tiled_bordered_stone	minecraft:block/cube_all	chipped:block/stone/tiled_bordered_stone	chipped:block/stone/ctm/common_textures/0	chipped:block/stone/ctm/tiled_bordered_stone_ctm/3	chipped:block/stone/ctm/tiled_bordered_stone_ctm/1	chipped:block/stone/ctm/tiled_bordered_stone_ctm/2	4da52aeb94451c2b588510f6a04ab2853d8ef6c15581fb001d030262158d3078
chipped:tiled_bordered_tuff	ctm	chipped:block/tiled_bordered_tuff	minecraft:block/cube_all	chipped:block/tuff/tiled_bordered_tuff	chipped:block/tuff/ctm/common_textures/0	chipped:block/tuff/ctm/tiled_bordered_tuff_ctm/3	chipped:block/tuff/ctm/tiled_bordered_tuff_ctm/1	chipped:block/tuff/ctm/tiled_bordered_tuff_ctm/2	7cdb6134f1a5ba3d8786503ebfb40fa23dd158dc756b95ff876ac39d065d4b0e
chipped:tiled_borderless_bricks_column	ctm	chipped:block/tiled_borderless_bricks_column	minecraft:block/cube_all	chipped:block/borderless_bricks/tiled_borderless_bricks_column	chipped:block/borderless_bricks/ctm/tiled_borderless_bricks_column_ctm/0	chipped:block/borderless_bricks/ctm/tiled_borderless_bricks_column_ctm/3	chipped:block/borderless_bricks/ctm/tiled_borderless_bricks_column_ctm/1	chipped:block/borderless_bricks/ctm/tiled_borderless_bricks_column_ctm/2	e2af99547656bcda7b618246477d9541a812ed5611dc0f1523062db5231f0637
chipped:tiled_bricks_column	ctm	chipped:block/tiled_bricks_column	minecraft:block/cube_all	chipped:block/bricks/tiled_bricks_column	chipped:block/bricks/ctm/tiled_bricks_column_ctm/0	chipped:block/bricks/ctm/tiled_bricks_column_ctm/3	chipped:block/bricks/ctm/tiled_bricks_column_ctm/1	chipped:block/bricks/ctm/tiled_bricks_column_ctm/2	48afcc9546b100587864c7275e42223ca04af2f1943ec948a73ac569e095d54c
chipped:tiled_brown_stained_glass	ctm	chipped:block/tiled_brown_stained_glass	minecraft:block/cube_all	chipped:block/brown_stained_glass/tiled_brown_stained_glass	chipped:block/brown_stained_glass/ctm/tiled_brown_stained_glass_ctm/0	chipped:block/brown_stained_glass/ctm/tiled_brown_stained_glass_ctm/3	chipped:block/brown_stained_glass/ctm/tiled_brown_stained_glass_ctm/1	chipped:block/brown_stained_glass/ctm/tiled_brown_stained_glass_ctm/2	48c0c57603cbba8bea8142751a5923e6c7cbe8677f4fabad261adf888d5d73d6
chipped:tiled_brown_stained_glass_pane	pane_ctm	chipped:block/tiled_brown_stained_glass_pane	minecraft:block/cube_all	chipped:block/brown_stained_glass/tiled_brown_stained_glass	chipped:block/brown_stained_glass/ctm/tiled_brown_stained_glass_ctm/0	chipped:block/brown_stained_glass/ctm/tiled_brown_stained_glass_ctm/3	chipped:block/brown_stained_glass/ctm/tiled_brown_stained_glass_ctm/1	chipped:block/brown_stained_glass/ctm/tiled_brown_stained_glass_ctm/2	48c0c57603cbba8bea8142751a5923e6c7cbe8677f4fabad261adf888d5d73d6
chipped:tiled_calcite_column	ctm	chipped:block/tiled_calcite_column	minecraft:block/cube_all	chipped:block/calcite/tiled_calcite_column	chipped:block/calcite/ctm/tiled_calcite_column_ctm/0	chipped:block/calcite/ctm/tiled_calcite_column_ctm/3	chipped:block/calcite/ctm/tiled_calcite_column_ctm/1	chipped:block/calcite/ctm/tiled_calcite_column_ctm/2	97cc3062ede104b902f048512035fcab0895b1b1c1be4466778dfab705da0e07
chipped:tiled_clay_column	ctm	chipped:block/tiled_clay_column	minecraft:block/cube_all	chipped:block/clay/tiled_clay_column	chipped:block/clay/ctm/tiled_clay_column_ctm/0	chipped:block/clay/ctm/tiled_clay_column_ctm/3	chipped:block/clay/ctm/tiled_clay_column_ctm/1	chipped:block/clay/ctm/tiled_clay_column_ctm/2	8a059dc9d20b993691804c6a3d99fa456cf1e2a88bd871d971c787adde4ae222
chipped:tiled_coal_block_column	ctm	chipped:block/tiled_coal_block_column	minecraft:block/cube_all	chipped:block/coal_block/tiled_coal_block_column	chipped:block/coal_block/ctm/tiled_coal_block_column_ctm/0	chipped:block/coal_block/ctm/tiled_coal_block_column_ctm/3	chipped:block/coal_block/ctm/tiled_coal_block_column_ctm/1	chipped:block/coal_block/ctm/tiled_coal_block_column_ctm/2	24ec1635bbec6862368e8ac6acc9be7fe4eadc2aea879738c058f7e1f25f25d1
chipped:tiled_cobblestone_column	ctm	chipped:block/tiled_cobblestone_column	minecraft:block/cube_all	chipped:block/cobblestone/tiled_cobblestone_column	chipped:block/cobblestone/ctm/tiled_cobblestone_column_ctm/0	chipped:block/cobblestone/ctm/tiled_cobblestone_column_ctm/3	chipped:block/cobblestone/ctm/tiled_cobblestone_column_ctm/1	chipped:block/cobblestone/ctm/tiled_cobblestone_column_ctm/2	6ad264f5ffd0f3eec6ac405ce45f90928f91dcc1380a14d7e4babdf82dfc2cba
chipped:tiled_crying_obsidian_column	ctm	chipped:block/tiled_crying_obsidian_column	minecraft:block/cube_all	chipped:block/crying_obsidian/tiled_crying_obsidian_column	chipped:block/crying_obsidian/ctm/tiled_crying_obsidian_column_ctm/0	chipped:block/crying_obsidian/ctm/tiled_crying_obsidian_column_ctm/3	chipped:block/crying_obsidian/ctm/tiled_crying_obsidian_column_ctm/1	chipped:block/crying_obsidian/ctm/tiled_crying_obsidian_column_ctm/2	dc89e47ce4b85f90b432efe4abdb57333abfe496150fd3989098095a2310dea8
chipped:tiled_cyan_stained_glass	ctm	chipped:block/tiled_cyan_stained_glass	minecraft:block/cube_all	chipped:block/cyan_stained_glass/tiled_cyan_stained_glass	chipped:block/cyan_stained_glass/ctm/tiled_cyan_stained_glass_ctm/0	chipped:block/cyan_stained_glass/ctm/tiled_cyan_stained_glass_ctm/3	chipped:block/cyan_stained_glass/ctm/tiled_cyan_stained_glass_ctm/1	chipped:block/cyan_stained_glass/ctm/tiled_cyan_stained_glass_ctm/2	c9a7480ea1b317513e47771a6a1ddeadcc100803490f34704e82f0e20df91505
chipped:tiled_cyan_stained_glass_pane	pane_ctm	chipped:block/tiled_cyan_stained_glass_pane	minecraft:block/cube_all	chipped:block/cyan_stained_glass/tiled_cyan_stained_glass	chipped:block/cyan_stained_glass/ctm/tiled_cyan_stained_glass_ctm/0	chipped:block/cyan_stained_glass/ctm/tiled_cyan_stained_glass_ctm/3	chipped:block/cyan_stained_glass/ctm/tiled_cyan_stained_glass_ctm/1	chipped:block/cyan_stained_glass/ctm/tiled_cyan_stained_glass_ctm/2	c9a7480ea1b317513e47771a6a1ddeadcc100803490f34704e82f0e20df91505
chipped:tiled_dark_prismarine_column	ctm	chipped:block/tiled_dark_prismarine_column	minecraft:block/cube_all	chipped:block/dark_prismarine/tiled_dark_prismarine_column	chipped:block/dark_prismarine/ctm/tiled_dark_prismarine_column_ctm/0	chipped:block/dark_prismarine/ctm/tiled_dark_prismarine_column_ctm/3	chipped:block/dark_prismarine/ctm/tiled_dark_prismarine_column_ctm/1	chipped:block/dark_prismarine/ctm/tiled_dark_prismarine_column_ctm/2	f1a48c88e837b0e9b823ee6d1beca57ffc3d8aeeeb11543e5f1eb88ed9b386c4
chipped:tiled_deepslate_column	ctm	chipped:block/tiled_deepslate_column	minecraft:block/cube_all	chipped:block/deepslate/tiled_deepslate_column	chipped:block/deepslate/ctm/tiled_deepslate_column_ctm/0	chipped:block/deepslate/ctm/tiled_deepslate_column_ctm/3	chipped:block/deepslate/ctm/tiled_deepslate_column_ctm/1	chipped:block/deepslate/ctm/tiled_deepslate_column_ctm/2	c5d55434658a0dcda84993c7084dc96760cfb676bfd6da446cd88686c69b5847
chipped:tiled_diorite_column	ctm	chipped:block/tiled_diorite_column	minecraft:block/cube_all	chipped:block/diorite/tiled_diorite_column	chipped:block/diorite/ctm/tiled_diorite_column_ctm/0	chipped:block/diorite/ctm/tiled_diorite_column_ctm/3	chipped:block/diorite/ctm/tiled_diorite_column_ctm/1	chipped:block/diorite/ctm/tiled_diorite_column_ctm/2	ec80cd7ad39ce87b87961911a67c4256011cb17035c07221002357f8bde84db5
chipped:tiled_dirt_column	ctm	chipped:block/tiled_dirt_column	minecraft:block/cube_all	chipped:block/dirt/tiled_dirt_column	chipped:block/dirt/ctm/tiled_dirt_column_ctm/0	chipped:block/dirt/ctm/tiled_dirt_column_ctm/3	chipped:block/dirt/ctm/tiled_dirt_column_ctm/1	chipped:block/dirt/ctm/tiled_dirt_column_ctm/2	3c2a95f11819dd37fcc31272e0bed2431d96c4cade0568a0a5638a9378edba49
chipped:tiled_dripstone_block_column	ctm	chipped:block/tiled_dripstone_block_column	minecraft:block/cube_all	chipped:block/dripstone_block/tiled_dripstone_block_column	chipped:block/dripstone_block/ctm/tiled_dripstone_block_column_ctm/0	chipped:block/dripstone_block/ctm/tiled_dripstone_block_column_ctm/3	chipped:block/dripstone_block/ctm/tiled_dripstone_block_column_ctm/1	chipped:block/dripstone_block/ctm/tiled_dripstone_block_column_ctm/2	3478ee686c797ea6408dad0f5e43192bf83b0fb04342e8dd7e2a1094cb2b2c82
chipped:tiled_end_stone_column	ctm	chipped:block/tiled_end_stone_column	minecraft:block/cube_all	chipped:block/end_stone/tiled_end_stone_column	chipped:block/end_stone/ctm/tiled_end_stone_column_ctm/0	chipped:block/end_stone/ctm/tiled_end_stone_column_ctm/3	chipped:block/end_stone/ctm/tiled_end_stone_column_ctm/1	chipped:block/end_stone/ctm/tiled_end_stone_column_ctm/2	cf61d38702bdec1053deec81d74ef759e350ce6ac53ee56fc3e8125e856a17da
chipped:tiled_gilded_blackstone_column	ctm	chipped:block/tiled_gilded_blackstone_column	minecraft:block/cube_all	chipped:block/gilded_blackstone/tiled_gilded_blackstone_column	chipped:block/gilded_blackstone/ctm/tiled_gilded_blackstone_column_ctm/0	chipped:block/gilded_blackstone/ctm/tiled_gilded_blackstone_column_ctm/3	chipped:block/gilded_blackstone/ctm/tiled_gilded_blackstone_column_ctm/1	chipped:block/gilded_blackstone/ctm/tiled_gilded_blackstone_column_ctm/2	d981fdde2ab9d1600b1b446438f12086ed03dbf738d283d3fad15c335b49e7c1
chipped:tiled_granite_column	ctm	chipped:block/tiled_granite_column	minecraft:block/cube_all	chipped:block/granite/tiled_granite_column	chipped:block/granite/ctm/tiled_granite_column_ctm/0	chipped:block/granite/ctm/tiled_granite_column_ctm/3	chipped:block/granite/ctm/tiled_granite_column_ctm/1	chipped:block/granite/ctm/tiled_granite_column_ctm/2	9a89f2cca9d613c276a3745150a3ef053124ece7bf88c241d89a6391be83451b
chipped:tiled_gray_stained_glass	ctm	chipped:block/tiled_gray_stained_glass	minecraft:block/cube_all	chipped:block/gray_stained_glass/tiled_gray_stained_glass	chipped:block/gray_stained_glass/ctm/tiled_gray_stained_glass_ctm/0	chipped:block/gray_stained_glass/ctm/tiled_gray_stained_glass_ctm/3	chipped:block/gray_stained_glass/ctm/tiled_gray_stained_glass_ctm/1	chipped:block/gray_stained_glass/ctm/tiled_gray_stained_glass_ctm/2	db02f1bf6686496661b024bfb3f2d5ff7fd18fdec4dadf43403f187c4fa921d6
chipped:tiled_gray_stained_glass_pane	pane_ctm	chipped:block/tiled_gray_stained_glass_pane	minecraft:block/cube_all	chipped:block/gray_stained_glass/tiled_gray_stained_glass	chipped:block/gray_stained_glass/ctm/tiled_gray_stained_glass_ctm/0	chipped:block/gray_stained_glass/ctm/tiled_gray_stained_glass_ctm/3	chipped:block/gray_stained_glass/ctm/tiled_gray_stained_glass_ctm/1	chipped:block/gray_stained_glass/ctm/tiled_gray_stained_glass_ctm/2	db02f1bf6686496661b024bfb3f2d5ff7fd18fdec4dadf43403f187c4fa921d6
chipped:tiled_green_stained_glass	ctm	chipped:block/tiled_green_stained_glass	minecraft:block/cube_all	chipped:block/green_stained_glass/tiled_green_stained_glass	chipped:block/green_stained_glass/ctm/tiled_green_stained_glass_ctm/0	chipped:block/green_stained_glass/ctm/tiled_green_stained_glass_ctm/3	chipped:block/green_stained_glass/ctm/tiled_green_stained_glass_ctm/1	chipped:block/green_stained_glass/ctm/tiled_green_stained_glass_ctm/2	76105c36f640311e47da0954d9af0ea1cab05c607c50fcc89863119fa708679e
chipped:tiled_green_stained_glass_pane	pane_ctm	chipped:block/tiled_green_stained_glass_pane	minecraft:block/cube_all	chipped:block/green_stained_glass/tiled_green_stained_glass	chipped:block/green_stained_glass/ctm/tiled_green_stained_glass_ctm/0	chipped:block/green_stained_glass/ctm/tiled_green_stained_glass_ctm/3	chipped:block/green_stained_glass/ctm/tiled_green_stained_glass_ctm/1	chipped:block/green_stained_glass/ctm/tiled_green_stained_glass_ctm/2	76105c36f640311e47da0954d9af0ea1cab05c607c50fcc89863119fa708679e
chipped:tiled_ice_column	ctm	chipped:block/tiled_ice_column	minecraft:block/cube_all	chipped:block/ice/tiled_ice_column	chipped:block/ice/ctm/tiled_ice_column_ctm/0	chipped:block/ice/ctm/tiled_ice_column_ctm/3	chipped:block/ice/ctm/tiled_ice_column_ctm/1	chipped:block/ice/ctm/tiled_ice_column_ctm/2	dc8292be2da33e2fc6cc2907903ce0a8ff7dc82712d914ef6106c84a343c23fb
chipped:tiled_lapis_block_column	ctm	chipped:block/tiled_lapis_block_column	minecraft:block/cube_all	chipped:block/lapis_block/tiled_lapis_block_column	chipped:block/lapis_block/ctm/tiled_lapis_block_column_ctm/0	chipped:block/lapis_block/ctm/tiled_lapis_block_column_ctm/3	chipped:block/lapis_block/ctm/tiled_lapis_block_column_ctm/1	chipped:block/lapis_block/ctm/tiled_lapis_block_column_ctm/2	6c1a46e08c9f32b5e3e52549ab777e269df991ba6157ffd7216d4bf921a51b2c
chipped:tiled_light_blue_stained_glass	ctm	chipped:block/tiled_light_blue_stained_glass	minecraft:block/cube_all	chipped:block/light_blue_stained_glass/tiled_light_blue_stained_glass	chipped:block/light_blue_stained_glass/ctm/tiled_light_blue_stained_glass_ctm/0	chipped:block/light_blue_stained_glass/ctm/tiled_light_blue_stained_glass_ctm/3	chipped:block/light_blue_stained_glass/ctm/tiled_light_blue_stained_glass_ctm/1	chipped:block/light_blue_stained_glass/ctm/tiled_light_blue_stained_glass_ctm/2	bd1fd2464d0d5e38559cd2251cafbcb035a184be828317386e130a947c8bd6ef
chipped:tiled_light_blue_stained_glass_pane	pane_ctm	chipped:block/tiled_light_blue_stained_glass_pane	minecraft:block/cube_all	chipped:block/light_blue_stained_glass/tiled_light_blue_stained_glass	chipped:block/light_blue_stained_glass/ctm/tiled_light_blue_stained_glass_ctm/0	chipped:block/light_blue_stained_glass/ctm/tiled_light_blue_stained_glass_ctm/3	chipped:block/light_blue_stained_glass/ctm/tiled_light_blue_stained_glass_ctm/1	chipped:block/light_blue_stained_glass/ctm/tiled_light_blue_stained_glass_ctm/2	bd1fd2464d0d5e38559cd2251cafbcb035a184be828317386e130a947c8bd6ef
chipped:tiled_light_gray_stained_glass	ctm	chipped:block/tiled_light_gray_stained_glass	minecraft:block/cube_all	chipped:block/light_gray_stained_glass/tiled_light_gray_stained_glass	chipped:block/light_gray_stained_glass/ctm/tiled_light_gray_stained_glass_ctm/0	chipped:block/light_gray_stained_glass/ctm/tiled_light_gray_stained_glass_ctm/3	chipped:block/light_gray_stained_glass/ctm/tiled_light_gray_stained_glass_ctm/1	chipped:block/light_gray_stained_glass/ctm/tiled_light_gray_stained_glass_ctm/2	3314192c25993b5ee5b3bbca6abd56e3763300dc3f81249e4e15a813f47f91bd
chipped:tiled_light_gray_stained_glass_pane	pane_ctm	chipped:block/tiled_light_gray_stained_glass_pane	minecraft:block/cube_all	chipped:block/light_gray_stained_glass/tiled_light_gray_stained_glass	chipped:block/light_gray_stained_glass/ctm/tiled_light_gray_stained_glass_ctm/0	chipped:block/light_gray_stained_glass/ctm/tiled_light_gray_stained_glass_ctm/3	chipped:block/light_gray_stained_glass/ctm/tiled_light_gray_stained_glass_ctm/1	chipped:block/light_gray_stained_glass/ctm/tiled_light_gray_stained_glass_ctm/2	3314192c25993b5ee5b3bbca6abd56e3763300dc3f81249e4e15a813f47f91bd
chipped:tiled_lime_stained_glass	ctm	chipped:block/tiled_lime_stained_glass	minecraft:block/cube_all	chipped:block/lime_stained_glass/tiled_lime_stained_glass	chipped:block/lime_stained_glass/ctm/tiled_lime_stained_glass_ctm/0	chipped:block/lime_stained_glass/ctm/tiled_lime_stained_glass_ctm/3	chipped:block/lime_stained_glass/ctm/tiled_lime_stained_glass_ctm/1	chipped:block/lime_stained_glass/ctm/tiled_lime_stained_glass_ctm/2	374859613f541a6cf447823d0d9302764db9491da2bf1bf827ab91da72fd6979
chipped:tiled_lime_stained_glass_pane	pane_ctm	chipped:block/tiled_lime_stained_glass_pane	minecraft:block/cube_all	chipped:block/lime_stained_glass/tiled_lime_stained_glass	chipped:block/lime_stained_glass/ctm/tiled_lime_stained_glass_ctm/0	chipped:block/lime_stained_glass/ctm/tiled_lime_stained_glass_ctm/3	chipped:block/lime_stained_glass/ctm/tiled_lime_stained_glass_ctm/1	chipped:block/lime_stained_glass/ctm/tiled_lime_stained_glass_ctm/2	374859613f541a6cf447823d0d9302764db9491da2bf1bf827ab91da72fd6979
chipped:tiled_lodestone_column	ctm	chipped:block/tiled_lodestone_column	minecraft:block/cube_all	chipped:block/lodestone/tiled_lodestone_column	chipped:block/lodestone/ctm/tiled_lodestone_column_ctm/0	chipped:block/lodestone/ctm/tiled_lodestone_column_ctm/3	chipped:block/lodestone/ctm/tiled_lodestone_column_ctm/1	chipped:block/lodestone/ctm/tiled_lodestone_column_ctm/2	6366a2885ccc904e45ac8e04a235243d8926f96096d3ea16cb8714f27648a3e6
chipped:tiled_magenta_stained_glass	ctm	chipped:block/tiled_magenta_stained_glass	minecraft:block/cube_all	chipped:block/magenta_stained_glass/tiled_magenta_stained_glass	chipped:block/magenta_stained_glass/ctm/tiled_magenta_stained_glass_ctm/0	chipped:block/magenta_stained_glass/ctm/tiled_magenta_stained_glass_ctm/3	chipped:block/magenta_stained_glass/ctm/tiled_magenta_stained_glass_ctm/1	chipped:block/magenta_stained_glass/ctm/tiled_magenta_stained_glass_ctm/2	6d5fddd5b2e83a29beb83ba966208e5bfc529775507ba94fc5a22e03c25c6d12
chipped:tiled_magenta_stained_glass_pane	pane_ctm	chipped:block/tiled_magenta_stained_glass_pane	minecraft:block/cube_all	chipped:block/magenta_stained_glass/tiled_magenta_stained_glass	chipped:block/magenta_stained_glass/ctm/tiled_magenta_stained_glass_ctm/0	chipped:block/magenta_stained_glass/ctm/tiled_magenta_stained_glass_ctm/3	chipped:block/magenta_stained_glass/ctm/tiled_magenta_stained_glass_ctm/1	chipped:block/magenta_stained_glass/ctm/tiled_magenta_stained_glass_ctm/2	6d5fddd5b2e83a29beb83ba966208e5bfc529775507ba94fc5a22e03c25c6d12
chipped:tiled_magma_block_column	ctm	chipped:block/tiled_magma_block_column	minecraft:block/cube_all	chipped:block/magma_block/tiled_magma_block_column	chipped:block/magma_block/ctm/tiled_magma_block_column_ctm/0	chipped:block/magma_block/ctm/tiled_magma_block_column_ctm/3	chipped:block/magma_block/ctm/tiled_magma_block_column_ctm/1	chipped:block/magma_block/ctm/tiled_magma_block_column_ctm/2	8dad2f4656e0bc2f957977962317f9607c5060b4041dd91a81edf621295726ee
chipped:tiled_mossy_cobblestone_column	ctm	chipped:block/tiled_mossy_cobblestone_column	minecraft:block/cube_all	chipped:block/mossy_cobblestone/tiled_mossy_cobblestone_column	chipped:block/mossy_cobblestone/ctm/tiled_mossy_cobblestone_column_ctm/0	chipped:block/mossy_cobblestone/ctm/tiled_mossy_cobblestone_column_ctm/3	chipped:block/mossy_cobblestone/ctm/tiled_mossy_cobblestone_column_ctm/1	chipped:block/mossy_cobblestone/ctm/tiled_mossy_cobblestone_column_ctm/2	2fcd863bfe1e2874ccd22f34ba68111e9758e926bc25041559c084e9766da3e2
chipped:tiled_mossy_stone_bricks_column	ctm	chipped:block/tiled_mossy_stone_bricks_column	minecraft:block/cube_all	chipped:block/mossy_stone_bricks/tiled_mossy_stone_bricks_column	chipped:block/mossy_stone_bricks/ctm/tiled_mossy_stone_bricks_column_ctm/0	chipped:block/mossy_stone_bricks/ctm/tiled_mossy_stone_bricks_column_ctm/3	chipped:block/mossy_stone_bricks/ctm/tiled_mossy_stone_bricks_column_ctm/1	chipped:block/mossy_stone_bricks/ctm/tiled_mossy_stone_bricks_column_ctm/2	0b84905874e3499c93c4870e9d7052614ea414444006257f927dd6fa37776043
chipped:tiled_mud_bricks_column	ctm	chipped:block/tiled_mud_bricks_column	minecraft:block/cube_all	chipped:block/mud_bricks/tiled_mud_bricks_column	chipped:block/mud_bricks/ctm/tiled_mud_bricks_column_ctm/0	chipped:block/mud_bricks/ctm/tiled_mud_bricks_column_ctm/3	chipped:block/mud_bricks/ctm/tiled_mud_bricks_column_ctm/1	chipped:block/mud_bricks/ctm/tiled_mud_bricks_column_ctm/2	abbb1864bd7321de74e799e2b695bdf401607bd2e77c54af32c0847a5534fb0a
chipped:tiled_mud_column	ctm	chipped:block/tiled_mud_column	minecraft:block/cube_all	chipped:block/mud/tiled_mud_column	chipped:block/mud/ctm/tiled_mud_column_ctm/0	chipped:block/mud/ctm/tiled_mud_column_ctm/3	chipped:block/mud/ctm/tiled_mud_column_ctm/1	chipped:block/mud/ctm/tiled_mud_column_ctm/2	453b40584fac184bc9e72b2270bcefdd483975d6f693049895d04946660d02bc
chipped:tiled_nether_bricks_column	ctm	chipped:block/tiled_nether_bricks_column	minecraft:block/cube_all	chipped:block/nether_bricks/tiled_nether_bricks_column	chipped:block/nether_bricks/ctm/tiled_nether_bricks_column_ctm/0	chipped:block/nether_bricks/ctm/tiled_nether_bricks_column_ctm/3	chipped:block/nether_bricks/ctm/tiled_nether_bricks_column_ctm/1	chipped:block/nether_bricks/ctm/tiled_nether_bricks_column_ctm/2	0446aac91a95b17245c17c748321cd2a6a06b0a9e19c6436f7371fb840ff6b18
chipped:tiled_netherrack_column	ctm	chipped:block/tiled_netherrack_column	minecraft:block/cube_all	chipped:block/netherrack/tiled_netherrack_column	chipped:block/netherrack/ctm/tiled_netherrack_column_ctm/0	chipped:block/netherrack/ctm/tiled_netherrack_column_ctm/3	chipped:block/netherrack/ctm/tiled_netherrack_column_ctm/1	chipped:block/netherrack/ctm/tiled_netherrack_column_ctm/2	78551f595886c57b36089c73d24548b30296b713c6aebf2532346b03cddde870
chipped:tiled_obsidian_column	ctm	chipped:block/tiled_obsidian_column	minecraft:block/cube_all	chipped:block/obsidian/tiled_obsidian_column	chipped:block/obsidian/ctm/tiled_obsidian_column_ctm/0	chipped:block/obsidian/ctm/tiled_obsidian_column_ctm/3	chipped:block/obsidian/ctm/tiled_obsidian_column_ctm/1	chipped:block/obsidian/ctm/tiled_obsidian_column_ctm/2	984cfc299d3c2f6b3c3593a609f6fd9bd39fab7ca3ecddea0825d73f9174dedc
chipped:tiled_orange_stained_glass	ctm	chipped:block/tiled_orange_stained_glass	minecraft:block/cube_all	chipped:block/orange_stained_glass/tiled_orange_stained_glass	chipped:block/orange_stained_glass/ctm/tiled_orange_stained_glass_ctm/0	chipped:block/orange_stained_glass/ctm/tiled_orange_stained_glass_ctm/3	chipped:block/orange_stained_glass/ctm/tiled_orange_stained_glass_ctm/1	chipped:block/orange_stained_glass/ctm/tiled_orange_stained_glass_ctm/2	24e52ad45beef520a10090c4ee2b4bff6569d7d92b46d697ee76a1e4603a62c0
chipped:tiled_orange_stained_glass_pane	pane_ctm	chipped:block/tiled_orange_stained_glass_pane	minecraft:block/cube_all	chipped:block/orange_stained_glass/tiled_orange_stained_glass	chipped:block/orange_stained_glass/ctm/tiled_orange_stained_glass_ctm/0	chipped:block/orange_stained_glass/ctm/tiled_orange_stained_glass_ctm/3	chipped:block/orange_stained_glass/ctm/tiled_orange_stained_glass_ctm/1	chipped:block/orange_stained_glass/ctm/tiled_orange_stained_glass_ctm/2	24e52ad45beef520a10090c4ee2b4bff6569d7d92b46d697ee76a1e4603a62c0
chipped:tiled_packed_ice_column	ctm	chipped:block/tiled_packed_ice_column	minecraft:block/cube_all	chipped:block/packed_ice/tiled_packed_ice_column	chipped:block/packed_ice/ctm/tiled_packed_ice_column_ctm/0	chipped:block/packed_ice/ctm/tiled_packed_ice_column_ctm/3	chipped:block/packed_ice/ctm/tiled_packed_ice_column_ctm/1	chipped:block/packed_ice/ctm/tiled_packed_ice_column_ctm/2	c01aa93d40b3fa48cf8500897c97422bb139fd2d6f6dc43f2d053cd46791aa03
chipped:tiled_packed_mud_column	ctm	chipped:block/tiled_packed_mud_column	minecraft:block/cube_all	chipped:block/packed_mud/tiled_packed_mud_column	chipped:block/packed_mud/ctm/tiled_packed_mud_column_ctm/0	chipped:block/packed_mud/ctm/tiled_packed_mud_column_ctm/3	chipped:block/packed_mud/ctm/tiled_packed_mud_column_ctm/1	chipped:block/packed_mud/ctm/tiled_packed_mud_column_ctm/2	7eb66cff398f4adb36f6b32a5f95b4d9384c6eb93b46841b2dd303d6837e6fdb
chipped:tiled_pink_stained_glass	ctm	chipped:block/tiled_pink_stained_glass	minecraft:block/cube_all	chipped:block/pink_stained_glass/tiled_pink_stained_glass	chipped:block/pink_stained_glass/ctm/tiled_pink_stained_glass_ctm/0	chipped:block/pink_stained_glass/ctm/tiled_pink_stained_glass_ctm/3	chipped:block/pink_stained_glass/ctm/tiled_pink_stained_glass_ctm/1	chipped:block/pink_stained_glass/ctm/tiled_pink_stained_glass_ctm/2	9fcfe2b9608630ad3445d01901fb23897cec66438382ee42b3fd03bb0e2e181a
chipped:tiled_pink_stained_glass_pane	pane_ctm	chipped:block/tiled_pink_stained_glass_pane	minecraft:block/cube_all	chipped:block/pink_stained_glass/tiled_pink_stained_glass	chipped:block/pink_stained_glass/ctm/tiled_pink_stained_glass_ctm/0	chipped:block/pink_stained_glass/ctm/tiled_pink_stained_glass_ctm/3	chipped:block/pink_stained_glass/ctm/tiled_pink_stained_glass_ctm/1	chipped:block/pink_stained_glass/ctm/tiled_pink_stained_glass_ctm/2	9fcfe2b9608630ad3445d01901fb23897cec66438382ee42b3fd03bb0e2e181a
chipped:tiled_prismarine_column	ctm	chipped:block/tiled_prismarine_column	minecraft:block/cube_all	chipped:block/prismarine/tiled_prismarine_column	chipped:block/prismarine/ctm/tiled_prismarine_column_ctm/0	chipped:block/prismarine/ctm/tiled_prismarine_column_ctm/3	chipped:block/prismarine/ctm/tiled_prismarine_column_ctm/1	chipped:block/prismarine/ctm/tiled_prismarine_column_ctm/2	bbc79bd6c60bece3eefb24538d8316ab78f9f9693e732352a066539fcaa539d1
chipped:tiled_purple_stained_glass	ctm	chipped:block/tiled_purple_stained_glass	minecraft:block/cube_all	chipped:block/purple_stained_glass/tiled_purple_stained_glass	chipped:block/purple_stained_glass/ctm/tiled_purple_stained_glass_ctm/0	chipped:block/purple_stained_glass/ctm/tiled_purple_stained_glass_ctm/3	chipped:block/purple_stained_glass/ctm/tiled_purple_stained_glass_ctm/1	chipped:block/purple_stained_glass/ctm/tiled_purple_stained_glass_ctm/2	3aff7bf8a6c5771eea1d63d5b4c82e371404f2e8d73af801ee444b617db691a0
chipped:tiled_purple_stained_glass_pane	pane_ctm	chipped:block/tiled_purple_stained_glass_pane	minecraft:block/cube_all	chipped:block/purple_stained_glass/tiled_purple_stained_glass	chipped:block/purple_stained_glass/ctm/tiled_purple_stained_glass_ctm/0	chipped:block/purple_stained_glass/ctm/tiled_purple_stained_glass_ctm/3	chipped:block/purple_stained_glass/ctm/tiled_purple_stained_glass_ctm/1	chipped:block/purple_stained_glass/ctm/tiled_purple_stained_glass_ctm/2	3aff7bf8a6c5771eea1d63d5b4c82e371404f2e8d73af801ee444b617db691a0
chipped:tiled_purpur_block_column	ctm	chipped:block/tiled_purpur_block_column	minecraft:block/cube_all	chipped:block/purpur_block/tiled_purpur_block_column	chipped:block/purpur_block/ctm/tiled_purpur_block_column_ctm/0	chipped:block/purpur_block/ctm/tiled_purpur_block_column_ctm/3	chipped:block/purpur_block/ctm/tiled_purpur_block_column_ctm/1	chipped:block/purpur_block/ctm/tiled_purpur_block_column_ctm/2	281065661114d3084684f8472a1247abd2df3e4f2c4f49e837edfca8fd2fa9a3
chipped:tiled_quartz_block_column	ctm	chipped:block/tiled_quartz_block_column	minecraft:block/cube_all	chipped:block/quartz_block/tiled_quartz_block_column	chipped:block/quartz_block/ctm/tiled_quartz_block_column_ctm/0	chipped:block/quartz_block/ctm/tiled_quartz_block_column_ctm/3	chipped:block/quartz_block/ctm/tiled_quartz_block_column_ctm/1	chipped:block/quartz_block/ctm/tiled_quartz_block_column_ctm/2	e29f56da15a964904f2466054495561c7b4374e5c28e7adfa20d3f610aeab539
chipped:tiled_raw_copper_block_column	ctm	chipped:block/tiled_raw_copper_block_column	minecraft:block/cube_all	chipped:block/raw_copper_block/tiled_raw_copper_block_column	chipped:block/raw_copper_block/ctm/tiled_raw_copper_block_column_ctm/0	chipped:block/raw_copper_block/ctm/tiled_raw_copper_block_column_ctm/3	chipped:block/raw_copper_block/ctm/tiled_raw_copper_block_column_ctm/1	chipped:block/raw_copper_block/ctm/tiled_raw_copper_block_column_ctm/2	db02f77969c823bfb78a1803d0ebe1465b031f58bfcd707fb3d940c7209d6bcb
chipped:tiled_raw_gold_block_column	ctm	chipped:block/tiled_raw_gold_block_column	minecraft:block/cube_all	chipped:block/raw_gold_block/tiled_raw_gold_block_column	chipped:block/raw_gold_block/ctm/tiled_raw_gold_block_column_ctm/0	chipped:block/raw_gold_block/ctm/tiled_raw_gold_block_column_ctm/3	chipped:block/raw_gold_block/ctm/tiled_raw_gold_block_column_ctm/1	chipped:block/raw_gold_block/ctm/tiled_raw_gold_block_column_ctm/2	4758fc824a28119dc41c77ac599b4b0457ee85b2d5edf6c89c1f9ed49107f8cb
chipped:tiled_raw_iron_block_column	ctm	chipped:block/tiled_raw_iron_block_column	minecraft:block/cube_all	chipped:block/raw_iron_block/tiled_raw_iron_block_column	chipped:block/raw_iron_block/ctm/tiled_raw_iron_block_column_ctm/0	chipped:block/raw_iron_block/ctm/tiled_raw_iron_block_column_ctm/3	chipped:block/raw_iron_block/ctm/tiled_raw_iron_block_column_ctm/1	chipped:block/raw_iron_block/ctm/tiled_raw_iron_block_column_ctm/2	d74d25d750616d2346b3d87851aae8aa546f289b169c8912efa9bf7307f18b9b
chipped:tiled_red_nether_bricks_column	ctm	chipped:block/tiled_red_nether_bricks_column	minecraft:block/cube_all	chipped:block/red_nether_bricks/tiled_red_nether_bricks_column	chipped:block/red_nether_bricks/ctm/tiled_red_nether_bricks_column_ctm/0	chipped:block/red_nether_bricks/ctm/tiled_red_nether_bricks_column_ctm/3	chipped:block/red_nether_bricks/ctm/tiled_red_nether_bricks_column_ctm/1	chipped:block/red_nether_bricks/ctm/tiled_red_nether_bricks_column_ctm/2	f2cd82fb3639f0c727cc7d6ca45901eb65c7d275e8ad2e72a7dbc6fd600e4647
chipped:tiled_red_sandstone_column	ctm	chipped:block/tiled_red_sandstone_column	minecraft:block/cube_all	chipped:block/red_sandstone/tiled_red_sandstone_column	chipped:block/red_sandstone/ctm/tiled_red_sandstone_column_ctm/0	chipped:block/red_sandstone/ctm/tiled_red_sandstone_column_ctm/3	chipped:block/red_sandstone/ctm/tiled_red_sandstone_column_ctm/1	chipped:block/red_sandstone/ctm/tiled_red_sandstone_column_ctm/2	99d452ec2aca52adec0ee97e43662d4cb664a61f75c88afe6798855a6df73c28
chipped:tiled_red_stained_glass	ctm	chipped:block/tiled_red_stained_glass	minecraft:block/cube_all	chipped:block/red_stained_glass/tiled_red_stained_glass	chipped:block/red_stained_glass/ctm/tiled_red_stained_glass_ctm/0	chipped:block/red_stained_glass/ctm/tiled_red_stained_glass_ctm/3	chipped:block/red_stained_glass/ctm/tiled_red_stained_glass_ctm/1	chipped:block/red_stained_glass/ctm/tiled_red_stained_glass_ctm/2	1f04f0e48dc8c02c09f263a13943d1f56c78a16c2ada3fcbf4757e5e826355c5
chipped:tiled_red_stained_glass_pane	pane_ctm	chipped:block/tiled_red_stained_glass_pane	minecraft:block/cube_all	chipped:block/red_stained_glass/tiled_red_stained_glass	chipped:block/red_stained_glass/ctm/tiled_red_stained_glass_ctm/0	chipped:block/red_stained_glass/ctm/tiled_red_stained_glass_ctm/3	chipped:block/red_stained_glass/ctm/tiled_red_stained_glass_ctm/1	chipped:block/red_stained_glass/ctm/tiled_red_stained_glass_ctm/2	1f04f0e48dc8c02c09f263a13943d1f56c78a16c2ada3fcbf4757e5e826355c5
chipped:tiled_redstone_block_column	ctm	chipped:block/tiled_redstone_block_column	minecraft:block/cube_all	chipped:block/redstone_block/tiled_redstone_block_column	chipped:block/redstone_block/ctm/tiled_redstone_block_column_ctm/0	chipped:block/redstone_block/ctm/tiled_redstone_block_column_ctm/3	chipped:block/redstone_block/ctm/tiled_redstone_block_column_ctm/1	chipped:block/redstone_block/ctm/tiled_redstone_block_column_ctm/2	f081e6cf24c4f68995d4f5f8ba4ae44d429221309a553ca89c63b345c69e1bd3
chipped:tiled_sandstone_column	ctm	chipped:block/tiled_sandstone_column	minecraft:block/cube_all	chipped:block/sandstone/tiled_sandstone_column	chipped:block/sandstone/ctm/tiled_sandstone_column_ctm/0	chipped:block/sandstone/ctm/tiled_sandstone_column_ctm/3	chipped:block/sandstone/ctm/tiled_sandstone_column_ctm/1	chipped:block/sandstone/ctm/tiled_sandstone_column_ctm/2	231293394330b5a5bd1e33972f3021d0bde46ef036a3ee312e52be158d6bb47c
chipped:tiled_smooth_stone_column	ctm	chipped:block/tiled_smooth_stone_column	minecraft:block/cube_all	chipped:block/smooth_stone/tiled_smooth_stone_column	chipped:block/smooth_stone/ctm/tiled_smooth_stone_column_ctm/0	chipped:block/smooth_stone/ctm/tiled_smooth_stone_column_ctm/3	chipped:block/smooth_stone/ctm/tiled_smooth_stone_column_ctm/1	chipped:block/smooth_stone/ctm/tiled_smooth_stone_column_ctm/2	8e72ce3557028d7698e8cb0093f788c1c5d6ec6b0ccf1b487743ea0953eba411
chipped:tiled_snow_block_column	ctm	chipped:block/tiled_snow_block_column	minecraft:block/cube_all	chipped:block/snow_block/tiled_snow_block_column	chipped:block/snow_block/ctm/tiled_snow_block_column_ctm/0	chipped:block/snow_block/ctm/tiled_snow_block_column_ctm/3	chipped:block/snow_block/ctm/tiled_snow_block_column_ctm/1	chipped:block/snow_block/ctm/tiled_snow_block_column_ctm/2	221d75c80b4e9433b607c42fceb2f7b67252eee19aa40601352000e1c75024fe
chipped:tiled_stone_column	ctm	chipped:block/tiled_stone_column	minecraft:block/cube_all	chipped:block/stone/tiled_stone_column	chipped:block/stone/ctm/tiled_stone_column_ctm/0	chipped:block/stone/ctm/tiled_stone_column_ctm/3	chipped:block/stone/ctm/tiled_stone_column_ctm/1	chipped:block/stone/ctm/tiled_stone_column_ctm/2	24808b0423fba414fdcde0b4a1c99902770f3b64b71825bca629012e396e120c
chipped:tiled_tuff_column	ctm	chipped:block/tiled_tuff_column	minecraft:block/cube_all	chipped:block/tuff/tiled_tuff_column	chipped:block/tuff/ctm/tiled_tuff_column_ctm/0	chipped:block/tuff/ctm/tiled_tuff_column_ctm/3	chipped:block/tuff/ctm/tiled_tuff_column_ctm/1	chipped:block/tuff/ctm/tiled_tuff_column_ctm/2	f09bf31081167898815f645a597378a4a9b1f9de66807a8d264b1b3f0510a733
chipped:tiled_white_stained_glass	ctm	chipped:block/tiled_white_stained_glass	minecraft:block/cube_all	chipped:block/white_stained_glass/tiled_white_stained_glass	chipped:block/white_stained_glass/ctm/tiled_white_stained_glass_ctm/0	chipped:block/white_stained_glass/ctm/tiled_white_stained_glass_ctm/3	chipped:block/white_stained_glass/ctm/tiled_white_stained_glass_ctm/1	chipped:block/white_stained_glass/ctm/tiled_white_stained_glass_ctm/2	d5ee1a0f410eab009e48cf3cd7aa04cd4d30eeb4ca03f8d4b3c977303df33d6f
chipped:tiled_white_stained_glass_pane	pane_ctm	chipped:block/tiled_white_stained_glass_pane	minecraft:block/cube_all	chipped:block/white_stained_glass/tiled_white_stained_glass	chipped:block/white_stained_glass/ctm/tiled_white_stained_glass_ctm/0	chipped:block/white_stained_glass/ctm/tiled_white_stained_glass_ctm/3	chipped:block/white_stained_glass/ctm/tiled_white_stained_glass_ctm/1	chipped:block/white_stained_glass/ctm/tiled_white_stained_glass_ctm/2	d5ee1a0f410eab009e48cf3cd7aa04cd4d30eeb4ca03f8d4b3c977303df33d6f
chipped:tiled_yellow_stained_glass	ctm	chipped:block/tiled_yellow_stained_glass	minecraft:block/cube_all	chipped:block/yellow_stained_glass/tiled_yellow_stained_glass	chipped:block/yellow_stained_glass/ctm/tiled_yellow_stained_glass_ctm/0	chipped:block/yellow_stained_glass/ctm/tiled_yellow_stained_glass_ctm/3	chipped:block/yellow_stained_glass/ctm/tiled_yellow_stained_glass_ctm/1	chipped:block/yellow_stained_glass/ctm/tiled_yellow_stained_glass_ctm/2	8430c9730e798c915e7946bde0765e5c5197b4fcaef99291397ee378e46d48c8
chipped:tiled_yellow_stained_glass_pane	pane_ctm	chipped:block/tiled_yellow_stained_glass_pane	minecraft:block/cube_all	chipped:block/yellow_stained_glass/tiled_yellow_stained_glass	chipped:block/yellow_stained_glass/ctm/tiled_yellow_stained_glass_ctm/0	chipped:block/yellow_stained_glass/ctm/tiled_yellow_stained_glass_ctm/3	chipped:block/yellow_stained_glass/ctm/tiled_yellow_stained_glass_ctm/1	chipped:block/yellow_stained_glass/ctm/tiled_yellow_stained_glass_ctm/2	8430c9730e798c915e7946bde0765e5c5197b4fcaef99291397ee378e46d48c8
chipped:tiny_brick_bordered_amethyst_block	ctm	chipped:block/tiny_brick_bordered_amethyst_block	minecraft:block/cube_all	chipped:block/amethyst_block/tiny_brick_bordered_amethyst_block	chipped:block/amethyst_block/ctm/common_textures/1	chipped:block/amethyst_block/ctm/common_textures/2	chipped:block/amethyst_block/ctm/tiny_brick_bordered_amethyst_block_ctm/1	chipped:block/amethyst_block/ctm/tiny_brick_bordered_amethyst_block_ctm/2	a43fe9894b6feeca1e9e0aec76ae4779453735214ae73af740f9c26745abba2c
chipped:tiny_brick_bordered_ancient_debris	ctm	chipped:block/tiny_brick_bordered_ancient_debris	minecraft:block/cube_all	chipped:block/ancient_debris/tiny_brick_bordered_ancient_debris	chipped:block/ancient_debris/ctm/common_textures/1	chipped:block/ancient_debris/ctm/common_textures/2	chipped:block/ancient_debris/ctm/tiny_brick_bordered_ancient_debris_ctm/1	chipped:block/ancient_debris/ctm/tiny_brick_bordered_ancient_debris_ctm/2	815f64ddcb4f9e7e2234ecfe401dea5532cf74ff73e55f042529ab635e76976e
chipped:tiny_brick_bordered_andesite	ctm	chipped:block/tiny_brick_bordered_andesite	minecraft:block/cube_all	chipped:block/andesite/tiny_brick_bordered_andesite	chipped:block/andesite/ctm/common_textures/1	chipped:block/andesite/ctm/common_textures/2	chipped:block/andesite/ctm/tiny_brick_bordered_andesite_ctm/1	chipped:block/andesite/ctm/tiny_brick_bordered_andesite_ctm/2	464dea24ad01ca9ef2a9f11ae067f5ad9c793f3d6436ec94784b95cdb166da02
chipped:tiny_brick_bordered_basalt	ctm	chipped:block/tiny_brick_bordered_basalt	minecraft:block/cube_all	chipped:block/basalt/tiny_brick_bordered_basalt	chipped:block/basalt/ctm/common_textures/1	chipped:block/basalt/ctm/tiny_brick_bordered_basalt_ctm/3	chipped:block/basalt/ctm/tiny_brick_bordered_basalt_ctm/1	chipped:block/basalt/ctm/tiny_brick_bordered_basalt_ctm/2	acae2370924f1549fb87dfafbde717fd1b4565356bce20bc9facfc747dd40921
chipped:tiny_brick_bordered_blackstone	ctm	chipped:block/tiny_brick_bordered_blackstone	minecraft:block/cube_all	chipped:block/blackstone/tiny_brick_bordered_blackstone	chipped:block/blackstone/ctm/common_textures/1	chipped:block/blackstone/ctm/tiny_brick_bordered_blackstone_ctm/3	chipped:block/blackstone/ctm/tiny_brick_bordered_blackstone_ctm/1	chipped:block/blackstone/ctm/tiny_brick_bordered_blackstone_ctm/2	8008358b813a524c955d28662336a5259fab44fdee5bedd8f4d799cb8d12aae1
chipped:tiny_brick_bordered_blue_ice	ctm	chipped:block/tiny_brick_bordered_blue_ice	minecraft:block/cube_all	chipped:block/blue_ice/tiny_brick_bordered_blue_ice	chipped:block/blue_ice/ctm/common_textures/1	chipped:block/blue_ice/ctm/common_textures/2	chipped:block/blue_ice/ctm/tiny_brick_bordered_blue_ice_ctm/1	chipped:block/blue_ice/ctm/tiny_brick_bordered_blue_ice_ctm/2	d37791ab63332fc40f008728d48b49136acdc9c5044035d04e0763532ba83cb8
chipped:tiny_brick_bordered_borderless_bricks	ctm	chipped:block/tiny_brick_bordered_borderless_bricks	minecraft:block/cube_all	chipped:block/borderless_bricks/tiny_brick_bordered_borderless_bricks	chipped:block/borderless_bricks/ctm/common_textures/1	chipped:block/borderless_bricks/ctm/common_textures/2	chipped:block/borderless_bricks/ctm/tiny_brick_bordered_borderless_bricks_ctm/1	chipped:block/borderless_bricks/ctm/tiny_brick_bordered_borderless_bricks_ctm/2	a7e8be17d33d97dbbc48b0844800133014f22b7b99c6d428bcf0efb195206469
chipped:tiny_brick_bordered_bricks	ctm	chipped:block/tiny_brick_bordered_bricks	minecraft:block/cube_all	chipped:block/bricks/tiny_brick_bordered_bricks	chipped:block/bricks/ctm/common_textures/1	chipped:block/bricks/ctm/tiny_brick_bordered_bricks_ctm/3	chipped:block/bricks/ctm/tiny_brick_bordered_bricks_ctm/1	chipped:block/bricks/ctm/tiny_brick_bordered_bricks_ctm/2	174ae468c43de25639d75d0c677b1a6d3da5b6577094447b787f09c2aba4bd24
chipped:tiny_brick_bordered_calcite	ctm	chipped:block/tiny_brick_bordered_calcite	minecraft:block/cube_all	chipped:block/calcite/tiny_brick_bordered_calcite	chipped:block/calcite/ctm/common_textures/1	chipped:block/calcite/ctm/common_textures/2	chipped:block/calcite/ctm/tiny_brick_bordered_calcite_ctm/1	chipped:block/calcite/ctm/tiny_brick_bordered_calcite_ctm/2	c70098d24353aaa7fd7df1edfac9fb2db6ac670c2c9c21d95ddd289929c29b4b
chipped:tiny_brick_bordered_clay	ctm	chipped:block/tiny_brick_bordered_clay	minecraft:block/cube_all	chipped:block/clay/tiny_brick_bordered_clay	chipped:block/clay/ctm/common_textures/1	chipped:block/clay/ctm/common_textures/2	chipped:block/clay/ctm/tiny_brick_bordered_clay_ctm/1	chipped:block/clay/ctm/tiny_brick_bordered_clay_ctm/2	1a8c7128b45713842c11808d07551b116832efd435d8d9a98bac00623146af7b
chipped:tiny_brick_bordered_coal_block	ctm	chipped:block/tiny_brick_bordered_coal_block	minecraft:block/cube_all	chipped:block/coal_block/tiny_brick_bordered_coal_block	chipped:block/coal_block/ctm/common_textures/1	chipped:block/coal_block/ctm/common_textures/2	chipped:block/coal_block/ctm/tiny_brick_bordered_coal_block_ctm/1	chipped:block/coal_block/ctm/tiny_brick_bordered_coal_block_ctm/2	0fef1d6f382d3ed719b494473266931ac91960f51e9001f3ae8e331794364f55
chipped:tiny_brick_bordered_cobblestone	ctm	chipped:block/tiny_brick_bordered_cobblestone	minecraft:block/cube_all	chipped:block/cobblestone/tiny_brick_bordered_cobblestone	chipped:block/cobblestone/ctm/common_textures/1	chipped:block/cobblestone/ctm/common_textures/2	chipped:block/cobblestone/ctm/tiny_brick_bordered_cobblestone_ctm/1	chipped:block/cobblestone/ctm/tiny_brick_bordered_cobblestone_ctm/2	0df7f09708d584b107e6668f2612bb81fd8d25745ff7cf8b19c9499adbbc8550
chipped:tiny_brick_bordered_crying_obsidian	ctm	chipped:block/tiny_brick_bordered_crying_obsidian	minecraft:block/cube_all	chipped:block/crying_obsidian/tiny_brick_bordered_crying_obsidian	chipped:block/crying_obsidian/ctm/common_textures/1	chipped:block/crying_obsidian/ctm/tiny_brick_bordered_crying_obsidian_ctm/3	chipped:block/crying_obsidian/ctm/tiny_brick_bordered_crying_obsidian_ctm/1	chipped:block/crying_obsidian/ctm/tiny_brick_bordered_crying_obsidian_ctm/2	f9f8ccd7ebdabdf4449ec2649b20fc508b3a94c0bf67463d9a190e1b60650e18
chipped:tiny_brick_bordered_dark_prismarine	ctm	chipped:block/tiny_brick_bordered_dark_prismarine	minecraft:block/cube_all	chipped:block/dark_prismarine/tiny_brick_bordered_dark_prismarine	chipped:block/dark_prismarine/ctm/common_textures/1	chipped:block/dark_prismarine/ctm/common_textures/2	chipped:block/dark_prismarine/ctm/tiny_brick_bordered_dark_prismarine_ctm/1	chipped:block/dark_prismarine/ctm/tiny_brick_bordered_dark_prismarine_ctm/2	865eeb9b8daf4eaf3e1744339846b36ca9a4d727e0740ed137b756935dec48c5
chipped:tiny_brick_bordered_deepslate	ctm	chipped:block/tiny_brick_bordered_deepslate	minecraft:block/cube_all	chipped:block/deepslate/tiny_brick_bordered_deepslate	chipped:block/deepslate/ctm/common_textures/1	chipped:block/deepslate/ctm/common_textures/2	chipped:block/deepslate/ctm/tiny_brick_bordered_deepslate_ctm/1	chipped:block/deepslate/ctm/tiny_brick_bordered_deepslate_ctm/2	77d40e59323a2929784c515dd2ea98863d26ad51d820e9ff988cc12999d3cd5e
chipped:tiny_brick_bordered_diorite	ctm	chipped:block/tiny_brick_bordered_diorite	minecraft:block/cube_all	chipped:block/diorite/tiny_brick_bordered_diorite	chipped:block/diorite/ctm/common_textures/1	chipped:block/diorite/ctm/common_textures/2	chipped:block/diorite/ctm/tiny_brick_bordered_diorite_ctm/1	chipped:block/diorite/ctm/tiny_brick_bordered_diorite_ctm/2	8d74eba090a12ea983d24bfef51636565149c9cac93802c8198c3d19611af21a
chipped:tiny_brick_bordered_dirt	ctm	chipped:block/tiny_brick_bordered_dirt	minecraft:block/cube_all	chipped:block/dirt/tiny_brick_bordered_dirt	chipped:block/dirt/ctm/tiny_brick_bordered_dirt_ctm/0	chipped:block/dirt/ctm/tiny_brick_bordered_dirt_ctm/3	chipped:block/dirt/ctm/tiny_brick_bordered_dirt_ctm/1	chipped:block/dirt/ctm/tiny_brick_bordered_dirt_ctm/2	34894a291198faf269ba219731009a9ef6efce36d874d9e1052c44a604f6df89
chipped:tiny_brick_bordered_dripstone_block	ctm	chipped:block/tiny_brick_bordered_dripstone_block	minecraft:block/cube_all	chipped:block/dripstone_block/tiny_brick_bordered_dripstone_block	chipped:block/dripstone_block/ctm/common_textures/1	chipped:block/dripstone_block/ctm/common_textures/2	chipped:block/dripstone_block/ctm/tiny_brick_bordered_dripstone_block_ctm/1	chipped:block/dripstone_block/ctm/tiny_brick_bordered_dripstone_block_ctm/2	ac551869d49b623472f55b16d1493d7c9fe5e65b514f6dbb2309d000b4747a2a
chipped:tiny_brick_bordered_end_stone	ctm	chipped:block/tiny_brick_bordered_end_stone	minecraft:block/cube_all	chipped:block/end_stone/tiny_brick_bordered_end_stone	chipped:block/end_stone/ctm/common_textures/1	chipped:block/end_stone/ctm/common_textures/2	chipped:block/end_stone/ctm/tiny_brick_bordered_end_stone_ctm/1	chipped:block/end_stone/ctm/tiny_brick_bordered_end_stone_ctm/2	523b335eaeab1663e0aa383c57a81a4b73b8a510e49f8721e4fdde7328a589c7
chipped:tiny_brick_bordered_gilded_blackstone	ctm	chipped:block/tiny_brick_bordered_gilded_blackstone	minecraft:block/cube_all	chipped:block/gilded_blackstone/tiny_brick_bordered_gilded_blackstone	chipped:block/gilded_blackstone/ctm/common_textures/1	chipped:block/gilded_blackstone/ctm/tiny_brick_bordered_gilded_blackstone_ctm/3	chipped:block/gilded_blackstone/ctm/tiny_brick_bordered_gilded_blackstone_ctm/1	chipped:block/gilded_blackstone/ctm/tiny_brick_bordered_gilded_blackstone_ctm/2	db45039737609820e0159c6382301c06fc0ac46c16d498c8887562265c20c2d0
chipped:tiny_brick_bordered_granite	ctm	chipped:block/tiny_brick_bordered_granite	minecraft:block/cube_all	chipped:block/granite/tiny_brick_bordered_granite	chipped:block/granite/ctm/common_textures/1	chipped:block/granite/ctm/common_textures/2	chipped:block/granite/ctm/tiny_brick_bordered_granite_ctm/1	chipped:block/granite/ctm/tiny_brick_bordered_granite_ctm/2	7d4cbe4b9506d3ae3d9ec99daa4a8b986ba9d7088c85343c226f37324c86bc43
chipped:tiny_brick_bordered_ice	ctm	chipped:block/tiny_brick_bordered_ice	minecraft:block/cube_all	chipped:block/ice/tiny_brick_bordered_ice	chipped:block/ice/ctm/common_textures/1	chipped:block/ice/ctm/common_textures/2	chipped:block/ice/ctm/tiny_brick_bordered_ice_ctm/1	chipped:block/ice/ctm/tiny_brick_bordered_ice_ctm/2	48406fdb336cbc0717c2d932b69ff7c95b1044cf7233f3ccb806f470d4161caa
chipped:tiny_brick_bordered_lapis_block	ctm	chipped:block/tiny_brick_bordered_lapis_block	minecraft:block/cube_all	chipped:block/lapis_block/tiny_brick_bordered_lapis_block	chipped:block/lapis_block/ctm/common_textures/1	chipped:block/lapis_block/ctm/common_textures/2	chipped:block/lapis_block/ctm/tiny_brick_bordered_lapis_block_ctm/1	chipped:block/lapis_block/ctm/tiny_brick_bordered_lapis_block_ctm/2	32b8ac4fa930347d433b249e8ad523ef8cf2848b0987b674b4ea832f32ad687d
chipped:tiny_brick_bordered_lodestone	ctm	chipped:block/tiny_brick_bordered_lodestone	minecraft:block/cube_all	chipped:block/lodestone/tiny_brick_bordered_lodestone	chipped:block/lodestone/ctm/common_textures/1	chipped:block/lodestone/ctm/common_textures/2	chipped:block/lodestone/ctm/tiny_brick_bordered_lodestone_ctm/1	chipped:block/lodestone/ctm/tiny_brick_bordered_lodestone_ctm/2	5f4a6f7537d32ae0fc629d91122c8cbdf7094328ac0978ad7622c39916000781
chipped:tiny_brick_bordered_magma_block	ctm	chipped:block/tiny_brick_bordered_magma_block	minecraft:block/cube_all	chipped:block/magma_block/tiny_brick_bordered_magma_block	chipped:block/magma_block/ctm/common_textures/1	chipped:block/magma_block/ctm/tiny_brick_bordered_magma_block_ctm/3	chipped:block/magma_block/ctm/tiny_brick_bordered_magma_block_ctm/1	chipped:block/magma_block/ctm/tiny_brick_bordered_magma_block_ctm/2	9c584ce82bfdf589bb80429e9089a401783f4354efeb9540570be87dd0f852c0
chipped:tiny_brick_bordered_mossy_cobblestone	ctm	chipped:block/tiny_brick_bordered_mossy_cobblestone	minecraft:block/cube_all	chipped:block/mossy_cobblestone/tiny_brick_bordered_mossy_cobblestone	chipped:block/mossy_cobblestone/ctm/common_textures/1	chipped:block/mossy_cobblestone/ctm/common_textures/2	chipped:block/mossy_cobblestone/ctm/tiny_brick_bordered_mossy_cobblestone_ctm/1	chipped:block/mossy_cobblestone/ctm/tiny_brick_bordered_mossy_cobblestone_ctm/2	d8a0b8305b818c0ae1db6d3838f53b082e798453a8e98801145acff43248b3af
chipped:tiny_brick_bordered_mossy_stone_bricks	ctm	chipped:block/tiny_brick_bordered_mossy_stone_bricks	minecraft:block/cube_all	chipped:block/mossy_stone_bricks/tiny_brick_bordered_mossy_stone_bricks	chipped:block/mossy_stone_bricks/ctm/common_textures/1	chipped:block/mossy_stone_bricks/ctm/common_textures/2	chipped:block/mossy_stone_bricks/ctm/tiny_brick_bordered_mossy_stone_bricks_ctm/1	chipped:block/mossy_stone_bricks/ctm/tiny_brick_bordered_mossy_stone_bricks_ctm/2	6abea5e29b2f3bd4c772596400e50f7905f30acc1b8f685d6d4c495232dd8a26
chipped:tiny_brick_bordered_nether_bricks	ctm	chipped:block/tiny_brick_bordered_nether_bricks	minecraft:block/cube_all	chipped:block/nether_bricks/tiny_brick_bordered_nether_bricks	chipped:block/nether_bricks/ctm/common_textures/1	chipped:block/nether_bricks/ctm/common_textures/2	chipped:block/nether_bricks/ctm/tiny_brick_bordered_nether_bricks_ctm/1	chipped:block/nether_bricks/ctm/tiny_brick_bordered_nether_bricks_ctm/2	ae7c88d12ac15ebc966271181cd36d6dcc7d69af957534460ea91e1411efd5ff
chipped:tiny_brick_bordered_netherrack	ctm	chipped:block/tiny_brick_bordered_netherrack	minecraft:block/cube_all	chipped:block/netherrack/tiny_brick_bordered_netherrack	chipped:block/netherrack/ctm/common_textures/1	chipped:block/netherrack/ctm/common_textures/2	chipped:block/netherrack/ctm/tiny_brick_bordered_netherrack_ctm/1	chipped:block/netherrack/ctm/tiny_brick_bordered_netherrack_ctm/2	058af3e220b07791d9c5c7ca855318a6410f3592299d39f8cfca920c0d3a191b
chipped:tiny_brick_bordered_obsidian	ctm	chipped:block/tiny_brick_bordered_obsidian	minecraft:block/cube_all	chipped:block/obsidian/tiny_brick_bordered_obsidian	chipped:block/obsidian/ctm/common_textures/1	chipped:block/obsidian/ctm/common_textures/2	chipped:block/obsidian/ctm/tiny_brick_bordered_obsidian_ctm/1	chipped:block/obsidian/ctm/tiny_brick_bordered_obsidian_ctm/2	1c307a06b8fd78c0e2edd03a0fc371d1ef2feddcd8685cdaab6c0002c51515bd
chipped:tiny_brick_bordered_packed_ice	ctm	chipped:block/tiny_brick_bordered_packed_ice	minecraft:block/cube_all	chipped:block/packed_ice/tiny_brick_bordered_packed_ice	chipped:block/packed_ice/ctm/common_textures/1	chipped:block/packed_ice/ctm/common_textures/2	chipped:block/packed_ice/ctm/tiny_brick_bordered_packed_ice_ctm/1	chipped:block/packed_ice/ctm/tiny_brick_bordered_packed_ice_ctm/2	4ad7d91dc2ec6519ebe12a5abcf9908d43258b3c49d4b4dc73a5340e923ad996
chipped:tiny_brick_bordered_prismarine	ctm	chipped:block/tiny_brick_bordered_prismarine	minecraft:block/cube_all	chipped:block/prismarine/tiny_brick_bordered_prismarine	chipped:block/prismarine/ctm/common_textures/1	chipped:block/prismarine/ctm/common_textures/2	chipped:block/prismarine/ctm/tiny_brick_bordered_prismarine_ctm/1	chipped:block/prismarine/ctm/tiny_brick_bordered_prismarine_ctm/2	a1a72460bfd73cb9ec694c9f93771060ac8cc81fcd502e488533a2638eee1320
chipped:tiny_brick_bordered_purpur_block	ctm	chipped:block/tiny_brick_bordered_purpur_block	minecraft:block/cube_all	chipped:block/purpur_block/tiny_brick_bordered_purpur_block	chipped:block/purpur_block/ctm/common_textures/1	chipped:block/purpur_block/ctm/common_textures/2	chipped:block/purpur_block/ctm/tiny_brick_bordered_purpur_block_ctm/1	chipped:block/purpur_block/ctm/tiny_brick_bordered_purpur_block_ctm/2	84f0f6241b2aff2970fc19c4c1fe633d5a315a1340854972ffed8611407da297
chipped:tiny_brick_bordered_quartz_block	ctm	chipped:block/tiny_brick_bordered_quartz_block	minecraft:block/cube_all	chipped:block/quartz_block/tiny_brick_bordered_quartz_block	chipped:block/quartz_block/ctm/common_textures/1	chipped:block/quartz_block/ctm/common_textures/2	chipped:block/quartz_block/ctm/tiny_brick_bordered_quartz_block_ctm/1	chipped:block/quartz_block/ctm/tiny_brick_bordered_quartz_block_ctm/2	a4625f8c3e05e25e642a3cb41a5249a5eb019bd118923765d9d886fad5692348
chipped:tiny_brick_bordered_raw_copper_block	ctm	chipped:block/tiny_brick_bordered_raw_copper_block	minecraft:block/cube_all	chipped:block/raw_copper_block/tiny_brick_bordered_raw_copper_block	chipped:block/raw_copper_block/ctm/tiny_brick_bordered_raw_copper_block_ctm/0	chipped:block/raw_copper_block/ctm/tiny_brick_bordered_raw_copper_block_ctm/3	chipped:block/raw_copper_block/ctm/tiny_brick_bordered_raw_copper_block_ctm/1	chipped:block/raw_copper_block/ctm/tiny_brick_bordered_raw_copper_block_ctm/2	36293b13af3290cf266e78a268c7b4a6d3035ad649312a4835da973231190e3b
chipped:tiny_brick_bordered_raw_gold_block	ctm	chipped:block/tiny_brick_bordered_raw_gold_block	minecraft:block/cube_all	chipped:block/raw_gold_block/tiny_brick_bordered_raw_gold_block	chipped:block/raw_gold_block/ctm/common_textures/1	chipped:block/raw_gold_block/ctm/common_textures/2	chipped:block/raw_gold_block/ctm/tiny_brick_bordered_raw_gold_block_ctm/1	chipped:block/raw_gold_block/ctm/tiny_brick_bordered_raw_gold_block_ctm/2	e618b957b80d01ea4b3e8f8f54ebaeb403ad05a8e5b5fdd964f8bbf786faea9e
chipped:tiny_brick_bordered_raw_iron_block	ctm	chipped:block/tiny_brick_bordered_raw_iron_block	minecraft:block/cube_all	chipped:block/raw_iron_block/tiny_brick_bordered_raw_iron_block	chipped:block/raw_iron_block/ctm/common_textures/1	chipped:block/raw_iron_block/ctm/common_textures/2	chipped:block/raw_iron_block/ctm/tiny_brick_bordered_raw_iron_block_ctm/1	chipped:block/raw_iron_block/ctm/tiny_brick_bordered_raw_iron_block_ctm/2	64ce4311b90d170e255bd2cc2d46828b49447d0f6eb0bed9c5f20520cf376bae
chipped:tiny_brick_bordered_red_nether_bricks	ctm	chipped:block/tiny_brick_bordered_red_nether_bricks	minecraft:block/cube_all	chipped:block/red_nether_bricks/tiny_brick_bordered_red_nether_bricks	chipped:block/red_nether_bricks/ctm/common_textures/1	chipped:block/red_nether_bricks/ctm/common_textures/2	chipped:block/red_nether_bricks/ctm/tiny_brick_bordered_red_nether_bricks_ctm/1	chipped:block/red_nether_bricks/ctm/tiny_brick_bordered_red_nether_bricks_ctm/2	5ff3201537bf65714410f615422f6db68b2594441dd0c4069ffca08b0cc03a4c
chipped:tiny_brick_bordered_red_sandstone	ctm	chipped:block/tiny_brick_bordered_red_sandstone	minecraft:block/cube_all	chipped:block/red_sandstone/tiny_brick_bordered_red_sandstone	chipped:block/red_sandstone/ctm/common_textures/1	chipped:block/red_sandstone/ctm/common_textures/2	chipped:block/red_sandstone/ctm/tiny_brick_bordered_red_sandstone_ctm/1	chipped:block/red_sandstone/ctm/tiny_brick_bordered_red_sandstone_ctm/2	fb3f7d6acbd154907c845f0e30ccc1c568f84dbfa7985b26982c2379d6ec6e5b
chipped:tiny_brick_bordered_redstone_block	ctm	chipped:block/tiny_brick_bordered_redstone_block	minecraft:block/cube_all	chipped:block/redstone_block/tiny_brick_bordered_redstone_block	chipped:block/redstone_block/ctm/common_textures/1	chipped:block/redstone_block/ctm/common_textures/2	chipped:block/redstone_block/ctm/tiny_brick_bordered_redstone_block_ctm/1	chipped:block/redstone_block/ctm/tiny_brick_bordered_redstone_block_ctm/2	c9e90f9374125c891d35376a6801eeff8a45fa520092588fcb6a591298c6fe35
chipped:tiny_brick_bordered_sandstone	ctm	chipped:block/tiny_brick_bordered_sandstone	minecraft:block/cube_all	chipped:block/sandstone/tiny_brick_bordered_sandstone	chipped:block/sandstone/ctm/common_textures/1	chipped:block/sandstone/ctm/common_textures/2	chipped:block/sandstone/ctm/tiny_brick_bordered_sandstone_ctm/1	chipped:block/sandstone/ctm/tiny_brick_bordered_sandstone_ctm/2	05ff1149dd1776ef9fe0bc31a6e3b96e4026dd21e0ae1899f10ce9984b1586ba
chipped:tiny_brick_bordered_smooth_stone	ctm	chipped:block/tiny_brick_bordered_smooth_stone	minecraft:block/cube_all	chipped:block/smooth_stone/tiny_brick_bordered_smooth_stone	chipped:block/smooth_stone/ctm/tiny_brick_bordered_smooth_stone_ctm/0	chipped:block/smooth_stone/ctm/tiny_brick_bordered_smooth_stone_ctm/3	chipped:block/smooth_stone/ctm/tiny_brick_bordered_smooth_stone_ctm/1	chipped:block/smooth_stone/ctm/tiny_brick_bordered_smooth_stone_ctm/2	4f0b25c54bc694dcd70774cd3640792adb171e0957d22bb176ff51e268809f44
chipped:tiny_brick_bordered_snow_block	ctm	chipped:block/tiny_brick_bordered_snow_block	minecraft:block/cube_all	chipped:block/snow_block/tiny_brick_bordered_snow_block	chipped:block/snow_block/ctm/common_textures/1	chipped:block/snow_block/ctm/common_textures/2	chipped:block/snow_block/ctm/tiny_brick_bordered_snow_block_ctm/1	chipped:block/snow_block/ctm/tiny_brick_bordered_snow_block_ctm/2	6c8639d426a6ac35b604527a038ca94e7db99505afb5818fa7a924915a138ea7
chipped:tiny_brick_bordered_stone	ctm	chipped:block/tiny_brick_bordered_stone	minecraft:block/cube_all	chipped:block/stone/tiny_brick_bordered_stone	chipped:block/stone/ctm/common_textures/1	chipped:block/stone/ctm/common_textures/2	chipped:block/stone/ctm/tiny_brick_bordered_stone_ctm/1	chipped:block/stone/ctm/tiny_brick_bordered_stone_ctm/2	720d2d81b0f2fb6a27f376121edb619d5470bcf357494dfc58e9121ebbd47e02
chipped:tiny_brick_bordered_tuff	ctm	chipped:block/tiny_brick_bordered_tuff	minecraft:block/cube_all	chipped:block/tuff/tiny_brick_bordered_tuff	chipped:block/tuff/ctm/common_textures/1	chipped:block/tuff/ctm/common_textures/2	chipped:block/tuff/ctm/tiny_brick_bordered_tuff_ctm/1	chipped:block/tuff/ctm/tiny_brick_bordered_tuff_ctm/2	fea3be901cb2781b1a4e7f5bc1869c5b437621fffb7b331d98cb8ada12a280ec
chipped:warped_planks_panel	ctm	chipped:block/warped_planks_panel	minecraft:block/cube_all	chipped:block/warped_planks/warped_planks_panel	chipped:block/warped_planks/ctm/warped_planks_panel_ctm/0	chipped:block/warped_planks/ctm/warped_planks_panel_ctm/3	chipped:block/warped_planks/ctm/warped_planks_panel_ctm/1	chipped:block/warped_planks/ctm/warped_planks_panel_ctm/2	caeb06a221c79aeb165efedbce59d70eeeb91457f712e809882c1183a76ca869
chipped:whirlwind_acacia_planks	ctm	chipped:block/whirlwind_acacia_planks	minecraft:block/cube_all	chipped:block/acacia_planks/whirlwind_acacia_planks	chipped:block/acacia_planks/ctm/whirlwind_acacia_planks_ctm/0	chipped:block/acacia_planks/ctm/whirlwind_acacia_planks_ctm/3	chipped:block/acacia_planks/ctm/whirlwind_acacia_planks_ctm/1	chipped:block/acacia_planks/ctm/whirlwind_acacia_planks_ctm/2	e7abee4743c912deecd6a269289cff3e2f7e7f7487217c56d645195da27d9676
chipped:whirlwind_bamboo_planks	ctm	chipped:block/whirlwind_bamboo_planks	minecraft:block/cube_all	chipped:block/bamboo_planks/whirlwind_bamboo_planks	chipped:block/bamboo_planks/ctm/whirlwind_bamboo_planks_ctm/0	chipped:block/bamboo_planks/ctm/whirlwind_bamboo_planks_ctm/3	chipped:block/bamboo_planks/ctm/whirlwind_bamboo_planks_ctm/1	chipped:block/bamboo_planks/ctm/whirlwind_bamboo_planks_ctm/2	67ba35443e9cc624b2c7dc5ad13c097b3ebc17a9653dec9b256963d5463c7a7b
chipped:whirlwind_birch_planks	ctm	chipped:block/whirlwind_birch_planks	minecraft:block/cube_all	chipped:block/birch_planks/whirlwind_birch_planks	chipped:block/birch_planks/ctm/whirlwind_birch_planks_ctm/0	chipped:block/birch_planks/ctm/whirlwind_birch_planks_ctm/3	chipped:block/birch_planks/ctm/whirlwind_birch_planks_ctm/1	chipped:block/birch_planks/ctm/whirlwind_birch_planks_ctm/2	ace28b31a2db4e36c87bc1c6f7ee9ed4ddf109d1da290fc6d86f4a93586af7cd
chipped:whirlwind_cherry_planks	ctm	chipped:block/whirlwind_cherry_planks	minecraft:block/cube_all	chipped:block/cherry_planks/whirlwind_cherry_planks	chipped:block/cherry_planks/ctm/whirlwind_cherry_planks_ctm/0	chipped:block/cherry_planks/ctm/whirlwind_cherry_planks_ctm/3	chipped:block/cherry_planks/ctm/whirlwind_cherry_planks_ctm/1	chipped:block/cherry_planks/ctm/whirlwind_cherry_planks_ctm/2	c999b0cc5607bdb21c2a26c00597674253011698cf146de0efe002e8268aa309
chipped:whirlwind_crimson_planks	ctm	chipped:block/whirlwind_crimson_planks	minecraft:block/cube_all	chipped:block/crimson_planks/whirlwind_crimson_planks	chipped:block/crimson_planks/ctm/whirlwind_crimson_planks_ctm/0	chipped:block/crimson_planks/ctm/whirlwind_crimson_planks_ctm/3	chipped:block/crimson_planks/ctm/whirlwind_crimson_planks_ctm/1	chipped:block/crimson_planks/ctm/whirlwind_crimson_planks_ctm/2	8782f6ed162a8d108222ee867f20a33fc1b463f668171615aef2838023069aba
chipped:whirlwind_dark_oak_planks	ctm	chipped:block/whirlwind_dark_oak_planks	minecraft:block/cube_all	chipped:block/dark_oak_planks/whirlwind_dark_oak_planks	chipped:block/dark_oak_planks/ctm/whirlwind_dark_oak_planks_ctm/0	chipped:block/dark_oak_planks/ctm/whirlwind_dark_oak_planks_ctm/3	chipped:block/dark_oak_planks/ctm/whirlwind_dark_oak_planks_ctm/1	chipped:block/dark_oak_planks/ctm/whirlwind_dark_oak_planks_ctm/2	5fd5f358743e53f4124b8dd28752c7e1ad36d342091d684af729ef8745a9d5c8
chipped:whirlwind_jungle_planks	ctm	chipped:block/whirlwind_jungle_planks	minecraft:block/cube_all	chipped:block/jungle_planks/whirlwind_jungle_planks	chipped:block/jungle_planks/ctm/whirlwind_jungle_planks_ctm/0	chipped:block/jungle_planks/ctm/whirlwind_jungle_planks_ctm/3	chipped:block/jungle_planks/ctm/whirlwind_jungle_planks_ctm/1	chipped:block/jungle_planks/ctm/whirlwind_jungle_planks_ctm/2	d249fb9f4b9284926c04a4db08ad4265b1a0b0d492ec439f93fe89c0535bfb8c
chipped:whirlwind_oak_planks	ctm	chipped:block/whirlwind_oak_planks	minecraft:block/cube_all	chipped:block/oak_planks/whirlwind_oak_planks	chipped:block/oak_planks/ctm/whirlwind_oak_planks_ctm/0	chipped:block/oak_planks/ctm/whirlwind_oak_planks_ctm/3	chipped:block/oak_planks/ctm/whirlwind_oak_planks_ctm/1	chipped:block/oak_planks/ctm/whirlwind_oak_planks_ctm/2	337a4b6dbbee51b485a7df74b85faa9ea212b569dd515cc16d562b5cce15dc4b
chipped:whirlwind_spruce_planks	ctm	chipped:block/whirlwind_spruce_planks	minecraft:block/cube_all	chipped:block/spruce_planks/whirlwind_spruce_planks	chipped:block/spruce_planks/ctm/whirlwind_spruce_planks_ctm/0	chipped:block/spruce_planks/ctm/whirlwind_spruce_planks_ctm/3	chipped:block/spruce_planks/ctm/whirlwind_spruce_planks_ctm/1	chipped:block/spruce_planks/ctm/whirlwind_spruce_planks_ctm/2	757389217a616d8a8fd8dc410a837597ec41300a1f00ddf3b417417e906e8f3e
chipped:whirlwind_warped_planks	ctm	chipped:block/whirlwind_warped_planks	minecraft:block/cube_all	chipped:block/warped_planks/whirlwind_warped_planks	chipped:block/warped_planks/ctm/whirlwind_warped_planks_ctm/0	chipped:block/warped_planks/ctm/whirlwind_warped_planks_ctm/3	chipped:block/warped_planks/ctm/whirlwind_warped_planks_ctm/1	chipped:block/warped_planks/ctm/whirlwind_warped_planks_ctm/2	f4c73a62d979fe4006a4d9214914b0744c91ef8d32fa676c24251a27c351e7fe
chipped:white_concrete_panel	ctm	chipped:block/white_concrete_panel	minecraft:block/cube_all	chipped:block/white_concrete/white_concrete_panel	chipped:block/white_concrete/ctm/common_textures/0	chipped:block/white_concrete/ctm/white_concrete_panel_ctm/3	chipped:block/white_concrete/ctm/white_concrete_panel_ctm/1	chipped:block/white_concrete/ctm/white_concrete_panel_ctm/2	2cac33e8806bb417f2cf5c7f2811b27741e8c55a9f634b3ededce25728f62715
chipped:white_concrete_pillar	pillar	chipped:block/white_concrete_pillar	minecraft:block/cube_column	chipped:block/white_concrete/white_concrete_pillar	chipped:block/white_concrete/ctm/white_concrete_pillar/0	chipped:block/white_concrete/ctm/white_concrete_pillar/1	chipped:block/white_concrete/ctm/common_textures/1	chipped:block/white_concrete/ctm/white_concrete_pillar/3	31849b72372991ea6b8a8c869a02aed6008e6b91230423a2a9bdfae924fbf788
chipped:white_terracotta_column	pillar	chipped:block/white_terracotta_column	minecraft:block/cube_column	chipped:block/white_terracotta/white_terracotta_column	chipped:block/white_terracotta/ctm/white_terracotta_column/0	chipped:block/white_terracotta/ctm/white_terracotta_column/1	chipped:block/white_terracotta/ctm/white_terracotta_column/2	chipped:block/white_terracotta/ctm/white_terracotta_column/3	de4b6d19c3790196b24eaa13a64629437b7b2f841ae7a21732fd63fe61a33b23
chipped:white_terracotta_pillar	pillar	chipped:block/white_terracotta_pillar	minecraft:block/cube_column	chipped:block/white_terracotta/white_terracotta_pillar	chipped:block/white_terracotta/ctm/white_terracotta_pillar/0	chipped:block/white_terracotta/ctm/white_terracotta_pillar/1	chipped:block/white_terracotta/ctm/white_terracotta_pillar/2	chipped:block/white_terracotta/ctm/white_terracotta_pillar/3	56e2c7b305958790508a66e82fdf3c60229431460f71d08afdea4f520c41472c
chipped:wired_black_concrete	ctm	chipped:block/wired_black_concrete	minecraft:block/cube_all	chipped:block/black_concrete/wired_black_concrete	chipped:block/black_concrete/ctm/wired_black_concrete_ctm/0	chipped:block/black_concrete/ctm/wired_black_concrete_ctm/3	chipped:block/black_concrete/ctm/wired_black_concrete_ctm/1	chipped:block/black_concrete/ctm/wired_black_concrete_ctm/2	9e7b4975b3e2de21a76bf7e9a469ac05bcfb77f50cb6561b1adbf698e9f5e73d
chipped:wired_blue_concrete	ctm	chipped:block/wired_blue_concrete	minecraft:block/cube_all	chipped:block/blue_concrete/wired_blue_concrete	chipped:block/blue_concrete/ctm/wired_blue_concrete_ctm/0	chipped:block/blue_concrete/ctm/wired_blue_concrete_ctm/3	chipped:block/blue_concrete/ctm/wired_blue_concrete_ctm/1	chipped:block/blue_concrete/ctm/wired_blue_concrete_ctm/2	91d4e4bad35b4f555b5ffe84ff83b028899de29868e50207d22c69ebf3b92e3e
chipped:wired_brown_concrete	ctm	chipped:block/wired_brown_concrete	minecraft:block/cube_all	chipped:block/brown_concrete/wired_brown_concrete	chipped:block/brown_concrete/ctm/wired_brown_concrete_ctm/0	chipped:block/brown_concrete/ctm/wired_brown_concrete_ctm/3	chipped:block/brown_concrete/ctm/wired_brown_concrete_ctm/1	chipped:block/brown_concrete/ctm/wired_brown_concrete_ctm/2	f7cdcd1886e6993ff79365689dbae3165f9054f8739a3bac76a3d03d81914b9d
chipped:wired_cyan_concrete	ctm	chipped:block/wired_cyan_concrete	minecraft:block/cube_all	chipped:block/cyan_concrete/wired_cyan_concrete	chipped:block/cyan_concrete/ctm/wired_cyan_concrete_ctm/0	chipped:block/cyan_concrete/ctm/wired_cyan_concrete_ctm/3	chipped:block/cyan_concrete/ctm/wired_cyan_concrete_ctm/1	chipped:block/cyan_concrete/ctm/wired_cyan_concrete_ctm/2	20a34083bc18e35607eb074351407c1e31d3345e49e2f1ec5bba4d0eccaff60f
chipped:wired_gray_concrete	ctm	chipped:block/wired_gray_concrete	minecraft:block/cube_all	chipped:block/gray_concrete/wired_gray_concrete	chipped:block/gray_concrete/ctm/wired_gray_concrete_ctm/0	chipped:block/gray_concrete/ctm/wired_gray_concrete_ctm/3	chipped:block/gray_concrete/ctm/wired_gray_concrete_ctm/1	chipped:block/gray_concrete/ctm/wired_gray_concrete_ctm/2	b612a95bac7eb2acf85054b54137cbed51057bd2a51d63176c59a6e8612710bf
chipped:wired_green_concrete	ctm	chipped:block/wired_green_concrete	minecraft:block/cube_all	chipped:block/green_concrete/wired_green_concrete	chipped:block/green_concrete/ctm/wired_green_concrete_ctm/0	chipped:block/green_concrete/ctm/wired_green_concrete_ctm/3	chipped:block/green_concrete/ctm/wired_green_concrete_ctm/1	chipped:block/green_concrete/ctm/wired_green_concrete_ctm/2	a70f20fc4aa470b66fa57d3bd158a2549364fe9d7ecb197513d71b3d055e29e5
chipped:wired_light_blue_concrete	ctm	chipped:block/wired_light_blue_concrete	minecraft:block/cube_all	chipped:block/light_blue_concrete/wired_light_blue_concrete	chipped:block/light_blue_concrete/ctm/wired_light_blue_concrete_ctm/0	chipped:block/light_blue_concrete/ctm/wired_light_blue_concrete_ctm/3	chipped:block/light_blue_concrete/ctm/wired_light_blue_concrete_ctm/1	chipped:block/light_blue_concrete/ctm/wired_light_blue_concrete_ctm/2	cb336dcd15167f32079335af924e704e4b6e873c822fa555539a0a45212c8749
chipped:wired_light_gray_concrete	ctm	chipped:block/wired_light_gray_concrete	minecraft:block/cube_all	chipped:block/light_gray_concrete/wired_light_gray_concrete	chipped:block/light_gray_concrete/ctm/wired_light_gray_concrete_ctm/0	chipped:block/light_gray_concrete/ctm/wired_light_gray_concrete_ctm/3	chipped:block/light_gray_concrete/ctm/wired_light_gray_concrete_ctm/1	chipped:block/light_gray_concrete/ctm/wired_light_gray_concrete_ctm/2	d608bec9d634a6e997d33c3a153ce3dfc61bd1bef5a446bc09a39885f9274dbe
chipped:wired_lime_concrete	ctm	chipped:block/wired_lime_concrete	minecraft:block/cube_all	chipped:block/lime_concrete/wired_lime_concrete	chipped:block/lime_concrete/ctm/wired_lime_concrete_ctm/0	chipped:block/lime_concrete/ctm/wired_lime_concrete_ctm/3	chipped:block/lime_concrete/ctm/wired_lime_concrete_ctm/1	chipped:block/lime_concrete/ctm/wired_lime_concrete_ctm/2	6979140bdcd6602e0ce1168a08e36e3be110d5f300957313dbc6c766d55074e4
chipped:wired_magenta_concrete	ctm	chipped:block/wired_magenta_concrete	minecraft:block/cube_all	chipped:block/magenta_concrete/wired_magenta_concrete	chipped:block/magenta_concrete/ctm/wired_magenta_concrete_ctm/0	chipped:block/magenta_concrete/ctm/wired_magenta_concrete_ctm/3	chipped:block/magenta_concrete/ctm/wired_magenta_concrete_ctm/1	chipped:block/magenta_concrete/ctm/wired_magenta_concrete_ctm/2	fd7fab43af88d682fa876b8a6060dea50107eec787bc48ddaf9aa7282502444b
chipped:wired_orange_concrete	ctm	chipped:block/wired_orange_concrete	minecraft:block/cube_all	chipped:block/orange_concrete/wired_orange_concrete	chipped:block/orange_concrete/ctm/wired_orange_concrete_ctm/0	chipped:block/orange_concrete/ctm/wired_orange_concrete_ctm/3	chipped:block/orange_concrete/ctm/wired_orange_concrete_ctm/1	chipped:block/orange_concrete/ctm/wired_orange_concrete_ctm/2	ef6e82d899900b1e3af24d31d40ad34bb8a6ff8669cb525ee75fdd4efe803f4a
chipped:wired_pink_concrete	ctm	chipped:block/wired_pink_concrete	minecraft:block/cube_all	chipped:block/pink_concrete/wired_pink_concrete	chipped:block/pink_concrete/ctm/wired_pink_concrete_ctm/0	chipped:block/pink_concrete/ctm/wired_pink_concrete_ctm/3	chipped:block/pink_concrete/ctm/wired_pink_concrete_ctm/1	chipped:block/pink_concrete/ctm/wired_pink_concrete_ctm/2	6e1de9f1b041fb31c9eeda0e29f27782a8449b3017f9e2512fc177367df53c81
chipped:wired_purple_concrete	ctm	chipped:block/wired_purple_concrete	minecraft:block/cube_all	chipped:block/purple_concrete/wired_purple_concrete	chipped:block/purple_concrete/ctm/wired_purple_concrete_ctm/0	chipped:block/purple_concrete/ctm/wired_purple_concrete_ctm/3	chipped:block/purple_concrete/ctm/wired_purple_concrete_ctm/1	chipped:block/purple_concrete/ctm/wired_purple_concrete_ctm/2	cea98c6a601e1a73bc937234122da4db86573f39a6206ea7d4d42efebb636223
chipped:wired_red_concrete	ctm	chipped:block/wired_red_concrete	minecraft:block/cube_all	chipped:block/red_concrete/wired_red_concrete	chipped:block/red_concrete/ctm/wired_red_concrete_ctm/0	chipped:block/red_concrete/ctm/wired_red_concrete_ctm/3	chipped:block/red_concrete/ctm/wired_red_concrete_ctm/1	chipped:block/red_concrete/ctm/wired_red_concrete_ctm/2	a17e3fc10d1b1c8a4d334011c39904880cdb81d995982f5b4d3f744e7cf74e44
chipped:wired_white_concrete	ctm	chipped:block/wired_white_concrete	minecraft:block/cube_all	chipped:block/white_concrete/wired_white_concrete	chipped:block/white_concrete/ctm/wired_white_concrete_ctm/0	chipped:block/white_concrete/ctm/wired_white_concrete_ctm/3	chipped:block/white_concrete/ctm/wired_white_concrete_ctm/1	chipped:block/white_concrete/ctm/wired_white_concrete_ctm/2	a1498851c0068eb117c9b1ce441f4e7db2adbd660e2cc9d9c38a6f3f73ec78ab
chipped:wired_yellow_concrete	ctm	chipped:block/wired_yellow_concrete	minecraft:block/cube_all	chipped:block/yellow_concrete/wired_yellow_concrete	chipped:block/yellow_concrete/ctm/wired_yellow_concrete_ctm/0	chipped:block/yellow_concrete/ctm/wired_yellow_concrete_ctm/3	chipped:block/yellow_concrete/ctm/wired_yellow_concrete_ctm/1	chipped:block/yellow_concrete/ctm/wired_yellow_concrete_ctm/2	a53d6753594c63e677a4485697859fdf34ef53c0676d6e318c08cfa20f8e54da
chipped:yellow_concrete_panel	ctm	chipped:block/yellow_concrete_panel	minecraft:block/cube_all	chipped:block/yellow_concrete/yellow_concrete_panel	chipped:block/yellow_concrete/ctm/common_textures/0	chipped:block/yellow_concrete/ctm/yellow_concrete_panel_ctm/3	chipped:block/yellow_concrete/ctm/yellow_concrete_panel_ctm/1	chipped:block/yellow_concrete/ctm/yellow_concrete_panel_ctm/2	cb601606478ddbea9ffc83a37e152907266946f854a2c5295cbee0f1402435f7
chipped:yellow_concrete_pillar	pillar	chipped:block/yellow_concrete_pillar	minecraft:block/cube_column	chipped:block/yellow_concrete/yellow_concrete_pillar	chipped:block/yellow_concrete/ctm/yellow_concrete_pillar/0	chipped:block/yellow_concrete/ctm/yellow_concrete_pillar/1	chipped:block/yellow_concrete/ctm/common_textures/1	chipped:block/yellow_concrete/ctm/yellow_concrete_pillar/3	ae065eb20afc8cc691060758cff90f90ba8a7c899a68428b6810912488def83b
chipped:yellow_terracotta_column	pillar	chipped:block/yellow_terracotta_column	minecraft:block/cube_column	chipped:block/yellow_terracotta/yellow_terracotta_column	chipped:block/yellow_terracotta/ctm/yellow_terracotta_column/0	chipped:block/yellow_terracotta/ctm/yellow_terracotta_column/1	chipped:block/yellow_terracotta/ctm/yellow_terracotta_column/2	chipped:block/yellow_terracotta/ctm/yellow_terracotta_column/3	a86dc227a6c13ae88db77419dd3420b1df87bd3a07b138682e6760de73c8b62d
chipped:yellow_terracotta_pillar	pillar	chipped:block/yellow_terracotta_pillar	minecraft:block/cube_column	chipped:block/yellow_terracotta/yellow_terracotta_pillar	chipped:block/yellow_terracotta/ctm/yellow_terracotta_pillar/0	chipped:block/yellow_terracotta/ctm/yellow_terracotta_pillar/1	chipped:block/yellow_terracotta/ctm/yellow_terracotta_pillar/2	chipped:block/yellow_terracotta/ctm/yellow_terracotta_pillar/3	b81dfbc121a8001da3ff57e3ee5e9058bb877962e22cd55b8827848277634bb3
